{"version":"0.4","title":"JP &#8211; Iklan","type":"page","content":[{"id":"4cb3f4ce","settings":{"hide_desktop":"hidden-desktop","hide_tablet":"hidden-tablet","hide_mobile":"hidden-phone"},"elements":[{"id":"226226f8","settings":{"_column_size":100,"_inline_size":null},"elements":[{"id":"2d5c6a8a","settings":{"title":"Jual Karpet Lapangan Badminton","header_size":"h1"},"elements":[],"isInner":false,"widgetType":"heading","elType":"widget"}],"isInner":false,"elType":"column"}],"isInner":false,"elType":"section"},{"id":"28df0669","settings":{"layout":"full_width","gap":"no","margin":{"unit":"px","top":"-3","right":0,"bottom":"0","left":0,"isLinked":false}},"elements":[{"id":"2856a68a","settings":{"_column_size":100,"_inline_size":null},"elements":[{"id":"340d5f4f","settings":{"slides":[{"heading":"Jual Karpet <span class=\"blok\">Lapangan Badminton<\/span>","description":"Kami jual karpet badminton berbagai merek dengan kualitas nomor #1 dan harga yang sangat terjangkau.","button_text":"","background_color":"#833ca3","_id":"67b32d4","background_image":{"url":"[uc_local]jual-karpet-lapangan-badminton-baru-min-1.jpg","id":""},"background_overlay":"yes","content_color":"#FFFFFF","background_overlay_color":"#0000008C"},{"heading":"Jasa Pembuatan <span class=\"blok\">Lapangan Badminton<\/span>","description":"Solusi tepat Pembuatan Lapangan Badminton Berstandar Internasional dengan Harga yang Hemat.","button_text":"","background_color":"#4054b2","_id":"f765b7b","background_image":{"url":"[uc_local]jual-karpet-lapangan-badminton-terbaru-min.jpg","id":""},"background_overlay":"yes","background_overlay_color":"#0000008C"},{"heading":"Distributor <span class=\"blok\">Karpet Badminton<\/span>","description":"Kami menyediakan produk dengan bahan yang berkualitas, terlengkap dan harga yang terjangkau diantara yang lain.","button_text":"","background_color":"#1abc9c","background_image":{"url":"[uc_local]jasa-pembuatan-lapangan-badminton-baru-min.jpg","id":""},"background_overlay":"yes","background_overlay_color":"#00000080","_id":"068422e"}],"content_max_width":{"unit":"%","size":78,"sizes":[]},"heading_typography_typography":"custom","heading_typography_font_family":"Quicksand","heading_typography_font_size":{"unit":"px","size":40,"sizes":[]},"heading_typography_font_weight":"800","description_typography_typography":"custom","description_typography_font_family":"Quicksand","description_typography_font_weight":"600","heading_spacing":{"unit":"px","size":15,"sizes":[]},"description_typography_font_size":{"unit":"px","size":20,"sizes":[]},"slides_height_mobile":{"unit":"px","size":275,"sizes":[]},"content_max_width_tablet":{"unit":"%","size":90,"sizes":[]},"content_max_width_mobile":{"unit":"%","size":100,"sizes":[]},"heading_typography_font_size_mobile":{"unit":"px","size":27,"sizes":[]},"description_typography_font_size_mobile":{"unit":"px","size":14,"sizes":[]},"arrows_size":{"unit":"px","size":20,"sizes":[]},"custom_css":"selector .elementor-slide-description {margin:0;}\nselector .blok {color:yellow;}"},"elements":[],"isInner":false,"widgetType":"slides","elType":"widget"}],"isInner":false,"elType":"column"}],"isInner":false,"elType":"section"},{"id":"71721101","settings":{"background_background":"classic","background_color":"#E8FFFB","padding":{"unit":"px","top":"40","right":"0","bottom":"20","left":"0","isLinked":false}},"elements":[{"id":"6d9d204f","settings":{"_column_size":100,"_inline_size":null},"elements":[{"id":"15e7479c","settings":{"title":"PRODUK KAMI","align":"center","title_color":"#0AAC8E","typography_typography":"custom","typography_font_family":"Quicksand","typography_font_weight":"800","header_size":"p","typography_font_size":{"unit":"px","size":30,"sizes":[]},"typography_font_size_tablet":{"unit":"px","size":25,"sizes":[]},"typography_font_size_mobile":{"unit":"px","size":25,"sizes":[]}},"elements":[],"isInner":false,"widgetType":"heading","elType":"widget"}],"isInner":false,"elType":"column"}],"isInner":false,"elType":"section"},{"id":"3c5d0df3","settings":{"gap":"extended","structure":"20","background_background":"classic","background_color":"#E8FFFB","margin":{"unit":"px","top":"0","right":0,"bottom":"0","left":0,"isLinked":false},"padding":{"unit":"px","top":"0","right":"0","bottom":"30","left":"0","isLinked":false},"custom_css":"selector .elementor-row {box-shadow: 0 0 17px -9px rgba(0,0,0,.5);border-radius: 10px;}\n\n}","padding_tablet":{"unit":"px","top":"10","right":"10","bottom":"10","left":"10","isLinked":false}},"elements":[{"id":"21edba06","settings":{"_column_size":50,"_inline_size":34.556,"background_background":"classic","background_color":"#FFFFFF","box_shadow_box_shadow":{"horizontal":0,"vertical":0,"blur":30,"spread":-10,"color":"rgba(0,0,0,0.5)"},"border_radius":{"unit":"px","top":"10","right":"0","bottom":"0","left":"10","isLinked":false},"_inline_size_tablet":100,"border_radius_tablet":{"unit":"px","top":"10","right":"10","bottom":"0","left":"0","isLinked":false}},"elements":[{"id":"e55216d","settings":{"title":"Karpet Badminton Vinyl","align":"left","title_color":"#0AAC8E","typography_typography":"custom","typography_font_family":"Quicksand","typography_font_size":{"unit":"px","size":28,"sizes":[]},"typography_font_weight":"800","typography_line_height":{"unit":"em","size":1.4,"sizes":[]},"_margin":{"unit":"px","top":"5","right":"0","bottom":"0","left":"0","isLinked":false},"link":{"url":"https:\/\/www.jasapembuatanlapangan.id\/karpet-vinyl-lapangan-badminton\/","is_external":"","nofollow":"","custom_attributes":""}},"elements":[],"isInner":false,"widgetType":"heading","elType":"widget"},{"id":"708becc3","settings":{"text_color":"#333333","typography_typography":"custom","typography_font_family":"Quicksand","typography_font_size":{"unit":"px","size":15,"sizes":[]},"typography_font_weight":"500","editor":"<p>Vinyl atau biasa disebut karpet memiliki bahasa ilmiah Poly Vinyl Carbonate. Biasa digunakan untuk olahraga badminton, futsal, basket, hingga voli khususnya untuk Lapangan indoor. Berbahan dasar karet yang bersifat elastis , lentur, solid, dan kuat.<\/p><p><strong>Spesifikasi<\/strong><\/p><ul><li>Tebal : 4,5 - 5,5 mm (bisa custom)<\/li><li>Keawetan : 8 - 10 tahun<\/li><li>Tersedia berbagai macam warna<\/li><li>Tersedia merk : Enlio, Flypower, Lining<\/li><\/ul>","typography_line_height":{"unit":"em","size":1.3,"sizes":[]},"_margin":{"unit":"px","top":"-5","right":"0","bottom":"-10","left":"0","isLinked":false},"custom_css":"selector ul {margin-top:-15px;}","typography_font_size_mobile":{"unit":"px","size":15,"sizes":[]}},"elements":[],"isInner":false,"widgetType":"text-editor","elType":"widget"}],"isInner":false,"elType":"column"},{"id":"796fd4fe","settings":{"_column_size":50,"_inline_size":65.444,"background_background":"classic","background_color":"#FFFFFF","box_shadow_box_shadow":{"horizontal":0,"vertical":0,"blur":30,"spread":-10,"color":"rgba(0,0,0,0.5)"},"border_radius":{"unit":"px","top":"0","right":"10","bottom":"10","left":"0","isLinked":false},"_inline_size_tablet":100,"border_radius_tablet":{"unit":"px","top":"0","right":"0","bottom":"10","left":"10","isLinked":false}},"elements":[{"id":"7e9fe145","settings":{"structure":"30","background_background":"classic","background_color":"#FFD8D800","margin":{"unit":"px","top":"0","right":0,"bottom":"0","left":0,"isLinked":false},"custom_css":"selector .elementor-row {box-shadow: none!important}","margin_tablet":{"unit":"px","top":"-30","right":0,"bottom":"0","left":0,"isLinked":false},"margin_mobile":{"unit":"px","top":"-20","right":0,"bottom":"0","left":0,"isLinked":false}},"elements":[{"id":"168ab208","settings":{"_column_size":33,"_inline_size":null},"elements":[{"id":"ecc9395","settings":{"carousel":[{"id":"","url":"[uc_local]d-sand-min.jpg"},{"id":"","url":"[uc_local]d-sand-1-min.jpg"}],"thumbnail_size":"medium_large","slides_to_show":"1","image_stretch":"yes","navigation":"arrows","autoplay":"no","arrows_size":{"unit":"px","size":20,"sizes":[]}},"elements":[],"isInner":false,"widgetType":"image-carousel","elType":"widget"},{"id":"36ce9a3b","settings":{"title":"Sand","header_size":"p","align":"center","title_color":"#0AAC8E","typography_typography":"custom","typography_font_family":"Quicksand","typography_font_weight":"800","_margin":{"unit":"px","top":"-15","right":"0","bottom":"0","left":"0","isLinked":false},"align_mobile":"center"},"elements":[],"isInner":false,"widgetType":"heading","elType":"widget"},{"id":"77033a26","settings":{"editor":"<p>Permukaan kasar, biasa jenis ini digunakan untuk prestasi atau ajang kompetisi.<\/p>","align":"center","text_color":"#333333","typography_typography":"custom","typography_font_family":"Quicksand","typography_font_size":{"unit":"px","size":12,"sizes":[]},"typography_font_weight":"600","_margin":{"unit":"px","top":"-15","right":"0","bottom":"-15","left":"0","isLinked":false},"align_mobile":"center"},"elements":[],"isInner":false,"widgetType":"text-editor","elType":"widget"}],"isInner":true,"elType":"column"},{"id":"7d564630","settings":{"_column_size":33,"_inline_size":null},"elements":[{"id":"491f418c","settings":{"carousel":[{"id":"","url":"[uc_local]germ-min.jpg"},{"id":"","url":"[uc_local]germ-1-min.jpg"}],"thumbnail_size":"medium_large","slides_to_show":"1","image_stretch":"yes","navigation":"arrows","autoplay":"no","arrows_size":{"unit":"px","size":20,"sizes":[]}},"elements":[],"isInner":false,"widgetType":"image-carousel","elType":"widget"},{"id":"5912f335","settings":{"title":"Germ","header_size":"p","align":"center","title_color":"#0AAC8E","typography_typography":"custom","typography_font_family":"Quicksand","typography_font_weight":"800","_margin":{"unit":"px","top":"-15","right":"0","bottom":"0","left":"0","isLinked":false}},"elements":[],"isInner":false,"widgetType":"heading","elType":"widget"},{"id":"30ae4b64","settings":{"editor":"<p>Permukaan antara kasar dan halus, biasanya digunakan untuk kebutuhan pribadi \/ estetik<\/p>","align":"center","text_color":"#333333","typography_typography":"custom","typography_font_family":"Quicksand","typography_font_size":{"unit":"px","size":12,"sizes":[]},"typography_font_weight":"600","_margin":{"unit":"px","top":"-15","right":"0","bottom":"-15","left":"0","isLinked":false}},"elements":[],"isInner":false,"widgetType":"text-editor","elType":"widget"}],"isInner":true,"elType":"column"},{"id":"11eb34ed","settings":{"_column_size":33,"_inline_size":null},"elements":[{"id":"168c449a","settings":{"carousel":[{"id":"","url":"[uc_local]liche-min.jpg"},{"id":"","url":"[uc_local]lyche-min.jpg"}],"thumbnail_size":"medium_large","slides_to_show":"1","image_stretch":"yes","navigation":"arrows","autoplay":"no","arrows_size":{"unit":"px","size":20,"sizes":[]}},"elements":[],"isInner":false,"widgetType":"image-carousel","elType":"widget"},{"id":"9667936","settings":{"title":"Lyche","header_size":"p","align":"center","title_color":"#0AAC8E","typography_typography":"custom","typography_font_family":"Quicksand","typography_font_weight":"800","_margin":{"unit":"px","top":"-15","right":"0","bottom":"0","left":"0","isLinked":false}},"elements":[],"isInner":false,"widgetType":"heading","elType":"widget"},{"id":"38cb9a24","settings":{"editor":"<p>Permukaan seperti kulit jeruk, lebih halus dari sand, bisa digunakan untuk pemula maupun lansia.<\/p>","align":"center","text_color":"#333333","typography_typography":"custom","typography_font_family":"Quicksand","typography_font_size":{"unit":"px","size":12,"sizes":[]},"typography_font_weight":"600","_margin":{"unit":"px","top":"-15","right":"0","bottom":"-15","left":"0","isLinked":false}},"elements":[],"isInner":false,"widgetType":"text-editor","elType":"widget"}],"isInner":true,"elType":"column"}],"isInner":true,"elType":"section"}],"isInner":false,"elType":"column"}],"isInner":false,"elType":"section"},{"id":"20e80462","settings":{"gap":"extended","structure":"20","background_background":"classic","background_color":"#E8FFFB","margin":{"unit":"px","top":"0","right":0,"bottom":"0","left":0,"isLinked":false},"padding":{"unit":"px","top":"0","right":"0","bottom":"30","left":"0","isLinked":false},"custom_css":"selector .elementor-row {box-shadow: 0 0 17px -9px rgba(0,0,0,.5);border-radius: 10px;}","padding_tablet":{"unit":"px","top":"10","right":"10","bottom":"10","left":"10","isLinked":false}},"elements":[{"id":"5d9fe68e","settings":{"_column_size":50,"_inline_size":50,"background_background":"classic","background_color":"#FFFFFF","box_shadow_box_shadow":{"horizontal":0,"vertical":0,"blur":30,"spread":-10,"color":"rgba(0,0,0,0.5)"},"border_radius":{"unit":"px","top":"10","right":"0","bottom":"0","left":"10","isLinked":false},"_inline_size_tablet":100,"border_radius_tablet":{"unit":"px","top":"10","right":"10","bottom":"0","left":"0","isLinked":false}},"elements":[{"id":"ca517b9","settings":{"title":"Karpet Badminton Interlock","align":"left","title_color":"#0AAC8E","typography_typography":"custom","typography_font_family":"Quicksand","typography_font_size":{"unit":"px","size":28,"sizes":[]},"typography_font_weight":"800","typography_line_height":{"unit":"em","size":1.4,"sizes":[]},"_margin":{"unit":"px","top":"5","right":"0","bottom":"0","left":"0","isLinked":false}},"elements":[],"isInner":false,"widgetType":"heading","elType":"widget"},{"id":"427b7515","settings":{"text_color":"#333333","typography_typography":"custom","typography_font_family":"Quicksand","typography_font_size":{"unit":"px","size":15,"sizes":[]},"typography_font_weight":"500","editor":"<p>Interlock merupakan bahan yang terbuat dari Polypropylene. Sifat bahan ini tergolong kaku, namun multifungsi. Bahan ini bisa digunakan untuk lapangan indoor maupun outdoor. Menggunakan struktur interlocking, agar gampang di bongkar pasang.<\/p>\n<p>Misalnya saja lapangan olahraga badminton, futsal, basket, voli hingga mini soccer. Interlock memiliki 2 jenis bahan untuk lapangan indoor maupun lapangan outdoor.<\/p>\n<p><strong>Spesifikasi :<\/strong><\/p>\n<ul>\n<li>Tebal : 1 cm<\/li>\n<li>Keawetan : 8 - 10 tahun<\/li>\n<li>Tersedia berbagai macam warna<\/li>\n<\/ul>","typography_line_height":{"unit":"em","size":1.3,"sizes":[]},"_margin":{"unit":"px","top":"-5","right":"0","bottom":"-10","left":"0","isLinked":false},"custom_css":"selector ul {margin-top:-15px;}","typography_font_size_mobile":{"unit":"px","size":15,"sizes":[]}},"elements":[],"isInner":false,"widgetType":"text-editor","elType":"widget"}],"isInner":false,"elType":"column"},{"id":"cc94a4d","settings":{"_column_size":50,"_inline_size":50,"background_background":"classic","background_color":"#FFFFFF","box_shadow_box_shadow":{"horizontal":0,"vertical":0,"blur":30,"spread":-10,"color":"rgba(0,0,0,0.5)"},"border_radius":{"unit":"px","top":"0","right":"10","bottom":"10","left":"0","isLinked":false},"_inline_size_tablet":100,"border_radius_tablet":{"unit":"px","top":"0","right":"0","bottom":"10","left":"10","isLinked":false}},"elements":[{"id":"15478749","settings":{"structure":"20","background_background":"classic","background_color":"#FFD8D800","margin":{"unit":"px","top":"0","right":0,"bottom":"0","left":0,"isLinked":false},"custom_css":"selector .elementor-row {box-shadow: none!important}","margin_tablet":{"unit":"px","top":"-30","right":0,"bottom":"0","left":0,"isLinked":false}},"elements":[{"id":"58babc4d","settings":{"_column_size":50,"_inline_size":null},"elements":[{"id":"232886d5","settings":{"carousel":[{"id":"","url":"[uc_local]interlock-indoor-2-min-1.jpg"},{"id":"","url":"[uc_local]interlock-indoor-1-min.jpg"}],"thumbnail_size":"medium_large","slides_to_show":"1","image_stretch":"yes","navigation":"arrows","autoplay":"no","arrows_size":{"unit":"px","size":20,"sizes":[]}},"elements":[],"isInner":false,"widgetType":"image-carousel","elType":"widget"},{"id":"75b63b31","settings":{"title":"Interlock Indoor","header_size":"p","align":"center","title_color":"#0AAC8E","typography_typography":"custom","typography_font_family":"Quicksand","typography_font_weight":"800","_margin":{"unit":"px","top":"-12","right":"0","bottom":"0","left":"0","isLinked":false},"typography_font_size":{"unit":"px","size":18,"sizes":[]}},"elements":[],"isInner":false,"widgetType":"heading","elType":"widget"},{"id":"29a21b5c","settings":{"editor":"<p>Terdapat kuncian di tepian ujung setiap kotakan lantai, Harus terhindar dari cahaya matahari agar warna tidak pudar dan gampang pecah.<\/p>","align":"center","text_color":"#333333","typography_typography":"custom","typography_font_family":"Quicksand","typography_font_size":{"unit":"px","size":12,"sizes":[]},"typography_font_weight":"600","_margin":{"unit":"px","top":"-13","right":"0","bottom":"-15","left":"0","isLinked":false},"typography_line_height":{"unit":"em","size":1.4,"sizes":[]}},"elements":[],"isInner":false,"widgetType":"text-editor","elType":"widget"}],"isInner":true,"elType":"column"},{"id":"24b2abd1","settings":{"_column_size":50,"_inline_size":null},"elements":[{"id":"5b6a1643","settings":{"carousel":[{"id":"","url":"[uc_local]interlock-outdoor-min.jpg"},{"id":"","url":"[uc_local]interlock-outdoor-1-min.jpg"}],"thumbnail_size":"medium_large","slides_to_show":"1","image_stretch":"yes","navigation":"arrows","autoplay":"no","arrows_size":{"unit":"px","size":20,"sizes":[]}},"elements":[],"isInner":false,"widgetType":"image-carousel","elType":"widget"},{"id":"527f62ad","settings":{"title":"Interlock Outdoor","header_size":"p","align":"center","title_color":"#0AAC8E","typography_typography":"custom","typography_font_family":"Quicksand","typography_font_weight":"800","_margin":{"unit":"px","top":"-12","right":"0","bottom":"0","left":"0","isLinked":false},"typography_font_size":{"unit":"px","size":18,"sizes":[]}},"elements":[],"isInner":false,"widgetType":"heading","elType":"widget"},{"id":"1bd7ca1e","settings":{"editor":"<p>Bahan lebih lentur, Memiliki pori untuk air hujan agar tidak tergenang. Bantalan karet menjaga stabilitas lapangan. Aman dari sinar matahari.<\/p>","align":"center","text_color":"#333333","typography_typography":"custom","typography_font_family":"Quicksand","typography_font_size":{"unit":"px","size":12,"sizes":[]},"typography_font_weight":"600","_margin":{"unit":"px","top":"-13","right":"0","bottom":"-15","left":"0","isLinked":false},"typography_line_height":{"unit":"em","size":1.4,"sizes":[]}},"elements":[],"isInner":false,"widgetType":"text-editor","elType":"widget"}],"isInner":true,"elType":"column"}],"isInner":true,"elType":"section"}],"isInner":false,"elType":"column"}],"isInner":false,"elType":"section"},{"id":"351da6b8","settings":{"gap":"extended","structure":"20","background_background":"classic","background_color":"#E8FFFB","margin":{"unit":"px","top":"0","right":0,"bottom":"0","left":0,"isLinked":false},"padding":{"unit":"px","top":"0","right":"0","bottom":"50","left":"0","isLinked":false},"custom_css":"selector .elementor-row {box-shadow: 0 0 17px -9px rgba(0,0,0,.5);border-radius: 10px;}","padding_tablet":{"unit":"px","top":"10","right":"10","bottom":"40","left":"10","isLinked":false}},"elements":[{"id":"6535a31","settings":{"_column_size":50,"_inline_size":50.1,"background_background":"classic","background_color":"#FFFFFF","box_shadow_box_shadow":{"horizontal":0,"vertical":0,"blur":30,"spread":-10,"color":"rgba(0,0,0,0.5)"},"border_radius":{"unit":"px","top":"10","right":"0","bottom":"0","left":"10","isLinked":false},"_inline_size_tablet":100,"border_radius_tablet":{"unit":"px","top":"10","right":"10","bottom":"0","left":"0","isLinked":false}},"elements":[{"id":"682b955c","settings":{"title":"Jasa Pengecatan Lapangan Badminton (Flexi Pave)","align":"left","title_color":"#0AAC8E","typography_typography":"custom","typography_font_family":"Quicksand","typography_font_size":{"unit":"px","size":28,"sizes":[]},"typography_font_weight":"800","typography_line_height":{"unit":"em","size":1.4,"sizes":[]},"_margin":{"unit":"px","top":"5","right":"0","bottom":"0","left":"0","isLinked":false},"link":{"url":"https:\/\/www.jasapembuatanlapangan.id\/jasa-pengecatan-lapangan-badminton\/","is_external":"","nofollow":"","custom_attributes":""}},"elements":[],"isInner":false,"widgetType":"heading","elType":"widget"},{"id":"79861520","settings":{"text_color":"#333333","typography_typography":"custom","typography_font_family":"Quicksand","typography_font_size":{"unit":"px","size":15,"sizes":[]},"typography_font_weight":"500","editor":"<p>Flexi Pave merupakan produk pelapisan permukaan lapangan olahraga yang diformulasikan untuk lapangan yang memiliki lapisan aspal ataupun beton. Biasanya digunakan pada permukaan lapangan badminton, futsal, basket, voli hingga mini soccer. Baik lapangan indoor maupun outdoor.<\/p><p><strong>Spesifikasi<\/strong><\/p><ul><li>Tipe cat : waterbased<\/li><li>Tebal : kurleb 10 cm<\/li><li>Tersedia berbagai macam warna<\/li><\/ul>","typography_line_height":{"unit":"em","size":1.3,"sizes":[]},"_margin":{"unit":"px","top":"-5","right":"0","bottom":"-10","left":"0","isLinked":false},"custom_css":"selector ul {margin-top:-15px;}","typography_font_size_mobile":{"unit":"px","size":15,"sizes":[]}},"elements":[],"isInner":false,"widgetType":"text-editor","elType":"widget"}],"isInner":false,"elType":"column"},{"id":"2daa27af","settings":{"_column_size":50,"_inline_size":49.9,"background_background":"classic","background_color":"#FFFFFF","box_shadow_box_shadow":{"horizontal":0,"vertical":0,"blur":30,"spread":-10,"color":"rgba(0,0,0,0.5)"},"border_radius":{"unit":"px","top":"0","right":"10","bottom":"10","left":"0","isLinked":false},"_inline_size_tablet":100,"border_radius_tablet":{"unit":"px","top":"0","right":"0","bottom":"10","left":"10","isLinked":false}},"elements":[{"id":"58e0ff39","settings":{"structure":"20","background_background":"classic","background_color":"#FFD8D800","margin":{"unit":"px","top":"0","right":0,"bottom":"0","left":0,"isLinked":false},"custom_css":"selector .elementor-row {box-shadow: none!important}","margin_tablet":{"unit":"px","top":"-30","right":0,"bottom":"0","left":0,"isLinked":false}},"elements":[{"id":"2002e84a","settings":{"_column_size":50,"_inline_size":null},"elements":[{"id":"55684311","settings":{"carousel":[{"id":"","url":"[uc_local]flexy-pave-sillica-min.jpg"},{"id":"","url":"[uc_local]flexy-pave-sillica-1-min.jpg"}],"thumbnail_size":"medium_large","slides_to_show":"1","image_stretch":"yes","navigation":"arrows","autoplay":"no","arrows_size":{"unit":"px","size":20,"sizes":[]}},"elements":[],"isInner":false,"widgetType":"image-carousel","elType":"widget"},{"id":"49caf067","settings":{"title":"With Sillica","header_size":"p","align":"center","title_color":"#0AAC8E","typography_typography":"custom","typography_font_family":"Quicksand","typography_font_weight":"800","_margin":{"unit":"px","top":"-15","right":"0","bottom":"0","left":"0","isLinked":false}},"elements":[],"isInner":false,"widgetType":"heading","elType":"widget"},{"id":"473308a4","settings":{"editor":"<p>Menggunakan cat Tennokote dan pasir Sillica, Permukaan kasar.<\/p>","align":"center","text_color":"#333333","typography_typography":"custom","typography_font_family":"Quicksand","typography_font_size":{"unit":"px","size":13,"sizes":[]},"typography_font_weight":"600","_margin":{"unit":"px","top":"-15","right":"0","bottom":"-15","left":"0","isLinked":false}},"elements":[],"isInner":false,"widgetType":"text-editor","elType":"widget"}],"isInner":true,"elType":"column"},{"id":"60af7cfb","settings":{"_column_size":50,"_inline_size":null},"elements":[{"id":"71578b5f","settings":{"carousel":[{"id":"","url":"[uc_local]flexy-pave-min.jpg"},{"id":"","url":"[uc_local]flexy-pave-1-min.jpg"}],"thumbnail_size":"medium_large","slides_to_show":"1","image_stretch":"yes","navigation":"arrows","autoplay":"no","arrows_size":{"unit":"px","size":20,"sizes":[]}},"elements":[],"isInner":false,"widgetType":"image-carousel","elType":"widget"},{"id":"72cffa57","settings":{"title":"Non Sillica","header_size":"p","align":"center","title_color":"#0AAC8E","typography_typography":"custom","typography_font_family":"Quicksand","typography_font_weight":"800","_margin":{"unit":"px","top":"-15","right":"0","bottom":"0","left":"0","isLinked":false}},"elements":[],"isInner":false,"widgetType":"heading","elType":"widget"},{"id":"1e20e706","settings":{"editor":"<p>Menggunakan cat Tennokote, Permukaan lebih halus.<\/p>","align":"center","text_color":"#333333","typography_typography":"custom","typography_font_family":"Quicksand","typography_font_size":{"unit":"px","size":13,"sizes":[]},"typography_font_weight":"600","_margin":{"unit":"px","top":"-15","right":"0","bottom":"-15","left":"0","isLinked":false}},"elements":[],"isInner":false,"widgetType":"text-editor","elType":"widget"}],"isInner":true,"elType":"column"}],"isInner":true,"elType":"section"}],"isInner":false,"elType":"column"}],"isInner":false,"elType":"section"},{"id":"4e24033b","settings":{"background_background":"classic","background_color":"#FFFFFF","padding":{"unit":"px","top":"40","right":"0","bottom":"20","left":"0","isLinked":false}},"elements":[{"id":"570d5355","settings":{"_column_size":100,"_inline_size":null},"elements":[{"id":"2993e8c7","settings":{"title":"Tips Memilih Karpet Lapangan Yang Wajib Anda Tahu!","align":"center","title_color":"#0AAC8E","typography_typography":"custom","typography_font_family":"Quicksand","typography_font_weight":"800","typography_line_height_mobile":{"unit":"em","size":1.3,"sizes":[]},"_margin_mobile":{"unit":"px","top":"0","right":"0","bottom":"-10","left":"0","isLinked":false}},"elements":[],"isInner":false,"widgetType":"heading","elType":"widget"},{"id":"4c650724","settings":{"structure":"20"},"elements":[{"id":"3753810f","settings":{"_column_size":50,"_inline_size":50},"elements":[{"id":"36e20932","settings":{"icon_list":[{"text":"<b>Karpet Sudah Tersertifikasi BWF<\/b><br>Sehingga kualitas karpet terjamin dan aman digunakan untuk berbagai pertandingan.","selected_icon":{"value":"fas fa-certificate","library":"fa-solid"},"_id":"69c8136"},{"text":"<b> Karpet Memiliki Ketahanan yang Baik<\/b><br>Memiliki ketahanan dari gesekan sepatu pemain, agar tidak menimbulkan kerusakan pada lapangan.","selected_icon":{"value":"fas fa-hammer","library":"fa-solid"},"_id":"c2631a8"},{"_id":"77d2790","text":"<b>Karpet Dapat Menyerap Cahaya<\/b><br>Agar tidak menimbulkan pantulan yang bisa mengganggu pemain maupun penonton.","selected_icon":{"value":"far fa-sun","library":"fa-regular"}},{"_id":"43e8ae3","text":"<b>Karpet yang Disediakan Merupakan Produk Baru<\/b><br \/>Kami memastikan produk yang dijual baru dicetak dari pabriknya. Kami juga memiliki akses langsung dari importir, sehingga bahan dijamin tahan lebih lama dalam pemakaiannya.","selected_icon":{"value":"fas fa-database","library":"fa-solid"}}],"space_between":{"unit":"px","size":15,"sizes":[]},"icon_color":"#0AAC8E","icon_size":{"unit":"px","size":35,"sizes":[]},"text_color":"#333333","text_indent":{"unit":"px","size":10,"sizes":[]},"icon_typography_typography":"custom","icon_typography_font_family":"Quicksand","icon_typography_font_size":{"unit":"px","size":16,"sizes":[]},"icon_typography_font_weight":"500","custom_css":"selector b {color:#0AAC8E}\nselector li {padding:15px;margin:15px 0;box-shadow: 0 0 17px -9px rgba(0,0,0,.5);border-radius:10px;}","icon_typography_font_size_tablet":{"unit":"px","size":15,"sizes":[]},"icon_size_mobile":{"unit":"px","size":24,"sizes":[]},"icon_typography_font_size_mobile":{"unit":"px","size":14,"sizes":[]}},"elements":[],"isInner":false,"widgetType":"icon-list","elType":"widget"}],"isInner":true,"elType":"column"},{"id":"42fc0837","settings":{"_column_size":50,"_inline_size":50},"elements":[{"id":"53f31afd","settings":{"icon_list":[{"text":"<b>Permukaan Karpet Daya Cengkramnya Baik<\/b><br>Tidak membuat pemain slip \/ terpeleset saat bermain di lapangan badminton.","selected_icon":{"value":"fas fa-braille","library":"fa-solid"},"_id":"eab4aa1"},{"_id":"75f378c","text":"<b>Karpet Memiliki Ketebalan yang Tepat<\/b><br>Untuk meredam lompatan, goncangan dan gesekan dari pemain. Umumnya sekitar 4,8 hingga 7 mm.","selected_icon":{"value":"fas fa-equals","library":"fa-solid"}},{"_id":"1062e4d","text":"<b>Karpet Mudah Untuk Dibersihkan<\/b><br>Lapangan yang mudah untuk dibersihkan mengurangi biaya perawatan rutin.","selected_icon":{"value":"fas fa-broom","library":"fa-solid"}},{"_id":"e59276f","text":"<b>Memilih Kontraktor yang Berpengalaman<\/b><br>Kami jasapembuatanlapangan.id berpengalaman dalam membuat berbagai jenis macam lapangan, seperti lapangan badminton, lapangan voli, lapangan basket, lapangan futsal dan mini soccer.","selected_icon":{"value":"fas fa-city","library":"fa-solid"}}],"space_between":{"unit":"px","size":15,"sizes":[]},"icon_color":"#0AAC8E","icon_size":{"unit":"px","size":35,"sizes":[]},"text_color":"#333333","text_indent":{"unit":"px","size":10,"sizes":[]},"icon_typography_typography":"custom","icon_typography_font_family":"Quicksand","icon_typography_font_size":{"unit":"px","size":16,"sizes":[]},"icon_typography_font_weight":"500","custom_css":"selector b {color:#0AAC8E}\nselector li {padding:15px;margin:15px 0;box-shadow: 0 0 17px -9px rgba(0,0,0,.5);border-radius:10px;}","icon_typography_font_size_tablet":{"unit":"px","size":15,"sizes":[]},"icon_size_mobile":{"unit":"px","size":24,"sizes":[]},"icon_typography_font_size_mobile":{"unit":"px","size":14,"sizes":[]},"_margin_mobile":{"unit":"px","top":"-35","right":"0","bottom":"0","left":"0","isLinked":false}},"elements":[],"isInner":false,"widgetType":"icon-list","elType":"widget"}],"isInner":true,"elType":"column"}],"isInner":true,"elType":"section"}],"isInner":false,"elType":"column"}],"isInner":false,"elType":"section"},{"id":"4e969787","settings":{"structure":"20","background_background":"classic","background_color":"#0AAC8E","padding":{"unit":"px","top":"40","right":"0","bottom":"40","left":"0","isLinked":false},"gap":"wider","padding_tablet":{"unit":"px","top":"30","right":"0","bottom":"10","left":"0","isLinked":false}},"elements":[{"id":"2b9ffd08","settings":{"_column_size":50,"_inline_size":38.403,"_inline_size_tablet":45,"padding_tablet":{"unit":"px","top":"15","right":"15","bottom":"15","left":"15","isLinked":true}},"elements":[{"id":"3f92812c","settings":{"image":{"url":"[uc_local]logo-jasa-pembuatan-lapangan-min.png","id":""}},"elements":[],"isInner":false,"widgetType":"image","elType":"widget"}],"isInner":false,"elType":"column"},{"id":"1b539ae0","settings":{"_column_size":50,"_inline_size":61.597,"content_position":"center","_inline_size_tablet":55,"padding_tablet":{"unit":"px","top":"15","right":"15","bottom":"15","left":"15","isLinked":true}},"elements":[{"id":"90c3e41","settings":{"title":"TENTANG KAMI","align":"left","title_color":"#FFFFFF","typography_typography":"custom","typography_font_family":"Quicksand","typography_font_weight":"800","hide_mobile":"hidden-phone","header_size":"p","typography_font_size":{"unit":"px","size":30,"sizes":[]},"typography_font_size_tablet":{"unit":"px","size":25,"sizes":[]}},"elements":[],"isInner":false,"widgetType":"heading","elType":"widget"},{"id":"35070bc3","settings":{"editor":"<p>Jasapembuatanlapangan.id merupakan distributor dan kontraktor pembuatan lapangan yang melayani pembuatan lapangan badminton baik indoor maupun outdoor. Kami sudah berhasil membuat lapangan badminton ke banyak kota di seluruh Indonesia sejak tahun 2017.<\/p><p>Kami juga memiliki tim ahli dan profesional dalam pembuatan lapangan badminton. Salin itu bahan yang digunakan dalam pembuatan lapangan badminton merupakan bahan yang baru dicetak dari pabriknya, bukan yang disimpan dalam gudang. Sehingga masa penggunaan karpet dijamin lebih lama.<\/p>","text_color":"#FFFFFF","typography_typography":"custom","typography_font_family":"Quicksand","typography_font_size":{"unit":"px","size":16,"sizes":[]},"typography_font_weight":"600","_margin":{"unit":"px","top":"0","right":"0","bottom":"-20","left":"0","isLinked":false},"typography_font_size_tablet":{"unit":"px","size":15,"sizes":[]},"typography_line_height_tablet":{"unit":"em","size":1.3,"sizes":[]},"_margin_tablet":{"unit":"px","top":"-10","right":"0","bottom":"-20","left":"0","isLinked":false},"typography_font_size_mobile":{"unit":"px","size":14,"sizes":[]}},"elements":[],"isInner":false,"widgetType":"text-editor","elType":"widget"},{"id":"7a9ea9dc","settings":{"icon_list":[{"text":"Terpercaya","selected_icon":{"value":"fas fa-handshake","library":"fa-solid"},"_id":"5b5722a"},{"text":"Professional","selected_icon":{"value":"fas fa-tools","library":"fa-solid"},"_id":"085997e"},{"text":"Berpengalaman","selected_icon":{"value":"fas fa-user-tie","library":"fa-solid"},"_id":"cf5b913"}],"icon_color":"#FFFFFF","text_color":"#FFFFFF","icon_typography_typography":"custom","icon_typography_font_family":"Quicksand","icon_typography_font_size":{"unit":"px","size":16,"sizes":[]},"icon_typography_font_weight":"600","_margin":{"unit":"px","top":"-10","right":"0","bottom":"0","left":"0","isLinked":false},"icon_size":{"unit":"px","size":16,"sizes":[]},"text_indent":{"unit":"px","size":10,"sizes":[]},"hide_tablet":"hidden-tablet","icon_typography_font_size_mobile":{"unit":"px","size":14,"sizes":[]},"_margin_mobile":{"unit":"px","top":"0","right":"0","bottom":"10","left":"0","isLinked":false}},"elements":[],"isInner":false,"widgetType":"icon-list","elType":"widget"}],"isInner":false,"elType":"column"}],"isInner":false,"elType":"section"},{"id":"51c51ab2","settings":{"content_width":{"unit":"px","size":1000,"sizes":[]},"background_background":"classic","background_color":"#E8FFFB","padding":{"unit":"px","top":"40","right":"0","bottom":"20","left":"0","isLinked":false}},"elements":[{"id":"76241b17","settings":{"_column_size":100,"_inline_size":null},"elements":[{"id":"79c7fba9","settings":{"title":"6 Alasan Kenapa Anda Harus Memilih Kami","align":"center","title_color":"#0AAC8E","typography_typography":"custom","typography_font_family":"Quicksand","typography_font_weight":"800","typography_text_transform":"uppercase"},"elements":[],"isInner":false,"widgetType":"heading","elType":"widget"},{"id":"649fcf7a","settings":{"structure":"30"},"elements":[{"id":"63dd6f91","settings":{"_column_size":33,"_inline_size":null,"background_background":"classic","background_color":"#FFFFFF","border_radius":{"unit":"px","top":"10","right":"10","bottom":"10","left":"10","isLinked":true},"box_shadow_box_shadow_type":"yes","box_shadow_box_shadow":{"horizontal":0,"vertical":0,"blur":17,"spread":-9,"color":"rgba(0,0,0,0.5)"},"margin":{"unit":"px","top":"10","right":"10","bottom":"10","left":"10","isLinked":true}},"elements":[{"id":"1e2c0d3e","settings":{"selected_icon":{"value":"far fa-money-bill-alt","library":"fa-regular"},"view":"stacked","title_text":"Harga Terjangkau","description_text":"Harga karpet yang cukup terjangkau, namun kami tetap memberikan kualitas yang terbaik di kelasnya.","primary_color":"#0AAC8E","icon_size":{"unit":"px","size":30,"sizes":[]},"icon_padding":{"unit":"px","size":22,"sizes":[]},"title_bottom_space":{"unit":"px","size":5,"sizes":[]},"title_color":"#0AAC8E","title_typography_typography":"custom","title_typography_font_family":"Quicksand","title_typography_font_size":{"unit":"px","size":20,"sizes":[]},"title_typography_font_weight":"800","description_color":"#333333","description_typography_typography":"custom","description_typography_font_family":"Quicksand","description_typography_font_size":{"unit":"px","size":14,"sizes":[]},"description_typography_font_weight":"600","_margin":{"unit":"px","top":"15","right":"5","bottom":"15","left":"5","isLinked":false},"custom_css":"selector .elementor-icon {box-shadow: 0 18px 32px rgba(0,0,0,.28);  background: #6c9;\r\n    background: -moz-linear-gradient(45deg,rgba(32,94,155,1) 0,rgba(5,117,230,1) 50%,rgba(32,94,155,1) 100%);\r\n    background: -webkit-linear-gradient(45deg,rgba(32,94,155,1) 0,rgba(5,117,230,1) 50%,rgba(32,94,155,1) 100%);\r\n    background: linear-gradient(45deg,#0aac8e 0,#00c9a4 50%,#0aac8e 100%);\r\n}","title_typography_font_size_tablet":{"unit":"px","size":18,"sizes":[]},"description_typography_font_size_tablet":{"unit":"px","size":13,"sizes":[]},"description_typography_line_height_tablet":{"unit":"em","size":1.3,"sizes":[]},"title_size":"p"},"elements":[],"isInner":false,"widgetType":"icon-box","elType":"widget"}],"isInner":true,"elType":"column"},{"id":"1770f90c","settings":{"_column_size":33,"_inline_size":null,"background_background":"classic","background_color":"#FFFFFF","border_radius":{"unit":"px","top":"10","right":"10","bottom":"10","left":"10","isLinked":true},"box_shadow_box_shadow_type":"yes","box_shadow_box_shadow":{"horizontal":0,"vertical":0,"blur":17,"spread":-9,"color":"rgba(0,0,0,0.5)"},"margin":{"unit":"px","top":"10","right":"10","bottom":"10","left":"10","isLinked":true}},"elements":[{"id":"5cb0f566","settings":{"selected_icon":{"value":"fas fa-handshake","library":"fa-solid"},"view":"stacked","title_text":"Kualitas Terjamin","description_text":"Kami hanya menggunakan karpet dengan kualitas nomor 1, yang sudah teruji selama bertahun tahun.","primary_color":"#0AAC8E","icon_size":{"unit":"px","size":30,"sizes":[]},"icon_padding":{"unit":"px","size":22,"sizes":[]},"title_bottom_space":{"unit":"px","size":5,"sizes":[]},"title_color":"#0AAC8E","title_typography_typography":"custom","title_typography_font_family":"Quicksand","title_typography_font_size":{"unit":"px","size":20,"sizes":[]},"title_typography_font_weight":"800","description_color":"#333333","description_typography_typography":"custom","description_typography_font_family":"Quicksand","description_typography_font_size":{"unit":"px","size":14,"sizes":[]},"description_typography_font_weight":"600","_margin":{"unit":"px","top":"15","right":"5","bottom":"15","left":"5","isLinked":false},"custom_css":"selector .elementor-icon {box-shadow: 0 18px 32px rgba(0,0,0,.28);  background: #6c9;\r\n    background: -moz-linear-gradient(45deg,rgba(32,94,155,1) 0,rgba(5,117,230,1) 50%,rgba(32,94,155,1) 100%);\r\n    background: -webkit-linear-gradient(45deg,rgba(32,94,155,1) 0,rgba(5,117,230,1) 50%,rgba(32,94,155,1) 100%);\r\n    background: linear-gradient(45deg,#0aac8e 0,#00c9a4 50%,#0aac8e 100%);\r\n}","title_typography_font_size_tablet":{"unit":"px","size":18,"sizes":[]},"description_typography_font_size_tablet":{"unit":"px","size":13,"sizes":[]},"description_typography_line_height_tablet":{"unit":"em","size":1.3,"sizes":[]},"title_size":"p"},"elements":[],"isInner":false,"widgetType":"icon-box","elType":"widget"}],"isInner":true,"elType":"column"},{"id":"6ad95da3","settings":{"_column_size":33,"_inline_size":null,"background_background":"classic","background_color":"#FFFFFF","border_radius":{"unit":"px","top":"10","right":"10","bottom":"10","left":"10","isLinked":true},"box_shadow_box_shadow_type":"yes","box_shadow_box_shadow":{"horizontal":0,"vertical":0,"blur":17,"spread":-9,"color":"rgba(0,0,0,0.5)"},"margin":{"unit":"px","top":"10","right":"10","bottom":"10","left":"10","isLinked":true}},"elements":[{"id":"56c59e3","settings":{"selected_icon":{"value":"fas fa-users-cog","library":"fa-solid"},"view":"stacked","title_text":"Tim Profesional","description_text":"Kami memiliki tim terbaik dengan SOP kualitas pengerjaan dan pelayanan yang tidak diragukan lagi.","primary_color":"#0AAC8E","icon_size":{"unit":"px","size":30,"sizes":[]},"icon_padding":{"unit":"px","size":22,"sizes":[]},"title_bottom_space":{"unit":"px","size":5,"sizes":[]},"title_color":"#0AAC8E","title_typography_typography":"custom","title_typography_font_family":"Quicksand","title_typography_font_size":{"unit":"px","size":20,"sizes":[]},"title_typography_font_weight":"800","description_color":"#333333","description_typography_typography":"custom","description_typography_font_family":"Quicksand","description_typography_font_size":{"unit":"px","size":14,"sizes":[]},"description_typography_font_weight":"600","_margin":{"unit":"px","top":"15","right":"5","bottom":"15","left":"5","isLinked":false},"custom_css":"selector .elementor-icon {box-shadow: 0 18px 32px rgba(0,0,0,.28);  background: #6c9;\r\n    background: -moz-linear-gradient(45deg,rgba(32,94,155,1) 0,rgba(5,117,230,1) 50%,rgba(32,94,155,1) 100%);\r\n    background: -webkit-linear-gradient(45deg,rgba(32,94,155,1) 0,rgba(5,117,230,1) 50%,rgba(32,94,155,1) 100%);\r\n    background: linear-gradient(45deg,#0aac8e 0,#00c9a4 50%,#0aac8e 100%);\r\n}","title_typography_font_size_tablet":{"unit":"px","size":18,"sizes":[]},"description_typography_font_size_tablet":{"unit":"px","size":13,"sizes":[]},"description_typography_line_height_tablet":{"unit":"em","size":1.3,"sizes":[]},"title_size":"p"},"elements":[],"isInner":false,"widgetType":"icon-box","elType":"widget"}],"isInner":true,"elType":"column"}],"isInner":true,"elType":"section"},{"id":"6f1073c","settings":{"structure":"30"},"elements":[{"id":"7423c8bf","settings":{"_column_size":33,"_inline_size":null,"background_background":"classic","background_color":"#FFFFFF","border_radius":{"unit":"px","top":"10","right":"10","bottom":"10","left":"10","isLinked":true},"box_shadow_box_shadow_type":"yes","box_shadow_box_shadow":{"horizontal":0,"vertical":0,"blur":17,"spread":-9,"color":"rgba(0,0,0,0.5)"},"margin":{"unit":"px","top":"10","right":"10","bottom":"10","left":"10","isLinked":true}},"elements":[{"id":"1eeffe53","settings":{"selected_icon":{"value":"fas fa-certificate","library":"fa-solid"},"view":"stacked","title_text":"Produk Bersertifikat","description_text":"Kualitas bahan yang kami gunakan sudah terjamin dan tersertifikasi oleh BWF (Badminton World Federation).","primary_color":"#0AAC8E","icon_size":{"unit":"px","size":30,"sizes":[]},"icon_padding":{"unit":"px","size":22,"sizes":[]},"title_bottom_space":{"unit":"px","size":5,"sizes":[]},"title_color":"#0AAC8E","title_typography_typography":"custom","title_typography_font_family":"Quicksand","title_typography_font_size":{"unit":"px","size":20,"sizes":[]},"title_typography_font_weight":"800","description_color":"#333333","description_typography_typography":"custom","description_typography_font_family":"Quicksand","description_typography_font_size":{"unit":"px","size":14,"sizes":[]},"description_typography_font_weight":"600","_margin":{"unit":"px","top":"15","right":"5","bottom":"15","left":"5","isLinked":false},"custom_css":"selector .elementor-icon {box-shadow: 0 18px 32px rgba(0,0,0,.28);  background: #6c9;\r\n    background: -moz-linear-gradient(45deg,rgba(32,94,155,1) 0,rgba(5,117,230,1) 50%,rgba(32,94,155,1) 100%);\r\n    background: -webkit-linear-gradient(45deg,rgba(32,94,155,1) 0,rgba(5,117,230,1) 50%,rgba(32,94,155,1) 100%);\r\n    background: linear-gradient(45deg,#0aac8e 0,#00c9a4 50%,#0aac8e 100%);\r\n}","title_typography_font_size_tablet":{"unit":"px","size":18,"sizes":[]},"description_typography_font_size_tablet":{"unit":"px","size":13,"sizes":[]},"description_typography_line_height_tablet":{"unit":"em","size":1.3,"sizes":[]},"title_size":"p"},"elements":[],"isInner":false,"widgetType":"icon-box","elType":"widget"}],"isInner":true,"elType":"column"},{"id":"139e28be","settings":{"_column_size":33,"_inline_size":null,"background_background":"classic","background_color":"#FFFFFF","border_radius":{"unit":"px","top":"10","right":"10","bottom":"10","left":"10","isLinked":true},"box_shadow_box_shadow_type":"yes","box_shadow_box_shadow":{"horizontal":0,"vertical":0,"blur":17,"spread":-9,"color":"rgba(0,0,0,0.5)"},"margin":{"unit":"px","top":"10","right":"10","bottom":"10","left":"10","isLinked":true}},"elements":[{"id":"6f93c770","settings":{"selected_icon":{"value":"fas fa-user-tie","library":"fa-solid"},"view":"stacked","title_text":"Berpengalaman","description_text":"Tim kami sudah berpengalaman mengerjakan ratusan lapangan badminton di seluruh kota di Indonesia.","primary_color":"#0AAC8E","icon_size":{"unit":"px","size":30,"sizes":[]},"icon_padding":{"unit":"px","size":22,"sizes":[]},"title_bottom_space":{"unit":"px","size":5,"sizes":[]},"title_color":"#0AAC8E","title_typography_typography":"custom","title_typography_font_family":"Quicksand","title_typography_font_size":{"unit":"px","size":20,"sizes":[]},"title_typography_font_weight":"800","description_color":"#333333","description_typography_typography":"custom","description_typography_font_family":"Quicksand","description_typography_font_size":{"unit":"px","size":14,"sizes":[]},"description_typography_font_weight":"600","_margin":{"unit":"px","top":"15","right":"5","bottom":"15","left":"5","isLinked":false},"custom_css":"selector .elementor-icon {box-shadow: 0 18px 32px rgba(0,0,0,.28);  background: #6c9;\r\n    background: -moz-linear-gradient(45deg,rgba(32,94,155,1) 0,rgba(5,117,230,1) 50%,rgba(32,94,155,1) 100%);\r\n    background: -webkit-linear-gradient(45deg,rgba(32,94,155,1) 0,rgba(5,117,230,1) 50%,rgba(32,94,155,1) 100%);\r\n    background: linear-gradient(45deg,#0aac8e 0,#00c9a4 50%,#0aac8e 100%);\r\n}","title_typography_font_size_tablet":{"unit":"px","size":18,"sizes":[]},"description_typography_font_size_tablet":{"unit":"px","size":13,"sizes":[]},"description_typography_line_height_tablet":{"unit":"em","size":1.3,"sizes":[]},"title_size":"p"},"elements":[],"isInner":false,"widgetType":"icon-box","elType":"widget"}],"isInner":true,"elType":"column"},{"id":"7a087416","settings":{"_column_size":33,"_inline_size":null,"background_background":"classic","background_color":"#FFFFFF","border_radius":{"unit":"px","top":"10","right":"10","bottom":"10","left":"10","isLinked":true},"box_shadow_box_shadow_type":"yes","box_shadow_box_shadow":{"horizontal":0,"vertical":0,"blur":17,"spread":-9,"color":"rgba(0,0,0,0.5)"},"margin":{"unit":"px","top":"10","right":"10","bottom":"10","left":"10","isLinked":true}},"elements":[{"id":"3a7878e2","settings":{"selected_icon":{"value":"fas fa-city","library":"fa-solid"},"view":"stacked","title_text":"Dipercaya banyak Instansi","description_text":"Banyak instansi negeri maupun swasta yang sudah mempercayakan pembuatan lapangan kepada tim kami.","primary_color":"#0AAC8E","icon_size":{"unit":"px","size":30,"sizes":[]},"icon_padding":{"unit":"px","size":22,"sizes":[]},"title_bottom_space":{"unit":"px","size":5,"sizes":[]},"title_color":"#0AAC8E","title_typography_typography":"custom","title_typography_font_family":"Quicksand","title_typography_font_size":{"unit":"px","size":20,"sizes":[]},"title_typography_font_weight":"800","description_color":"#333333","description_typography_typography":"custom","description_typography_font_family":"Quicksand","description_typography_font_size":{"unit":"px","size":14,"sizes":[]},"description_typography_font_weight":"600","_margin":{"unit":"px","top":"15","right":"5","bottom":"15","left":"5","isLinked":false},"custom_css":"selector .elementor-icon {box-shadow: 0 18px 32px rgba(0,0,0,.28);  background: #6c9;\r\n    background: -moz-linear-gradient(45deg,rgba(32,94,155,1) 0,rgba(5,117,230,1) 50%,rgba(32,94,155,1) 100%);\r\n    background: -webkit-linear-gradient(45deg,rgba(32,94,155,1) 0,rgba(5,117,230,1) 50%,rgba(32,94,155,1) 100%);\r\n    background: linear-gradient(45deg,#0aac8e 0,#00c9a4 50%,#0aac8e 100%);\r\n}","title_typography_font_size_tablet":{"unit":"px","size":18,"sizes":[]},"description_typography_font_size_tablet":{"unit":"px","size":13,"sizes":[]},"description_typography_line_height_tablet":{"unit":"em","size":1.3,"sizes":[]},"title_size":"p"},"elements":[],"isInner":false,"widgetType":"icon-box","elType":"widget"}],"isInner":true,"elType":"column"}],"isInner":true,"elType":"section"}],"isInner":false,"elType":"column"}],"isInner":false,"elType":"section"},{"id":"d25f6ab","settings":{"background_background":"classic","background_color":"#FFFFFF","padding":{"unit":"px","top":"40","right":"0","bottom":"40","left":"0","isLinked":false},"background_overlay_background":"classic","background_overlay_image":{"url":"[uc_local]BG-home-new4-min.png","id":""}},"elements":[{"id":"69334492","settings":{"_column_size":100,"_inline_size":null},"elements":[{"id":"44065b00","settings":{"title":"GALERI PROYEK KAMI","align":"center","title_color":"#0AAC8E","typography_typography":"custom","typography_font_family":"Quicksand","typography_font_weight":"800","typography_font_size_mobile":{"unit":"px","size":23,"sizes":[]},"header_size":"p","typography_font_size":{"unit":"px","size":30,"sizes":[]},"typography_font_size_tablet":{"unit":"px","size":25,"sizes":[]}},"elements":[],"isInner":false,"widgetType":"heading","elType":"widget"},{"id":"1d4d5abe","settings":{"editor":"<p>Dokumentasi Lapangan yang sudah Kami Kerjakan di Berbagai Kota Seluruh Indonesia<\/p>","align":"center","text_color":"#333333","typography_typography":"custom","typography_font_family":"Quicksand","typography_font_weight":"600","_margin":{"unit":"px","top":"0","right":"0","bottom":"-20","left":"0","isLinked":false},"typography_font_size_tablet":{"unit":"px","size":16,"sizes":[]},"typography_font_size_mobile":{"unit":"px","size":14,"sizes":[]}},"elements":[],"isInner":false,"widgetType":"text-editor","elType":"widget"},{"id":"5468893d","settings":{"structure":"40","custom_css":"selector .elementor-column {padding:10px;}"},"elements":[{"id":"1367409c","settings":{"_column_size":25,"_inline_size":null,"background_color":"#0AAC8E","box_shadow_box_shadow":{"horizontal":0,"vertical":0,"blur":17,"spread":-9,"color":"rgba(0,0,0,0.5)"},"padding":{"unit":"px","top":"0","right":"0","bottom":"0","left":"0","isLinked":true},"background_background":"classic","_inline_size_mobile":50},"elements":[{"id":"40eb2def","settings":{"carousel":[{"id":"","url":"[uc_local]proyek-kapolres-1-min.jpg"},{"id":"","url":"[uc_local]proyek-kapolres-min.jpg"}],"thumbnail_size":"medium_large","slides_to_show":"1","navigation":"none","autoplay":"no","_margin":{"unit":"px","top":"0","right":"0","bottom":"0","left":"0","isLinked":false},"arrows_size":{"unit":"px","size":20,"sizes":[]}},"elements":[],"isInner":false,"widgetType":"image-carousel","elType":"widget"},{"id":"16c64d1c","settings":{"title":"Proyek Kapolres Blitar","header_size":"p","align":"center","title_color":"#FFFFFF","typography_typography":"custom","typography_font_family":"Quicksand","typography_font_weight":"800","_margin":{"unit":"px","top":"-15","right":"0","bottom":"15","left":"0","isLinked":false},"typography_font_size":{"unit":"px","size":16,"sizes":[]},"typography_font_size_mobile":{"unit":"px","size":14,"sizes":[]}},"elements":[],"isInner":false,"widgetType":"heading","elType":"widget"}],"isInner":true,"elType":"column"},{"id":"624d76a6","settings":{"_column_size":25,"_inline_size":null,"background_background":"classic","background_color":"#0AAC8E","box_shadow_box_shadow":{"horizontal":0,"vertical":0,"blur":17,"spread":-9,"color":"rgba(0,0,0,0.5)"},"padding":{"unit":"px","top":"0","right":"0","bottom":"0","left":"0","isLinked":true},"_inline_size_mobile":50},"elements":[{"id":"49d689cc","settings":{"carousel":[{"id":"","url":"[uc_local]proyek-dispora-1-min.jpg"},{"id":"","url":"[uc_local]proyek-dispora-min.jpg"}],"thumbnail_size":"medium_large","slides_to_show":"1","navigation":"none","autoplay":"no","_margin":{"unit":"px","top":"0","right":"0","bottom":"0","left":"0","isLinked":false},"arrows_size":{"unit":"px","size":20,"sizes":[]}},"elements":[],"isInner":false,"widgetType":"image-carousel","elType":"widget"},{"id":"45e81971","settings":{"title":"Proyek Dispora Blitar","header_size":"p","align":"center","title_color":"#FFFFFF","typography_typography":"custom","typography_font_family":"Quicksand","typography_font_weight":"800","_margin":{"unit":"px","top":"-15","right":"0","bottom":"15","left":"0","isLinked":false},"typography_font_size":{"unit":"px","size":16,"sizes":[]},"typography_font_size_mobile":{"unit":"px","size":14,"sizes":[]}},"elements":[],"isInner":false,"widgetType":"heading","elType":"widget"}],"isInner":true,"elType":"column"},{"id":"1b9a54e5","settings":{"_column_size":25,"_inline_size":null,"background_background":"classic","background_color":"#0AAC8E","box_shadow_box_shadow":{"horizontal":0,"vertical":0,"blur":17,"spread":-9,"color":"rgba(0,0,0,0.5)"},"padding":{"unit":"px","top":"0","right":"0","bottom":"0","left":"0","isLinked":true},"_inline_size_mobile":50},"elements":[{"id":"19176534","settings":{"carousel":[{"id":"","url":"[uc_local]proyek-kodilaktal-1-min.jpg"},{"id":"","url":"[uc_local]proyek-kodilaktal-min.jpg"}],"thumbnail_size":"medium_large","slides_to_show":"1","navigation":"none","autoplay":"no","_margin":{"unit":"px","top":"0","right":"0","bottom":"0","left":"0","isLinked":false},"arrows_size":{"unit":"px","size":20,"sizes":[]}},"elements":[],"isInner":false,"widgetType":"image-carousel","elType":"widget"},{"id":"215ecff","settings":{"title":"Proyek Kodilaktal Surabaya","header_size":"p","align":"center","title_color":"#FFFFFF","typography_typography":"custom","typography_font_family":"Quicksand","typography_font_weight":"800","_margin":{"unit":"px","top":"-15","right":"0","bottom":"15","left":"0","isLinked":false},"typography_font_size":{"unit":"px","size":16,"sizes":[]},"typography_font_size_mobile":{"unit":"px","size":14,"sizes":[]}},"elements":[],"isInner":false,"widgetType":"heading","elType":"widget"}],"isInner":true,"elType":"column"},{"id":"75f90307","settings":{"_column_size":25,"_inline_size":null,"background_background":"classic","background_color":"#0AAC8E","box_shadow_box_shadow":{"horizontal":0,"vertical":0,"blur":17,"spread":-9,"color":"rgba(0,0,0,0.5)"},"padding":{"unit":"px","top":"0","right":"0","bottom":"0","left":"0","isLinked":true},"_inline_size_mobile":50},"elements":[{"id":"52dda973","settings":{"carousel":[{"id":"","url":"[uc_local]proyek-laut-banda-1-min.jpg"},{"id":"","url":"[uc_local]proyek-laut-banda-min.jpg"}],"thumbnail_size":"medium_large","slides_to_show":"1","navigation":"none","autoplay":"no","_margin":{"unit":"px","top":"0","right":"0","bottom":"0","left":"0","isLinked":false},"arrows_size":{"unit":"px","size":20,"sizes":[]}},"elements":[],"isInner":false,"widgetType":"image-carousel","elType":"widget"},{"id":"664ce27d","settings":{"title":"Proyek Laut Banda Surabaya","header_size":"p","align":"center","title_color":"#FFFFFF","typography_typography":"custom","typography_font_family":"Quicksand","typography_font_weight":"800","_margin":{"unit":"px","top":"-15","right":"0","bottom":"15","left":"0","isLinked":false},"typography_font_size":{"unit":"px","size":16,"sizes":[]},"typography_font_size_mobile":{"unit":"px","size":14,"sizes":[]}},"elements":[],"isInner":false,"widgetType":"heading","elType":"widget"}],"isInner":true,"elType":"column"}],"isInner":true,"elType":"section"},{"id":"6930cda6","settings":{"structure":"40","custom_css":"selector .elementor-column {padding:10px;}"},"elements":[{"id":"5b6f26c8","settings":{"_column_size":25,"_inline_size":null,"background_color":"#0AAC8E","box_shadow_box_shadow":{"horizontal":0,"vertical":0,"blur":17,"spread":-9,"color":"rgba(0,0,0,0.5)"},"padding":{"unit":"px","top":"0","right":"0","bottom":"0","left":"0","isLinked":true},"background_background":"classic","_inline_size_mobile":50},"elements":[{"id":"688745dd","settings":{"carousel":[{"id":"","url":"[uc_local]tantowi-ahmad-min.jpg"}],"thumbnail_size":"medium_large","slides_to_show":"1","image_stretch":"yes","navigation":"arrows","autoplay":"no","_margin":{"unit":"px","top":"0","right":"0","bottom":"0","left":"0","isLinked":false},"arrows_size":{"unit":"px","size":20,"sizes":[]}},"elements":[],"isInner":false,"widgetType":"image-carousel","elType":"widget"},{"id":"7222331c","settings":{"title":"Bersama Tantowi Ahmad","header_size":"p","align":"center","title_color":"#FFFFFF","typography_typography":"custom","typography_font_family":"Quicksand","typography_font_weight":"800","_margin":{"unit":"px","top":"-15","right":"0","bottom":"15","left":"0","isLinked":false},"typography_font_size":{"unit":"px","size":16,"sizes":[]},"typography_font_size_mobile":{"unit":"px","size":14,"sizes":[]}},"elements":[],"isInner":false,"widgetType":"heading","elType":"widget"}],"isInner":true,"elType":"column"},{"id":"303663e9","settings":{"_column_size":25,"_inline_size":null,"background_background":"classic","background_color":"#0AAC8E","box_shadow_box_shadow":{"horizontal":0,"vertical":0,"blur":17,"spread":-9,"color":"rgba(0,0,0,0.5)"},"padding":{"unit":"px","top":"0","right":"0","bottom":"0","left":"0","isLinked":true},"_inline_size_mobile":50},"elements":[{"id":"1c85b458","settings":{"carousel":[{"id":"","url":"[uc_local]soni-dwi-kuncoro-min.jpg"}],"thumbnail_size":"medium_large","slides_to_show":"1","image_stretch":"yes","navigation":"arrows","autoplay":"no","_margin":{"unit":"px","top":"0","right":"0","bottom":"0","left":"0","isLinked":false},"arrows_size":{"unit":"px","size":20,"sizes":[]}},"elements":[],"isInner":false,"widgetType":"image-carousel","elType":"widget"},{"id":"202fca74","settings":{"title":"Bersama Soni Dwi K.","header_size":"p","align":"center","title_color":"#FFFFFF","typography_typography":"custom","typography_font_family":"Quicksand","typography_font_weight":"800","_margin":{"unit":"px","top":"-15","right":"0","bottom":"15","left":"0","isLinked":false},"typography_font_size":{"unit":"px","size":16,"sizes":[]},"typography_font_size_mobile":{"unit":"px","size":14,"sizes":[]}},"elements":[],"isInner":false,"widgetType":"heading","elType":"widget"}],"isInner":true,"elType":"column"},{"id":"3d6369a8","settings":{"_column_size":25,"_inline_size":null,"background_background":"classic","background_color":"#0AAC8E","box_shadow_box_shadow":{"horizontal":0,"vertical":0,"blur":17,"spread":-9,"color":"rgba(0,0,0,0.5)"},"padding":{"unit":"px","top":"0","right":"0","bottom":"0","left":"0","isLinked":true},"_inline_size_mobile":50},"elements":[{"id":"26a77619","settings":{"carousel":[{"id":"","url":"[uc_local]polisi-manis-min.jpg"}],"thumbnail_size":"medium_large","slides_to_show":"1","image_stretch":"yes","navigation":"arrows","autoplay":"no","_margin":{"unit":"px","top":"0","right":"0","bottom":"0","left":"0","isLinked":false},"arrows_size":{"unit":"px","size":20,"sizes":[]}},"elements":[],"isInner":false,"widgetType":"image-carousel","elType":"widget"},{"id":"717f3876","settings":{"title":"Bersama Riky Widianto","header_size":"p","align":"center","title_color":"#FFFFFF","typography_typography":"custom","typography_font_family":"Quicksand","typography_font_weight":"800","_margin":{"unit":"px","top":"-15","right":"0","bottom":"15","left":"0","isLinked":false},"typography_font_size":{"unit":"px","size":16,"sizes":[]},"typography_font_size_mobile":{"unit":"px","size":14,"sizes":[]}},"elements":[],"isInner":false,"widgetType":"heading","elType":"widget"}],"isInner":true,"elType":"column"},{"id":"3b9578f7","settings":{"_column_size":25,"_inline_size":null,"background_background":"classic","background_color":"#0AAC8E","box_shadow_box_shadow":{"horizontal":0,"vertical":0,"blur":17,"spread":-9,"color":"rgba(0,0,0,0.5)"},"padding":{"unit":"px","top":"0","right":"0","bottom":"0","left":"0","isLinked":true},"_inline_size_mobile":50},"elements":[{"id":"53c7c2fe","settings":{"carousel":[{"id":"","url":"[uc_local]polres-kediri-min.jpg"}],"thumbnail_size":"medium_large","slides_to_show":"1","image_stretch":"yes","navigation":"arrows","autoplay":"no","_margin":{"unit":"px","top":"0","right":"0","bottom":"0","left":"0","isLinked":false},"arrows_size":{"unit":"px","size":20,"sizes":[]}},"elements":[],"isInner":false,"widgetType":"image-carousel","elType":"widget"},{"id":"3ed77e00","settings":{"title":"Bersama Kapolres Kediri","header_size":"p","align":"center","title_color":"#FFFFFF","typography_typography":"custom","typography_font_family":"Quicksand","typography_font_weight":"800","_margin":{"unit":"px","top":"-15","right":"0","bottom":"15","left":"0","isLinked":false},"typography_font_size":{"unit":"px","size":16,"sizes":[]},"typography_font_size_mobile":{"unit":"px","size":14,"sizes":[]}},"elements":[],"isInner":false,"widgetType":"heading","elType":"widget"}],"isInner":true,"elType":"column"}],"isInner":true,"elType":"section"},{"id":"34647421","settings":{"structure":"20","margin":{"unit":"px","top":"0","right":0,"bottom":"0","left":0,"isLinked":false}},"elements":[{"id":"61e64778","settings":{"_column_size":50,"_inline_size":null,"background_background":"classic","background_color":"#0AAC8E","margin":{"unit":"px","top":"10","right":"10","bottom":"10","left":"10","isLinked":true},"padding":{"unit":"px","top":"0","right":"0","bottom":"0","left":"0","isLinked":true}},"elements":[{"id":"18c8356","settings":{"youtube_url":"https:\/\/www.youtube.com\/watch?v=lAMOkTpRE8w","vimeo_url":"https:\/\/vimeo.com\/235215203","dailymotion_url":"https:\/\/www.dailymotion.com\/video\/x6tqhqb"},"elements":[],"isInner":false,"widgetType":"video","elType":"widget"},{"id":"4579785a","settings":{"title":"Proyek Karpet 3 Lapangan Badminton Gedung Raudah Banjarbaru Kalimantan Selatan - Raga Sport","header_size":"p","align":"center","title_color":"#FFFFFF","typography_typography":"custom","typography_font_family":"Quicksand","typography_font_size":{"unit":"px","size":18,"sizes":[]},"typography_font_weight":"800","typography_line_height":{"unit":"em","size":1.3,"sizes":[]},"_margin":{"unit":"px","top":"0","right":"15","bottom":"20","left":"15","isLinked":false},"typography_font_size_mobile":{"unit":"px","size":14,"sizes":[]}},"elements":[],"isInner":false,"widgetType":"heading","elType":"widget"}],"isInner":true,"elType":"column"},{"id":"17eaf683","settings":{"_column_size":50,"_inline_size":null,"background_background":"classic","background_color":"#0AAC8E","margin":{"unit":"px","top":"10","right":"10","bottom":"10","left":"10","isLinked":true},"padding":{"unit":"px","top":"0","right":"0","bottom":"0","left":"0","isLinked":true}},"elements":[{"id":"6da2b38","settings":{"youtube_url":"https:\/\/www.youtube.com\/watch?v=uTaiRPRafus","vimeo_url":"https:\/\/vimeo.com\/235215203","dailymotion_url":"https:\/\/www.dailymotion.com\/video\/x6tqhqb","image_overlay":{"url":"[uc_local]karpet-lapangan-badminton-min-1.jpg","id":""}},"elements":[],"isInner":false,"widgetType":"video","elType":"widget"},{"id":"260bd03","settings":{"title":"Renovasi Perbaikan Karpet Lapangan Badminton Dispora Kota Blitar - Raga Sport Flooring","header_size":"p","align":"center","title_color":"#FFFFFF","typography_typography":"custom","typography_font_family":"Quicksand","typography_font_size":{"unit":"px","size":18,"sizes":[]},"typography_font_weight":"800","typography_line_height":{"unit":"em","size":1.3,"sizes":[]},"_margin":{"unit":"px","top":"0","right":"15","bottom":"20","left":"15","isLinked":false},"typography_font_size_mobile":{"unit":"px","size":14,"sizes":[]}},"elements":[],"isInner":false,"widgetType":"heading","elType":"widget"}],"isInner":true,"elType":"column"}],"isInner":true,"elType":"section"}],"isInner":false,"elType":"column"}],"isInner":false,"elType":"section"},{"id":"39f3ef61","settings":{"background_background":"classic","background_color":"#0AAC8E","padding":{"unit":"px","top":"40","right":"0","bottom":"10","left":"0","isLinked":false}},"elements":[{"id":"7c328b94","settings":{"_column_size":100,"_inline_size":null},"elements":[{"id":"7ff20fa4","settings":{"title":"MERK KARPET KAMI","align":"center","title_color":"#FFFFFF","typography_typography":"custom","typography_font_family":"Quicksand","typography_font_weight":"800","header_size":"p","typography_font_size":{"unit":"px","size":30,"sizes":[]},"typography_font_size_tablet":{"unit":"px","size":25,"sizes":[]}},"elements":[],"isInner":false,"widgetType":"heading","elType":"widget"},{"id":"77490925","settings":{"editor":"<p>Merk karpet yang kami gunakan sudah teruji bertahun tahun dan sudah tersertifikasi BWF.<\/p>","align":"center","text_color":"#FFFFFF","typography_typography":"custom","typography_font_family":"Quicksand","typography_font_weight":"600","_margin":{"unit":"px","top":"0","right":"0","bottom":"-20","left":"0","isLinked":false},"typography_font_size_tablet":{"unit":"px","size":16,"sizes":[]},"typography_font_size_mobile":{"unit":"px","size":14,"sizes":[]}},"elements":[],"isInner":false,"widgetType":"text-editor","elType":"widget"},{"id":"69c30988","settings":{"gap":"wider","structure":"30","margin":{"unit":"px","top":"-30","right":0,"bottom":"0","left":0,"isLinked":false},"content_width":{"unit":"px","size":1000,"sizes":[]},"margin_mobile":{"unit":"px","top":"-15","right":0,"bottom":"10","left":0,"isLinked":false}},"elements":[{"id":"2cf45c3d","settings":{"_column_size":33,"_inline_size":36.763,"content_position":"center","_inline_size_mobile":34,"padding_mobile":{"unit":"px","top":"10","right":"10","bottom":"10","left":"10","isLinked":true}},"elements":[{"id":"18282362","settings":{"image":{"url":"[uc_local]logo-enlio-png.png","id":""},"link_to":"custom","link":{"url":"https:\/\/www.jasapembuatanlapangan.id\/karpet-lapangan-badminton-enlio\/","is_external":"","nofollow":"","custom_attributes":""}},"elements":[],"isInner":false,"widgetType":"image","elType":"widget"}],"isInner":true,"elType":"column"},{"id":"2567d8d5","settings":{"_column_size":33,"_inline_size":20.227,"content_position":"center","_inline_size_mobile":23,"padding_mobile":{"unit":"px","top":"10","right":"10","bottom":"10","left":"10","isLinked":true}},"elements":[{"id":"4034c10f","settings":{"image":{"url":"[uc_local]logo-lining-png.png","id":""},"link_to":"custom","link":{"url":"https:\/\/www.jasapembuatanlapangan.id\/karpet-lapangan-badminton-lining\/","is_external":"","nofollow":"","custom_attributes":""}},"elements":[],"isInner":false,"widgetType":"image","elType":"widget"}],"isInner":true,"elType":"column"},{"id":"317db174","settings":{"_column_size":33,"_inline_size":42.342,"content_position":"bottom","_inline_size_mobile":43,"padding_mobile":{"unit":"px","top":"10","right":"10","bottom":"10","left":"10","isLinked":true}},"elements":[{"id":"532d8e25","settings":{"image":{"url":"[uc_local]logo-flypower-putih-png.png","id":""},"link_to":"custom","link":{"url":"https:\/\/www.jasapembuatanlapangan.id\/karpet-lapangan-badminton-flypower","is_external":"","nofollow":"","custom_attributes":""}},"elements":[],"isInner":false,"widgetType":"image","elType":"widget"}],"isInner":true,"elType":"column"}],"isInner":true,"elType":"section"}],"isInner":false,"elType":"column"}],"isInner":false,"elType":"section"},{"id":"6aea22c8","settings":{"background_background":"classic","background_color":"#E8FFFB","padding":{"unit":"px","top":"40","right":"0","bottom":"20","left":"0","isLinked":false}},"elements":[{"id":"fbbc99f","settings":{"_column_size":100,"_inline_size":null},"elements":[{"id":"451ee24","settings":{"title":"PENGGUNA LAYANAN KAMI","align":"center","title_color":"#0AAC8E","typography_typography":"custom","typography_font_family":"Quicksand","typography_font_weight":"800","header_size":"p","typography_font_size":{"unit":"px","size":30,"sizes":[]},"typography_font_size_tablet":{"unit":"px","size":25,"sizes":[]}},"elements":[],"isInner":false,"widgetType":"heading","elType":"widget"},{"id":"5068977","settings":{"editor":"<p>Beberapa instansi pemerintah \/ swasta yang menggunakan layanan kami.<\/p>","align":"center","text_color":"#333333","typography_typography":"custom","typography_font_family":"Quicksand","typography_font_weight":"600","_margin":{"unit":"px","top":"0","right":"0","bottom":"-20","left":"0","isLinked":false},"typography_font_size_tablet":{"unit":"px","size":16,"sizes":[]},"typography_font_size_mobile":{"unit":"px","size":14,"sizes":[]}},"elements":[],"isInner":false,"widgetType":"text-editor","elType":"widget"},{"id":"31ea16c8","settings":{"structure":"50","gap":"wider"},"elements":[{"id":"43e0918a","settings":{"_column_size":20,"_inline_size":19.615,"content_position":"center","padding_tablet":{"unit":"px","top":"15","right":"15","bottom":"15","left":"15","isLinked":true},"_inline_size_mobile":50},"elements":[{"id":"2015ae44","settings":{"image":{"url":"[uc_local]logo-kepolisian-png-min.png","id":""},"hover_animation":"grow","motion_fx_tilt_direction":"negative"},"elements":[],"isInner":false,"widgetType":"image","elType":"widget"}],"isInner":true,"elType":"column"},{"id":"7a5d6a40","settings":{"_column_size":20,"_inline_size":19.523,"content_position":"center","padding_tablet":{"unit":"px","top":"15","right":"15","bottom":"15","left":"15","isLinked":true},"_inline_size_mobile":50},"elements":[{"id":"32d7504b","settings":{"image":{"url":"[uc_local]logo-pertamina-png-min.png","id":""},"hover_animation":"grow","motion_fx_tilt_direction":"negative"},"elements":[],"isInner":false,"widgetType":"image","elType":"widget"}],"isInner":true,"elType":"column"},{"id":"13fe1dcb","settings":{"_column_size":20,"_inline_size":22.672,"content_position":"center","padding_tablet":{"unit":"px","top":"15","right":"15","bottom":"15","left":"15","isLinked":true},"_inline_size_mobile":33,"padding_mobile":{"unit":"px","top":"10","right":"10","bottom":"10","left":"10","isLinked":true}},"elements":[{"id":"309ce917","settings":{"image":{"url":"[uc_local]logo-perhubungan-pnng-min.png","id":""},"hover_animation":"grow","motion_fx_tilt_direction":"negative"},"elements":[],"isInner":false,"widgetType":"image","elType":"widget"}],"isInner":true,"elType":"column"},{"id":"f8596c3","settings":{"_column_size":20,"_inline_size":19.695,"content_position":"center","padding_tablet":{"unit":"px","top":"15","right":"15","bottom":"15","left":"15","isLinked":true},"_inline_size_mobile":33,"padding_mobile":{"unit":"px","top":"10","right":"10","bottom":"10","left":"10","isLinked":true}},"elements":[{"id":"2059347b","settings":{"image":{"url":"[uc_local]logo-ritekdikti-png-min.png","id":""},"hover_animation":"grow","motion_fx_tilt_direction":"negative"},"elements":[],"isInner":false,"widgetType":"image","elType":"widget"}],"isInner":true,"elType":"column"},{"id":"18561b35","settings":{"_column_size":20,"_inline_size":18.462,"content_position":"center","padding_tablet":{"unit":"px","top":"15","right":"15","bottom":"15","left":"15","isLinked":true},"_inline_size_mobile":33,"padding_mobile":{"unit":"px","top":"10","right":"10","bottom":"10","left":"10","isLinked":true}},"elements":[{"id":"11f09eca","settings":{"image":{"url":"[uc_local]logo-pendidikan-png-min.png","id":""},"hover_animation":"grow","motion_fx_tilt_direction":"negative"},"elements":[],"isInner":false,"widgetType":"image","elType":"widget"}],"isInner":true,"elType":"column"}],"isInner":true,"elType":"section"},{"id":"76506808","settings":{"structure":"50","gap":"wide"},"elements":[{"id":"3423b060","settings":{"_column_size":20,"_inline_size":28.095,"content_position":"center","padding_tablet":{"unit":"px","top":"10","right":"10","bottom":"10","left":"10","isLinked":true},"_inline_size_mobile":50},"elements":[{"id":"6f17f20c","settings":{"image":{"url":"[uc_local]logo-bumn-png-min.png","id":""},"hover_animation":"grow","motion_fx_tilt_direction":"negative"},"elements":[],"isInner":false,"widgetType":"image","elType":"widget"}],"isInner":true,"elType":"column"},{"id":"28622870","settings":{"_column_size":20,"_inline_size":22.25,"content_position":"center","padding_tablet":{"unit":"px","top":"10","right":"10","bottom":"10","left":"10","isLinked":true},"_inline_size_mobile":50},"elements":[{"id":"a6361df","settings":{"image":{"url":"[uc_local]logo-dispora-png-min.png","id":""},"hover_animation":"grow","motion_fx_tilt_direction":"negative"},"elements":[],"isInner":false,"widgetType":"image","elType":"widget"}],"isInner":true,"elType":"column"},{"id":"5690017e","settings":{"_column_size":20,"_inline_size":13.225,"content_position":"center","padding_tablet":{"unit":"px","top":"10","right":"10","bottom":"10","left":"10","isLinked":true},"_inline_size_mobile":30,"padding_mobile":{"unit":"px","top":"10","right":"10","bottom":"10","left":"10","isLinked":true}},"elements":[{"id":"3bd19da3","settings":{"image":{"url":"[uc_local]logo-telkom-png-min.png","id":""},"hover_animation":"grow","motion_fx_tilt_direction":"negative"},"elements":[],"isInner":false,"widgetType":"image","elType":"widget"}],"isInner":true,"elType":"column"},{"id":"2c4afab3","settings":{"_column_size":20,"_inline_size":21.052,"content_position":"center","padding_tablet":{"unit":"px","top":"10","right":"10","bottom":"10","left":"10","isLinked":true},"_inline_size_mobile":40},"elements":[{"id":"30d4e960","settings":{"image":{"url":"[uc_local]logo-pln-panjang-png-min.png","id":""},"hover_animation":"grow","motion_fx_tilt_direction":"negative"},"elements":[],"isInner":false,"widgetType":"image","elType":"widget"}],"isInner":true,"elType":"column"},{"id":"1b5896d0","settings":{"_column_size":20,"_inline_size":15.32,"content_position":"center","padding_tablet":{"unit":"px","top":"10","right":"10","bottom":"10","left":"10","isLinked":true},"_inline_size_mobile":30},"elements":[{"id":"4415500a","settings":{"image":{"url":"[uc_local]logo-pangkalan-png-min.png","id":""},"hover_animation":"grow","motion_fx_tilt_direction":"negative"},"elements":[],"isInner":false,"widgetType":"image","elType":"widget"}],"isInner":true,"elType":"column"}],"isInner":true,"elType":"section"}],"isInner":false,"elType":"column"}],"isInner":false,"elType":"section"},{"id":"7f1a0be2","settings":{"content_width":{"unit":"px","size":800,"sizes":[]},"background_background":"classic","background_color":"#FFFFFF","padding":{"unit":"px","top":"40","right":"0","bottom":"40","left":"0","isLinked":false}},"elements":[{"id":"3dc48440","settings":{"_column_size":100,"_inline_size":null},"elements":[{"id":"466742bb","settings":{"image":{"url":"[uc_local]badminton-court-min.png","id":""},"align":"center","space":{"unit":"%","size":60,"sizes":[]},"space_mobile":{"unit":"%","size":100,"sizes":[]}},"elements":[],"isInner":false,"widgetType":"image","elType":"widget"},{"id":"68e7b7f9","settings":{"title":"Lantai Karpet Lapangan Badminton","align":"left","title_color":"#0AAC8E","typography_typography":"custom","typography_font_family":"Quicksand","typography_font_weight":"800","_margin":{"unit":"px","top":"25","right":"0","bottom":"5","left":"0","isLinked":false},"align_mobile":"left","typography_line_height_mobile":{"unit":"em","size":1.4,"sizes":[]}},"elements":[],"isInner":false,"widgetType":"heading","elType":"widget"},{"id":"70dda15a","settings":{"editor":"<p>Lantai lapangan badminton ini biasa juga disebut dengan karpet lapangan badminton. Meskipun biasa disebut karpet, bentuknya tidak seperti karpet lantai pada umumnya. Karpet lapangan badminton ini dirancang dan dibuat dengan bahan khusus untuk dapat menjadi tempat pijakan kaki pemain saat bermain olahraga badminton agar tahan dari hentakan dan guncangan.&nbsp;&nbsp;<\/p>\n<p>Karpet lapangan badminton merupakan komponen paling penting bagi arena pertandingan olahraga badminton. Karpet ini bisa sangat menentukan performa pemain badminton, karena jika karpet badminton mempunyai kualitas yang baik, pemain akan nyaman dan bisa bermain badminton dengan nyaman juga. Lain halnya jika karpet lapangan badminton bermutu rendah, tentu pemain kurang nyaman juga akan cepat lelah, sehingga performa pemain tidak optimal.<\/p>\n<p>Untuk bahan karpet lapangan badminton biasanya terbuat dari 3 jenis bahan, yaitu vinyl, interlock, dan flexi pave. Namun yang paling banyak dipakai untuk pertandingan olahraga badminton adalah yang vinyl, karena kualitasnya cukup baik, sehingga dapat mendukung performa para pemain olahraga badminton. Untuk penggunaan pribadi bisa menggunakan interlock atau flexi pave, karena harganya yang relatif lebih terjangkau.&nbsp;Harga karpet lantai lapangan badminton memang berbeda beda untuk setiap tipe dan jenisnnya.<\/p>\n<p>Sebelum memutuskan untuk membeli karpet lapangan badminton, hendaknya mengetahui dahulu kebutuhannya untuk apa, bahan apa yang cocok, dan spesifikasinya seperti apa. Agar nanti tidak keliru memilih karpet yang diinginkan. Anda juga bisa terlebih dahulu berkonsultasi dengan kami melalui nomor telepon yang ada di bawah layar ponsel anda.<\/p>\n<p>Untuk mendapatkan karpet lapangan badminton anda dapat mengunjungi kontraktor lapangan badminton, disana menjual berbagai pilihan jenis karpet lapangan badminton yang dapat anda pakai sebagai lantai lapangan badminton. Namun memilih kontraktor lapangan badminton juga jangan sembarangan, pilih yang sudah berpengalaman bertahun tahun dan sudah banyak menangani proyek di berbagai kota, karena tentu karpet yang mereka jual mempunyai kualitas yang baik.<\/p>\n<p>Kontraktor lapangan badminton professional dan sudah berpengalaman bertahun tahun yang terpercaya adalah PT. Raga Gunawan Mandiri - jasapembuatanlapangan.id. Banyak sudah proyek lapangan badminton di berbagai kota di seluruh indonesia yang dikerjakan dengan baik dan maksimal, baik di lembaga swasta maupun lembaga pemerintahan. Jam terbang ini sangat dibutuhkan kontraktor untuk dapat membuat lapangan badminton yang berkualitas dan berumur panjang.&nbsp;Harga karpet lapangan badminton yang kami tawarkan juga cukup terjangkau.<\/p>\n<p>Selain menyediakan karpet lapangan badminton, jasapembuatanlapangan.id juga menyediakan jasa pemasangan karpet lapangan badminton. Sehingga anda tidak perlu lagi memasang sendiri karpet lapangan badminton. Sangat disarankan pemasangan juga dari kami, karena dalam pemasangan ini membutuhkan teknik khusus yang harus dipelajari bertahun tahun, dan tentunya tidak mudah.<\/p>\n<p>Bukan hanya jual dan pasangnya saja, kami juga bisa melayani jasa pembuatan lapangan badminton, mulai dari karpet lapangan badminton hingga net lapangan badminton. Sehingga anda tinggal terima jadi saja, tidak perlu lagi mencari net dan kebutuhan lapangan badminton lainnya. Ini cocok untuk anda yang mempunyai bisnis penyewaan lapangan badminton.<\/p>\n<p>Peminat olahraga badminton hari demi hari semakin meningkat, dan sekarang sudah menjadi salah satu aktivitas menyenangkan bagi banyak kaum pria maupun wanita, karena olahraga ini dapat menjadi sebab mereka dapat berkumpul. Hal ini membuat badminton menjadi salah satu olahraga favorit bagi semua kalangan usia, mulai dari anak muda hingga para pekerja. Sehingga tak heran jika banyak sekali kita temukan tempat penyewaan lapangan badminton di mana mana.<\/p>\n<p>Selain itu atlet badminton di indonesia juga cukup berprestasi di kancah dunia internasional, sehingga hal ini juga memicu para atlet pemula untuk lebih semangat lagi belajar bermain olahraga badminton. Olahraga ini akan terus berkembang dan akan semakin banyak peminat, dan kebutuhan lapangan badminton untuk pribadi maupun professional juga akan semakin meningkat.<\/p>\n<p>Ini akan menjadi ladang bisnis menggiurkan untuk anda yang mempunyai bisnis penyewaan lapangan badminton, dan ini juga akan menjadi kabar baik untuk atlet pemula, karena di Indonesia akan banyak orang berprestasi di kancah dunia yang siap menularkan ilmunya ke atlet pemula. Untuk itu segera miliki lapangan badminton keinginan anda. Mumpung saat ini harga karpet badminton masih murah.<\/p>\n<p>Kami jasapembuatanlapangan.id merupakan distributor karpet lapangan badminton berkualitas. Kami juga melayani pemasangan karpet lapangan badminton hingga ke seluruh kota di wilayah Indonesia. Disini anda akan menemukan kebutuhan anda dalam membangun lapangan olahraga badminton. Baik lapangan badminton indoor, maupun lapangan badminton outdoor. Anda juga bisa bertanya dan konsultasi disini melalui chat via whatsapp tanpa dipungut biaya, alias gratis.<\/p>\n<p>Karpet lapangan badminton yang kami jual sudah lulus quality control, sehingga karpet dipastikan dalam kondisi baik dan tidak ada cacat sedikitpun. Karpet yang kami jual juga sudah teruji bertahun tahun kekuatannya, sehingga jangan khawatir soal usia karpetnya. Kami juga akan memberikan garansi kepada anda, sehingga anda akan aman dari kerusakan kerusakan. Kami juga mempunyai karpet yang sudah terstandarisasi oleh BWF (Badminton World Federation), karpet jenis ini sering digunakan untuk pertandingan professional.<br><br>Oh iya kami juga pernah memasang karpet lapangan badminton di berbagai kota di indonesia, kota-kota besar yang sudah pernah kami pasangi seperti bandung, jakarta, <a href=\"https:\/\/www.jasapembuatanlapangan.id\/karpet-badminton-surabaya\/\">surabaya<\/a>, yogyakarta, <a href=\"https:\/\/www.jasapembuatanlapangan.id\/karpet-badminton-semarang\/\">semarang<\/a> dan banyak lainnya.<br><\/p>\n<p>Jika anda memang berniat untuk membeli karpet lapangan badminton ini, atau membutuhkan kontraktor jasa pembuatan lapangan badminton, maka sebaiknya segera hubungi kami di nomor yang tersedia, maupun bisa juga klik tombol telepon di bawah layar ponsel anda. Kami ada penawaran terbaik untuk harga karpet bulutangkis. Kami juga siap memberikan saran terbaik untuk anda dan rencana anda mewujudkan lapangan badminton yang sesuai dengan harapan anda.&nbsp;<\/p>\n<p>Jangan terburu buru untuk membeli, Anda dapat berkonsultasi terlebih dahulu dengan tim kami. Kami Jasa Pembuatan Lapangan Badminton siap mewujudkan keinginan anda dalam pembuatan lapangan badminton. Apabila ingin mendapatkan informasi lebih lengkap lagi, Anda dapat pula mengakses situs website kami di www.jasapembuatanlapangan.id. Kami tunggu pesanan Anda !<\/p>","align":"left","text_color":"#333333","typography_typography":"custom","typography_font_family":"Quicksand","typography_font_weight":"500","_margin":{"unit":"px","top":"0","right":"0","bottom":"-20","left":"0","isLinked":false},"align_mobile":"left","typography_font_size_mobile":{"unit":"px","size":15,"sizes":[]}},"elements":[],"isInner":false,"widgetType":"text-editor","elType":"widget"}],"isInner":false,"elType":"column"}],"isInner":false,"elType":"section"},{"id":"9add8bc","settings":{"content_width":{"unit":"px","size":700,"sizes":[]},"background_background":"classic","background_color":"#006653","padding":{"unit":"px","top":"30","right":"0","bottom":"30","left":"0","isLinked":false},"z_index_tablet":99,"z_index_mobile":99,"custom_css":"selector .blok {color:yellow;}"},"elements":[{"id":"685673d6","settings":{"_column_size":100,"_inline_size":null},"elements":[{"id":"34733183","settings":{"title":"Sedang <span class=\"blok\">Mencari Kontraktor Lapangan Badminton Berkualitas dan Terjangkau ?<\/span>","align":"center","title_color":"#FFFFFF","typography_typography":"custom","typography_font_family":"Quicksand","typography_font_weight":"800","header_size":"p","typography_font_size_mobile":{"unit":"px","size":22,"sizes":[]},"typography_font_size":{"unit":"px","size":26,"sizes":[]},"typography_line_height":{"unit":"em","size":1.3,"sizes":[]}},"elements":[],"isInner":false,"widgetType":"heading","elType":"widget"},{"id":"503d8f","settings":{"editor":"<p>Banyaknya kontraktor yang menawarkan harga murah, membuat Anda berpikir bahwa bisnis sewa lapangan pasti untung besar.<\/p>","align":"center","text_color":"#FFFFFF","typography_typography":"custom","typography_font_family":"Quicksand","typography_font_weight":"500","_margin":{"unit":"px","top":"-10","right":"0","bottom":"-20","left":"0","isLinked":false},"typography_font_size_mobile":{"unit":"px","size":14,"sizes":[]},"typography_font_size":{"unit":"px","size":16,"sizes":[]}},"elements":[],"isInner":false,"widgetType":"text-editor","elType":"widget"},{"id":"61dacd31","settings":{"title":"Namun Anda Perlu Tahu...","align":"center","title_color":"#FFFFFF","typography_typography":"custom","typography_font_family":"Quicksand","typography_font_weight":"800","header_size":"p","typography_font_size_mobile":{"unit":"px","size":22,"sizes":[]},"typography_font_size":{"unit":"px","size":24,"sizes":[]},"typography_line_height":{"unit":"em","size":1.3,"sizes":[]}},"elements":[],"isInner":false,"widgetType":"heading","elType":"widget"},{"id":"7e8827ff","settings":{"editor":"<span class=\"blok\">Harga murah belum tentu berkualitas.<\/span> Banyak konsumen kami mengeluhkan lapangan mereka membutuhkan perawatan besar <span class=\"blok\">karena salah pilih kontraktor. Pada akhirnya bukan <strong>UNTUNG <\/strong>tapi <strong>BUNTUNG.<\/strong><\/span>","align":"center","text_color":"#FFFFFF","typography_typography":"custom","typography_font_family":"Quicksand","typography_font_weight":"500","_margin":{"unit":"px","top":"-10","right":"0","bottom":"-0","left":"0","isLinked":false},"typography_font_size_mobile":{"unit":"px","size":14,"sizes":[]},"typography_font_size":{"unit":"px","size":16,"sizes":[]}},"elements":[],"isInner":false,"widgetType":"text-editor","elType":"widget"},{"id":"52746ba0","settings":{"editor":"Percayakan pembuatan lapangan Anda pada <span class=\"blok\">Kontraktor yang terpercaya,<\/span> Hubungi <span class=\"blok\">Raga Sport<\/span> Sekarang !!!","align":"center","text_color":"#FFFFFF","typography_typography":"custom","typography_font_family":"Quicksand","typography_font_weight":"800","_margin":{"unit":"px","top":"0","right":"0","bottom":"0","left":"0","isLinked":false},"typography_font_size_mobile":{"unit":"px","size":16,"sizes":[]}},"elements":[],"isInner":false,"widgetType":"text-editor","elType":"widget"},{"id":"71ef4abd","settings":{"structure":"20","margin_mobile":{"unit":"px","top":"0","right":0,"bottom":"-20","left":0,"isLinked":false}},"elements":[{"id":"3e09c8db","settings":{"_column_size":50,"_inline_size":null},"elements":[{"id":"1fc98b6b","settings":{"text":"TELEPON","align":"justify","selected_icon":{"value":"fas fa-phone-alt","library":"fa-solid"},"typography_typography":"custom","typography_font_family":"Quicksand","typography_font_weight":"800","typography_letter_spacing":{"unit":"px","size":1,"sizes":[]},"button_text_color":"#000000","background_color":"#FBEF04","hover_animation":"float","border_radius":{"unit":"px","top":"100","right":"100","bottom":"100","left":"100","isLinked":true},"link":{"url":"https:\/\/mauorder.online\/jasa-pembuatan-lapangan-id-telp","is_external":"","nofollow":"","custom_attributes":""}},"elements":[],"isInner":false,"widgetType":"button","elType":"widget"}],"isInner":true,"elType":"column"},{"id":"51aec4b","settings":{"_column_size":50,"_inline_size":null},"elements":[{"id":"1663616e","settings":{"text":"WHATSAPP","align":"justify","selected_icon":{"value":"fab fa-whatsapp","library":"fa-brands"},"typography_typography":"custom","typography_font_family":"Quicksand","typography_font_weight":"700","typography_letter_spacing":{"unit":"px","size":1,"sizes":[]},"button_text_color":"#000000","background_color":"#FBEF04","hover_animation":"float","border_radius":{"unit":"px","top":"100","right":"100","bottom":"100","left":"100","isLinked":true},"_margin_mobile":{"unit":"px","top":"-10","right":"0","bottom":"0","left":"0","isLinked":false},"link":{"url":"https:\/\/mauorder.online\/jasa-pembuatan-lapangan-id-wa","is_external":"","nofollow":"","custom_attributes":""}},"elements":[],"isInner":false,"widgetType":"button","elType":"widget"}],"isInner":true,"elType":"column"}],"isInner":true,"elType":"section"}],"isInner":false,"elType":"column"}],"isInner":false,"elType":"section"}]}