{"version":"0.4","title":"Header All","type":"header","content":[{"id":"b9a4136","settings":{"custom_height":{"unit":"px","size":150},"content_position":"middle","structure":"20","background_background":"classic","background_color":"#ffffff","margin":{"unit":"px","top":"","right":0,"bottom":"","left":0,"isLinked":true},"box_shadow_box_shadow":{"horizontal":0,"vertical":0,"blur":24,"spread":0,"color":"rgba(0,0,0,0.15)"},"border_border":"solid","border_width":{"unit":"px","top":"0","right":"0","bottom":"1","left":"0","isLinked":false},"border_color":"#d3d3d3","sticky":"top","html_tag":"header"},"elements":[{"id":"5db88384","settings":{"_column_size":50,"_inline_size":18.925,"_inline_size_mobile":50,"_inline_size_tablet":30,"margin_mobile":{"unit":"px","top":"0","right":"0","bottom":"0","left":"0","isLinked":true}},"elements":[{"id":"41c41daa","settings":{"image":{"id":"424","url":"https:\/\/wordpress-118914-1748443.cloudwaysapps.com\/wp-content\/uploads\/2021\/02\/Anugerahkubah-6.png"},"image_size":"full","align":"left","width":{"unit":"%","size":100,"sizes":[]},"width_tablet":{"unit":"%","size":100,"sizes":[]},"space":{"unit":"px","size":175,"sizes":[]},"space_tablet":{"unit":"px","size":175,"sizes":[]}},"elements":[],"isInner":false,"widgetType":"image","elType":"widget"}],"isInner":false,"elType":"column"},{"id":"40d6092a","settings":{"_column_size":50,"_inline_size":81.075,"_inline_size_mobile":50,"_inline_size_tablet":70,"margin_tablet":{"unit":"px","top":"0","right":"0","bottom":"0","left":"0","isLinked":false},"margin_mobile":{"unit":"px","top":"0","right":"0","bottom":"0","left":"0","isLinked":true}},"elements":[{"id":"d3a4d8f","settings":{"align_items":"right","animation_line":"slide","animation_text":"none","color_menu_item":"#54595f","color_menu_item_hover":"#39c7ce","pointer_color_menu_item_hover":"#39c7ce","menu_typography_typography":"custom","menu_typography_font_size":{"unit":"px","size":14},"pointer_width":{"unit":"px","size":0},"color_dropdown_item":"#000000","background_color_dropdown_item":"#f2f2f2","color_dropdown_item_hover":"#39c7ce","background_color_dropdown_item_hover":"#ededed","dropdown_typography_typography":"custom","dropdown_typography_font_size":{"unit":"px","size":15},"toggle_color":"#000000","toggle_color_hover":"#39c7ce","toggle_size":{"unit":"px","size":30},"toggle_border_width":{"unit":"px","size":0},"toggle_border_radius":{"unit":"px","size":0},"menu_typography_text_transform":"uppercase","menu_typography_font_size_tablet":{"unit":"px","size":13},"menu_space_between":{"unit":"px","size":0},"menu_space_between_tablet":{"unit":"px","size":0},"menu_typography_font_weight":"500","padding_vertical_menu_item":{"unit":"px","size":9},"full_width":"stretch","toggle_align":"right","dropdown_top_distance_mobile":{"unit":"px","size":31},"toggle_background_color":"rgba(0,0,0,0)","pointer":"background","pointer_color_menu_item_active":"#F21414","padding_horizontal_menu_item":{"unit":"px","size":15,"sizes":[]}},"elements":[],"isInner":false,"widgetType":"nav-menu","elType":"widget"}],"isInner":false,"elType":"column"}],"isInner":false,"elType":"section"}]}