{"version":"0.4","title":"#AM &#8211; Footer","type":"footer","content":[{"id":"488f4039","settings":{"structure":"20","background_background":"classic","background_color":"#ffd700","padding":{"unit":"px","top":"40","right":"0","bottom":"40","left":"0","isLinked":false},"_element_id":"kontak"},"elements":[{"id":"33e1a880","settings":{"_column_size":50,"_inline_size":null},"elements":[{"id":"5ede769e","settings":{"address":"DINAS PERINDUSTRIAN DAN PERDAGANGAN KAB. BLITAR","zoom":{"unit":"px","size":13,"sizes":[]},"height":{"unit":"px","size":299,"sizes":[]},"css_filters_css_filter":"custom","height_tablet":{"unit":"px","size":250,"sizes":[]}},"elements":[],"isInner":false,"widgetType":"google_maps","elType":"widget"}],"isInner":false,"elType":"column"},{"id":"1bd01e47","settings":{"_column_size":50,"_inline_size":null,"content_position":"center","margin":{"unit":"px","top":"0","right":"0","bottom":"0","left":"20","isLinked":false},"margin_tablet":{"unit":"px","top":"0","right":"0","bottom":"0","left":"0","isLinked":false}},"elements":[{"id":"72f4f4a7","settings":{"title":"ALAMAT DAN KONTAK","header_size":"p","title_color":"#000000","typography_typography":"custom","typography_font_family":"Oswald","typography_font_size":{"unit":"px","size":36,"sizes":[]},"typography_font_weight":"800","typography_font_size_tablet":{"unit":"px","size":34,"sizes":[]},"typography_font_size_mobile":{"unit":"px","size":28,"sizes":[]},"_margin_mobile":{"unit":"px","top":"20","right":"0","bottom":"0","left":"0","isLinked":false}},"elements":[],"isInner":false,"widgetType":"heading","elType":"widget"},{"id":"5419e279","settings":{"icon_list":[{"text":"Dinas Perindustrian dan Perdagangan Kab. Blitar","selected_icon":{"value":"fas fa-map-marker-alt","library":"fa-solid"},"_id":"e7469c0"},{"text":"Jl. Raya Kediri No. 18, Sanan Kulon, Blitar | 66151","selected_icon":{"value":"far fa-map","library":"fa-regular"},"_id":"4b0c723"},{"text":"abangmarko3@gmail.com","selected_icon":{"value":"far fa-envelope","library":"fa-regular"},"_id":"f395430"},{"text":"081 33 176 176 6 (Bang Marko)","selected_icon":{"value":"fas fa-phone-alt","library":"fa-solid"},"_id":"72082db"}],"space_between":{"unit":"px","size":15,"sizes":[]},"icon_color":"#000000","icon_size":{"unit":"px","size":30,"sizes":[]},"text_color":"#000000","text_indent":{"unit":"px","size":20,"sizes":[]},"icon_typography_typography":"custom","icon_typography_font_family":"Poppins","icon_typography_font_size":{"unit":"px","size":18,"sizes":[]},"icon_typography_font_weight":"400","_margin":{"unit":"px","top":"20","right":"0","bottom":"0","left":"0","isLinked":false},"space_between_tablet":{"unit":"px","size":10,"sizes":[]},"space_between_mobile":{"unit":"px","size":20,"sizes":[]},"icon_typography_font_size_tablet":{"unit":"px","size":18,"sizes":[]},"_margin_mobile":{"unit":"px","top":"10","right":"0","bottom":"0","left":"0","isLinked":false}},"elements":[],"isInner":false,"widgetType":"icon-list","elType":"widget"}],"isInner":false,"elType":"column"}],"isInner":false,"elType":"section"},{"id":"7461ecf5","settings":{"background_background":"classic","background_color":"#000000","padding":{"unit":"px","top":"20","right":"0","bottom":"20","left":"0","isLinked":false}},"elements":[{"id":"d656128","settings":{"_column_size":100,"_inline_size":null},"elements":[{"id":"6e53c759","settings":{"image":{"id":818,"url":"https:\/\/wordpress-118914-1748443.cloudwaysapps.com\/wp-content\/uploads\/2021\/02\/identity-abang-marko-min-1.jpg"},"image_size":"thumbnail","width":{"unit":"px","size":55,"sizes":[]},"space":{"unit":"px","size":55,"sizes":[]},"custom_css":"selector {width:55px;height: 55px;margin:0 auto 20px;}"},"elements":[],"isInner":false,"widgetType":"image","elType":"widget"},{"id":"278ba7d9","settings":{"title":"Official Website Abang Marko","header_size":"p","align":"center","title_color":"#ffd700","typography_typography":"custom","typography_font_family":"Poppins","typography_font_size":{"unit":"px","size":16,"sizes":[]},"_margin":{"unit":"px","top":"-10","right":"0","bottom":"0","left":"0","isLinked":false},"typography_font_size_mobile":{"unit":"px","size":16,"sizes":[]},"_margin_mobile":{"unit":"px","top":"-17","right":"0","bottom":"0","left":"0","isLinked":false},"typography_font_weight":"400"},"elements":[],"isInner":false,"widgetType":"heading","elType":"widget"},{"id":"5230c996","settings":{"title":"\u00a9 Copyright 2019 www.abangmarko.com","header_size":"p","align":"center","title_color":"#ffd700","typography_typography":"custom","typography_font_family":"Poppins","typography_font_size":{"unit":"px","size":16,"sizes":[]},"_margin":{"unit":"px","top":"-15","right":"0","bottom":"0","left":"0","isLinked":false},"typography_font_size_mobile":{"unit":"px","size":16,"sizes":[]},"_margin_mobile":{"unit":"px","top":"-20","right":"0","bottom":"0","left":"0","isLinked":false},"typography_font_weight":"400"},"elements":[],"isInner":false,"widgetType":"heading","elType":"widget"},{"id":"254eedcb","settings":{"social_icon_list":[{"social_icon":{"value":"fab fa-facebook","library":"fa-brands"},"_id":"52302de","link":{"url":"https:\/\/www.facebook.com\/Abang-Marko-102868454429702\/","is_external":"true","nofollow":"","custom_attributes":""}},{"social_icon":{"value":"fab fa-instagram","library":"fa-brands"},"_id":"c5fbc08","link":{"url":"https:\/\/www.instagram.com\/abangmarkoblitar\/","is_external":"true","nofollow":"","custom_attributes":""}}],"shape":"circle","icon_color":"custom","icon_primary_color":"#ffd700","icon_secondary_color":"#000000","icon_size":{"unit":"px","size":22,"sizes":[]},"icon_padding":{"unit":"em","size":0.4,"sizes":[]},"icon_spacing":{"unit":"px","size":7,"sizes":[]}},"elements":[],"isInner":false,"widgetType":"social-icons","elType":"widget"}],"isInner":false,"elType":"column"}],"isInner":false,"elType":"section"},{"id":"6da81a0f","settings":{"layout":"full_width","background_background":"gradient","margin":{"unit":"px","top":"-20","right":0,"bottom":"0","left":0,"isLinked":false},"sticky":"bottom"},"elements":[{"id":"729c2a86","settings":{"_column_size":100,"_inline_size":null},"elements":[{"id":"eef79b9","settings":{"selected_icon":{"value":"fas fa-angle-up","library":"fa-solid"},"view":"stacked","link":{"url":"#","is_external":"","nofollow":""},"align":"right","primary_color":"#ffd700","secondary_color":"#000000","size":{"unit":"px","size":25,"sizes":[]},"border_width":{"unit":"px","top":"3","right":"3","bottom":"3","left":"3","isLinked":true},"_position":"fixed","_offset_orientation_h":"end","_offset_x_end":{"unit":"px","size":10,"sizes":[]},"_offset_orientation_v":"end","_offset_y_end":{"unit":"px","size":63,"sizes":[]},"custom_css":".elementor-view-stacked .elementor-icon {box-shadow: 0 3px 5px 0 rgba(0,0,0,0.2)\n}","_element_width":"initial","_element_custom_width":{"unit":"px","size":100,"sizes":[]}},"elements":[],"isInner":false,"widgetType":"icon","elType":"widget"},{"id":"7100c3cd","settings":{"selected_icon":{"value":"fab fa-whatsapp","library":"fa-brands"},"view":"stacked","link":{"url":"https:\/\/api.whatsapp.com\/send?phone=6281331761766&text=Hay...","is_external":"","nofollow":""},"align":"right","primary_color":"#00ce1b","secondary_color":"#ffffff","size":{"unit":"px","size":25,"sizes":[]},"border_width":{"unit":"px","top":"3","right":"3","bottom":"3","left":"3","isLinked":true},"_margin":{"unit":"px","top":"-20","right":"0","bottom":"0","left":"0","isLinked":false},"_position":"fixed","_offset_orientation_h":"end","_offset_x_end":{"unit":"px","size":10,"sizes":[]},"_offset_orientation_v":"end","_offset_y_end":{"unit":"px","size":5,"sizes":[]},"custom_css":".elementor-view-stacked .elementor-icon {box-shadow: 0 3px 5px 0 rgba(0,0,0,0.2)\n}","_element_width":"initial","_element_custom_width":{"unit":"px","size":100,"sizes":[]}},"elements":[],"isInner":false,"widgetType":"icon","elType":"widget"}],"isInner":false,"elType":"column"}],"isInner":false,"elType":"section"}]}