{"version":"0.4","title":"#AM &#8211; Nav","type":"header","content":[{"id":"6f4657ce","settings":{"structure":"30","background_background":"classic","layout":"full_width","gap":"no","height":"min-height","custom_height":{"unit":"px","size":70,"sizes":[]},"padding":{"unit":"px","top":"0","right":"20","bottom":"0","left":"20","isLinked":false},"padding_mobile":{"unit":"px","top":"0","right":"3","bottom":"0","left":"3","isLinked":false},"margin_mobile":{"unit":"px","top":"0","right":0,"bottom":"0","left":0,"isLinked":false},"sticky":"top","sticky_effects_offset":1,"custom_css":"selector.elementor-sticky--effects{background:#000;\r\n   box-shadow: 0 10px 23px 0 rgba(0,0,0,.20)\r\n}\r\n\r\nselector{\r\n   transition: box-shadow 2s ease ;\r\n   transition: background 0.5s ease \r\n   \r\n}\r\n"},"elements":[{"id":"30ca9952","settings":{"_column_size":33,"_inline_size":15.724,"_inline_size_mobile":45,"content_position":"center","_inline_size_tablet":25},"elements":[{"id":"17e37047","settings":{"image":{"id":806,"url":"https:\/\/wordpress-118914-1748443.cloudwaysapps.com\/wp-content\/uploads\/2021\/02\/cropped-LOGO-HEADER-ABANG-MARKO-min.png"}},"elements":[],"isInner":false,"widgetType":"image","elType":"widget"}],"isInner":false,"elType":"column"},{"id":"12bcec11","settings":{"_column_size":33,"_inline_size":70.608,"_inline_size_mobile":14,"_inline_size_tablet":55,"content_position_tablet":"center"},"elements":[{"id":"6aede10d","settings":{"align_items":"right","menu_typography_typography":"custom","menu_typography_font_family":"Poppins","menu_typography_font_weight":"400","color_menu_item":"#ffd700","pointer_color_menu_item_hover":"#ffd700","pointer_color_menu_item_active":"#ffd700","full_width":"stretch","toggle_align":"right","menu_typography_font_size":{"unit":"px","size":14,"sizes":[]},"padding_horizontal_menu_item":{"unit":"px","size":10,"sizes":[]},"toggle_color":"#ffd700","toggle_size":{"unit":"px","size":21,"sizes":[]},"toggle_border_width":{"unit":"px","size":2,"sizes":[]},"toggle_border_radius":{"unit":"px","size":3,"sizes":[]},"dropdown_typography_typography":"custom","dropdown_typography_font_family":"Titillium Web","dropdown_typography_font_size_tablet":{"unit":"px","size":15,"sizes":[]},"dropdown_typography_font_weight":"600","dropdown_box_shadow_box_shadow_type":"yes","dropdown_divider_border":"solid","dropdown_divider_color":"#eee","dropdown_divider_width":{"unit":"px","size":1,"sizes":[]},"_z_index":9,"menu_typography_text_transform":"uppercase","pointer":"background","color_menu_item_hover_pointer_bg":"#000000","padding_vertical_menu_item":{"unit":"px","size":10,"sizes":[]}},"elements":[],"isInner":false,"widgetType":"nav-menu","elType":"widget"}],"isInner":false,"elType":"column"},{"id":"303b77a7","settings":{"_column_size":33,"_inline_size":13,"content_position":"center","_inline_size_mobile":41,"_inline_size_tablet":20},"elements":[{"id":"58b73dc2","settings":{"text":"Registrasi","align":"right","typography_typography":"custom","typography_font_family":"Poppins","typography_font_weight":"400","button_text_color":"#000000","border_radius":{"unit":"px","top":"50","right":"50","bottom":"50","left":"50","isLinked":true},"link":{"url":"http:\/\/bit.ly\/daftarabangmarko20","is_external":"","nofollow":""},"align_mobile":"right","icon_indent":{"unit":"px","size":10,"sizes":[]},"text_padding":{"unit":"px","top":"10","right":"15","bottom":"10","left":"15","isLinked":false},"_element_id":"daftaratas","_z_index":9,"_css_classes":"button-daftar","custom_css":"selector .elementor-button {    background: rgb(255,215,0);\r\nbackground: linear-gradient(308deg, rgba(255,215,0,1) 0%, rgba(255,233,116,1) 50%, rgba(255,215,0,1) 100%);}","selected_icon":{"value":"fas fa-pencil-alt","library":"fa-solid"},"icon_align":"right"},"elements":[],"isInner":false,"widgetType":"button","elType":"widget"}],"isInner":false,"elType":"column"}],"isInner":false,"elType":"section"}]}