{"version":"0.4","title":"#AM \u2013 Home \u2013 All","type":"page","content":[{"id":"42c1dcf8","settings":{"height":"min-height","custom_height":{"unit":"vh","size":100,"sizes":[]},"structure":"20","background_background":"classic","background_color":"#2e2c2a","background_overlay_background":"classic","background_overlay_image":{"id":"686","url":"https:\/\/wordpress-118914-1748443.cloudwaysapps.com\/wp-content\/uploads\/2021\/02\/free_texture_friday_931-1024x682-min-1.jpg"},"background_overlay_position":"center left","background_overlay_attachment":"fixed","background_overlay_repeat":"no-repeat","background_overlay_size":"cover","background_overlay_opacity":{"unit":"px","size":0.7,"sizes":[]},"css_filters_css_filter":"custom","layout":"full_width","gap":"no","custom_height_tablet":{"unit":"vh","size":60,"sizes":[]},"custom_height_mobile":{"unit":"vh","size":100,"sizes":[]},"column_position":"bottom","margin":{"unit":"px","top":"-70","right":0,"bottom":"0","left":0,"isLinked":false}},"elements":[{"id":"25651162","settings":{"_column_size":50,"_inline_size":49.907,"background_color":"#ffd700","margin":{"unit":"px","top":"0","right":"0","bottom":"0","left":"0","isLinked":true},"padding":{"unit":"px","top":"0","right":"0","bottom":"0","left":"30","isLinked":false},"content_position":"center","content_position_tablet":"center","padding_mobile":{"unit":"px","top":"0","right":"0","bottom":"0","left":"0","isLinked":false}},"elements":[{"id":"1d0763f7","settings":{"background_color":"#000000","padding":{"unit":"px","top":"0","right":"0","bottom":"0","left":"0","isLinked":false},"margin":{"unit":"px","top":"","right":0,"bottom":"","left":0,"isLinked":true},"margin_mobile":{"unit":"px","top":"90","right":0,"bottom":"0","left":0,"isLinked":false}},"elements":[{"id":"60022881","settings":{"_column_size":100,"_inline_size":null,"border_color":"#000000","background_background":"classic","background_color":"#ffd700","margin":{"unit":"px","top":"0","right":"20","bottom":"0","left":"20","isLinked":false},"padding":{"unit":"px","top":"30","right":"30","bottom":"30","left":"30","isLinked":false}},"elements":[{"id":"689bd2c6","settings":{"editor":"<h1>ABANG MARKO 2020<\/h1><h2>AUDISI PENGEMBANGAN MARKETING ONLINE<\/h2>","align":"left","text_color":"#000000","typography_typography":"custom","typography_font_family":"Oswald","typography_font_weight":"800","custom_css":"selector h1, selector h2 {font-weight:800;font-family:oswald;}\nselector h1 {font-size:44px;margin-top:-6px;line-height:1em;}\nselector h2 {font-size:22px;margin-top:-20px;margin-bottom:-5px;}\nselector {border-left: 5px solid #000;padding-left:10px;}\n@media screen and (max-width:768px) {selector h1 {line-height:0.9em;margin-top:-5px;font-size:26px;}\nselector h2 {margin-top:-10px;font-size:12px;}\n}"},"elements":[],"isInner":false,"widgetType":"text-editor","elType":"widget"},{"id":"7935dac3","settings":{"editor":"<p>Setelah sukses di 2019, kini Abang Marko 2020 hadir lagi. Rangkaian kelas pelatihan intensive dan eksklusif dari Pemerintah Kabupaten Blitar yang akan mengajarkan Anda bagaimana menjadi seorang internet marketer handal.<\/p>","text_color":"#000000","typography_typography":"custom","typography_font_family":"Poppins","typography_font_size":{"unit":"px","size":16,"sizes":[]},"typography_font_weight":"400","_margin":{"unit":"px","top":"10","right":"0","bottom":"0","left":"0","isLinked":false},"typography_font_size_mobile":{"unit":"px","size":14,"sizes":[]}},"elements":[],"isInner":false,"widgetType":"text-editor","elType":"widget"}],"isInner":true,"elType":"column"}],"isInner":true,"elType":"section"},{"id":"588195ee","settings":{"hide_mobile":"hidden-phone"},"elements":[],"isInner":false,"widgetType":"spacer","elType":"widget"}],"isInner":false,"elType":"column"},{"id":"3808fb5e","settings":{"_column_size":50,"_inline_size":50.093,"content_position_tablet":"center"},"elements":[{"id":"6264c1cf","settings":{"image":{"id":"685","url":"https:\/\/wordpress-118914-1748443.cloudwaysapps.com\/wp-content\/uploads\/2021\/02\/abang-marko-header-1.2-min-1.png"},"_margin":{"unit":"px","top":"0","right":"30","bottom":"0","left":"0","isLinked":false},"_margin_mobile":{"unit":"px","top":"20","right":"0","bottom":"0","left":"0","isLinked":false},"css_filters_css_filter":"custom","css_filters_saturate":{"unit":"px","size":115,"sizes":[]}},"elements":[],"isInner":false,"widgetType":"image","elType":"widget"}],"isInner":false,"elType":"column"}],"isInner":false,"elType":"section"},{"id":"6c7aeb28","settings":{"background_background":"classic","background_color":"#1a1615","padding":{"unit":"px","top":"40","right":"0","bottom":"40","left":"0","isLinked":false},"background_overlay_image":{"id":"687","url":"https:\/\/wordpress-118914-1748443.cloudwaysapps.com\/wp-content\/uploads\/2021\/02\/shape-new-min.png"},"background_overlay_position":"bottom center","background_overlay_repeat":"no-repeat","background_overlay_opacity":{"unit":"px","size":1,"sizes":[]},"_element_id":"tentang","structure":"20"},"elements":[{"id":"f9e0b00","settings":{"_column_size":50,"_inline_size":null,"content_position":"center"},"elements":[{"id":"2216e632","settings":{"editor":"<p>Teknologi digital telah merubah bagaimana kita berinteraksi setiap harinya. Hal ini termasuk bagaimana kita melakukan pemasaran dalam bisnis.<\/p><p>Melalui program yang dihelat pemerintah kabupaten Blitar ini diharapkan mampu menjadi wadah yang dapat Anda manfaatkan sebaik mungkin <strong>untuk lebih jeli melihat peluang dan memulai usaha dibidang pemasaran.<\/strong><\/p>","text_color":"#ffffff","typography_typography":"custom","typography_font_family":"Poppins","typography_font_size":{"unit":"px","size":16,"sizes":[]},"typography_font_weight":"400","_margin":{"unit":"px","top":"0","right":"0","bottom":"0","left":"0","isLinked":false},"align":"left","align_mobile":"center","typography_font_size_tablet":{"unit":"px","size":14,"sizes":[]}},"elements":[],"isInner":false,"widgetType":"text-editor","elType":"widget"},{"id":"35434662","settings":{"title":"Kelas ini <b>GRATIS<\/b>, tidak dipungut biaya sama sekali.","header_size":"h3","title_color":"#ffffff","typography_typography":"custom","typography_font_family":"Poppins","typography_font_size":{"unit":"px","size":16,"sizes":[]},"typography_font_weight":"400","_margin":{"unit":"px","top":"-10","right":"0","bottom":"15","left":"0","isLinked":false},"align_mobile":"center","typography_line_height_mobile":{"unit":"em","size":1.4,"sizes":[]},"typography_text_transform":"uppercase","typography_font_size_tablet":{"unit":"px","size":14,"sizes":[]}},"elements":[],"isInner":false,"widgetType":"heading","elType":"widget"},{"id":"327cf8c6","settings":{"editor":"<p>Dimentori oleh praktisi profesional di bidangnya yang dikemas dengan penyampaian yang mudah dimengerti, sekaligus langsung praktik di lokasi.<\/p>","text_color":"#ffffff","typography_typography":"custom","typography_font_family":"Poppins","typography_font_size":{"unit":"px","size":16,"sizes":[]},"typography_font_weight":"400","_margin":{"unit":"px","top":"-15","right":"0","bottom":"-15","left":"0","isLinked":false},"align_mobile":"center","align":"left","typography_font_size_tablet":{"unit":"px","size":14,"sizes":[]}},"elements":[],"isInner":false,"widgetType":"text-editor","elType":"widget"}],"isInner":false,"elType":"column"},{"id":"3bb6d771","settings":{"_column_size":50,"_inline_size":null,"content_position":"center"},"elements":[{"id":"62c61164","settings":{"youtube_url":"https:\/\/www.youtube.com\/watch?v=Kyc0MQepna0","vimeo_url":"https:\/\/vimeo.com\/235215203","dailymotion_url":"https:\/\/www.dailymotion.com\/video\/x6tqhqb","image_overlay":{"id":"97","url":"https:\/\/wordpress-118914-1748443.cloudwaysapps.com\/wp-content\/uploads\/2021\/02\/placeholder.png"}},"elements":[],"isInner":false,"widgetType":"video","elType":"widget"}],"isInner":false,"elType":"column"}],"isInner":false,"elType":"section"},{"id":"5012c640","settings":{"background_background":"classic","background_color":"#2e2c2a","padding":{"unit":"px","top":"40","right":"0","bottom":"110","left":"0","isLinked":false},"css_filters_css_filter":"custom","background_overlay_opacity":{"unit":"px","size":1,"sizes":[]},"css_filters_saturate":{"unit":"px","size":200,"sizes":[]},"background_overlay_repeat":"no-repeat","structure":"20","padding_mobile":{"unit":"px","top":"20","right":"0","bottom":"20","left":"0","isLinked":false}},"elements":[{"id":"46e071","settings":{"_column_size":50,"_inline_size":null,"content_position":"center","_inline_size_tablet":100},"elements":[{"id":"167b6c22","settings":{"image":{"id":"688","url":"https:\/\/wordpress-118914-1748443.cloudwaysapps.com\/wp-content\/uploads\/2021\/02\/abangmarko1-min.jpg"},"image_border_radius":{"unit":"px","top":"0","right":"0","bottom":"0","left":"0","isLinked":true},"image_box_shadow_box_shadow_type":"yes","image_box_shadow_box_shadow":{"horizontal":0,"vertical":0,"blur":17,"spread":-9,"color":"rgba(0,0,0,0.5)"},"image_size":"medium_large","space_tablet":{"unit":"%","size":60,"sizes":[]},"space_mobile":{"unit":"%","size":90,"sizes":[]},"css_filters_brightness":{"unit":"px","size":200,"sizes":[]},"css_filters_saturate":{"unit":"px","size":200,"sizes":[]},"css_filters_hue":{"unit":"px","size":280,"sizes":[]}},"elements":[],"isInner":false,"widgetType":"image","elType":"widget"}],"isInner":false,"elType":"column"},{"id":"a00c8c3","settings":{"_column_size":50,"_inline_size":null,"_inline_size_tablet":100,"margin_tablet":{"unit":"px","top":"20","right":"20","bottom":"0","left":"20","isLinked":false},"margin_mobile":{"unit":"px","top":"20","right":"0","bottom":"0","left":"0","isLinked":false},"padding_mobile":{"unit":"px","top":"20","right":"20","bottom":"20","left":"20","isLinked":true},"content_position":"center"},"elements":[{"id":"6530e6e8","settings":{"title":"Siapa yang bisa ikut kelas ini ?","title_color":"#ffffff","typography_typography":"custom","typography_font_family":"Oswald","typography_font_weight":"800","typography_font_size":{"unit":"px","size":32,"sizes":[]},"typography_text_transform":"uppercase"},"elements":[],"isInner":false,"widgetType":"heading","elType":"widget"},{"id":"12259b9f","settings":{"icon_list":[{"text":"Anda yang baru lulus SMA\/SMK, Kuliah, pemuda karang taruna, pendamping desa, pokdarwis, dan remaja aktif ","selected_icon":{"value":"fas fa-chevron-circle-right","library":"fa-solid"},"_id":"353270e"},{"text":"Anda yang sudah mulai belajar pemasaran online, tapi masih belum tau bagaimana strateginya","selected_icon":{"value":"fas fa-chevron-circle-right","library":"fa-solid"},"_id":"4a93f45"},{"text":"Anda yang sudah pernah menjalankan pemasaran online tapi teknik Anda telah usang","selected_icon":{"value":"fas fa-chevron-circle-right","library":"fa-solid"},"_id":"e8ccf8e"},{"text":"Anda pemilik usaha yang selama ini masih berbisnis secara offline, dan berminat mengembangakan usaha secara online dengan membentuk tim online marketer","selected_icon":{"value":"fas fa-chevron-circle-right","library":"fa-solid"},"_id":"c7999cc"}],"space_between":{"unit":"px","size":15,"sizes":[]},"icon_color":"#ffd700","icon_size":{"unit":"px","size":24,"sizes":[]},"text_color":"#ffffff","text_indent":{"unit":"px","size":30,"sizes":[]},"icon_typography_typography":"custom","icon_typography_font_family":"Poppins","icon_typography_font_size":{"unit":"px","size":16,"sizes":[]},"icon_typography_font_weight":"400","_margin":{"unit":"px","top":"10","right":"0","bottom":"0","left":"0","isLinked":false}},"elements":[],"isInner":false,"widgetType":"icon-list","elType":"widget"}],"isInner":false,"elType":"column"}],"isInner":false,"elType":"section"},{"id":"3c6d21fc","settings":{"background_color":"#ffd700","background_overlay_background":"classic","background_overlay_repeat":"no-repeat","margin":{"unit":"px","top":"-70","right":0,"bottom":"-70","left":0,"isLinked":true},"padding":{"unit":"px","top":"0","right":"0","bottom":"0","left":"0","isLinked":false},"structure":"20","margin_mobile":{"unit":"px","top":"0","right":0,"bottom":"0","left":0,"isLinked":false},"layout":"full_width","gap":"no"},"elements":[{"id":"d379149","settings":{"_column_size":50,"_inline_size":70,"background_background":"classic","background_color":"#ffd700","padding":{"unit":"px","top":"20","right":"20","bottom":"20","left":"30","isLinked":false},"z_index":1,"content_position":"center","_inline_size_tablet":60},"elements":[{"id":"43ee904a","settings":{"editor":"<p><strong>Kelas ini hanya untuk orang-orang yang serius dan komitmen mendalami digital marketing dan menjadi internet marketer profesional<\/strong><\/p>","align":"left","text_color":"#000000","typography_typography":"custom","typography_font_family":"Poppins","typography_font_size":{"unit":"px","size":18,"sizes":[]},"typography_font_weight":"100","typography_line_height":{"unit":"em","size":1.3,"sizes":[]},"_margin":{"unit":"px","top":"0","right":"0","bottom":"-15","left":"0","isLinked":false},"typography_font_size_tablet":{"unit":"px","size":16,"sizes":[]},"typography_font_size_mobile":{"unit":"px","size":16,"sizes":[]}},"elements":[],"isInner":false,"widgetType":"text-editor","elType":"widget"},{"id":"4d3a7e62","settings":{"editor":"<p>APAKAH ANDA SIAP ?<\/p>","align":"left","text_color":"#000000","typography_typography":"custom","typography_font_family":"Poppins","typography_font_size":{"unit":"px","size":44,"sizes":[]},"typography_font_weight":"800","typography_line_height":{"unit":"em","size":1.3,"sizes":[]},"typography_text_transform":"uppercase","_margin":{"unit":"px","top":"-15","right":"0","bottom":"-20","left":"0","isLinked":false},"typography_font_size_tablet":{"unit":"px","size":36,"sizes":[]},"typography_font_size_mobile":{"unit":"px","size":26,"sizes":[]}},"elements":[],"isInner":false,"widgetType":"text-editor","elType":"widget"}],"isInner":false,"elType":"column"},{"id":"bca69d4","settings":{"_column_size":50,"_inline_size":30,"content_position":"center","background_background":"classic","background_color":"#ffd700","padding":{"unit":"px","top":"20","right":"20","bottom":"20","left":"20","isLinked":false},"z_index":1,"_inline_size_tablet":40,"margin_mobile":{"unit":"px","top":"-20","right":"0","bottom":"0","left":"0","isLinked":false}},"elements":[{"id":"2d4362ad","settings":{"text":"Yuks daftar sekarang !","align":"justify","selected_icon":{"value":"fas fa-pencil-alt","library":"fa-solid"},"icon_align":"right","icon_indent":{"unit":"px","size":15,"sizes":[]},"typography_typography":"custom","typography_font_family":"Poppins","typography_font_size":{"unit":"px","size":17,"sizes":[]},"typography_font_weight":"400","button_text_color":"#ffffff","hover_animation":"float","border_radius":{"unit":"px","top":"20","right":"20","bottom":"20","left":"20","isLinked":true},"_margin":{"unit":"px","top":"0","right":"0","bottom":"0","left":"0","isLinked":false},"_css_classes":"button-daftar","link":{"url":"http:\/\/bit.ly\/daftarabangmarko20","is_external":"","nofollow":""},"button_css_id":"daftar1","background_color":"#0c0c0c","typography_font_size_tablet":{"unit":"px","size":16,"sizes":[]}},"elements":[],"isInner":false,"widgetType":"button","elType":"widget"},{"id":"f89cc7a","settings":{"text":"Jadwal Abang Marko","align":"justify","selected_icon":{"value":"far fa-calendar-alt","library":"fa-regular"},"icon_align":"right","icon_indent":{"unit":"px","size":15,"sizes":[]},"typography_typography":"custom","typography_font_family":"Poppins","typography_font_size":{"unit":"px","size":17,"sizes":[]},"typography_font_weight":"400","button_text_color":"#ffffff","hover_animation":"float","border_radius":{"unit":"px","top":"20","right":"20","bottom":"20","left":"20","isLinked":true},"_margin":{"unit":"px","top":"-10","right":"0","bottom":"0","left":"0","isLinked":false},"_css_classes":"button-daftar","link":{"url":"#jadwal","is_external":"","nofollow":""},"button_css_id":"daftar1","background_color":"#000000","typography_font_size_tablet":{"unit":"px","size":16,"sizes":[]}},"elements":[],"isInner":false,"widgetType":"button","elType":"widget"}],"isInner":false,"elType":"column"}],"isInner":false,"elType":"section"},{"id":"2b5c5461","settings":{"structure":"20","background_background":"classic","background_color":"#1a1615","padding":{"unit":"px","top":"110","right":"0","bottom":"40","left":"0","isLinked":false},"padding_mobile":{"unit":"px","top":"20","right":"0","bottom":"20","left":"0","isLinked":false},"margin":{"unit":"px","top":"-72","right":0,"bottom":"0","left":0,"isLinked":false},"margin_mobile":{"unit":"px","top":"0","right":0,"bottom":"0","left":0,"isLinked":false}},"elements":[{"id":"2cacbb85","settings":{"_column_size":50,"_inline_size":null,"content_position":"center","_inline_size_tablet":100,"margin_tablet":{"unit":"px","top":"20","right":"20","bottom":"0","left":"20","isLinked":false},"margin_mobile":{"unit":"px","top":"0","right":"0","bottom":"0","left":"0","isLinked":false},"padding_mobile":{"unit":"px","top":"20","right":"20","bottom":"20","left":"20","isLinked":true}},"elements":[{"id":"3a352ba4","settings":{"title":"Bagaimana Metode Pembelajaran di Kelas Abang Marko?","title_color":"#ffffff","typography_typography":"custom","typography_font_family":"Oswald","typography_font_weight":"800","typography_font_size":{"unit":"px","size":32,"sizes":[]},"typography_text_transform":"uppercase","typography_font_size_mobile":{"unit":"px","size":28,"sizes":[]}},"elements":[],"isInner":false,"widgetType":"heading","elType":"widget"},{"id":"d01de33","settings":{"editor":"<p><strong>Kelas Abang Marko<\/strong> ini dilaksanakan 10 kali pertemuan dalam kurun waktu 6 bulan dengan metode sederhana tapi powerfull, dibawakan secara fun yang berimpact langsung pada keterampilan Anda dalam menjalankan aktivitas digital.<\/p><p>Membuka mindset tentang bisnis berbasis online, memetakan potensi sumber daya lokal, jeli melihat peluang, dan mengadopsi media digital untuk strategi pemasaran ke ranah global.<\/p><p>Di kelas ini Anda akan diajarkan langkah strategis memulai pemasaran online yang efektif.<\/p>","align":"left","text_color":"#ffffff","typography_typography":"custom","typography_font_family":"Poppins","typography_font_size":{"unit":"px","size":16,"sizes":[]},"typography_font_weight":"400","_margin":{"unit":"px","top":"20","right":"0","bottom":"0","left":"0","isLinked":false}},"elements":[],"isInner":false,"widgetType":"text-editor","elType":"widget"}],"isInner":false,"elType":"column"},{"id":"597b6dea","settings":{"_column_size":50,"_inline_size":null,"content_position":"center","_inline_size_tablet":100},"elements":[{"id":"3d5b0357","settings":{"image":{"id":"689","url":"https:\/\/wordpress-118914-1748443.cloudwaysapps.com\/wp-content\/uploads\/2021\/02\/abangmarko2-min.jpg"},"css_filters_brightness":{"unit":"px","size":200,"sizes":[]},"css_filters_saturate":{"unit":"px","size":200,"sizes":[]},"css_filters_hue":{"unit":"px","size":280,"sizes":[]},"image_border_radius":{"unit":"px","top":"0","right":"0","bottom":"0","left":"0","isLinked":true},"image_box_shadow_box_shadow_type":"yes","image_box_shadow_box_shadow":{"horizontal":0,"vertical":0,"blur":17,"spread":-9,"color":"rgba(0,0,0,0.5)"},"space_tablet":{"unit":"%","size":60,"sizes":[]},"space_mobile":{"unit":"%","size":90,"sizes":[]},"image_size":"medium_large","align_tablet":"center"},"elements":[],"isInner":false,"widgetType":"image","elType":"widget"}],"isInner":false,"elType":"column"}],"isInner":false,"elType":"section"},{"id":"68b104e9","settings":{"structure":"20","background_background":"classic","background_color":"#2e2c2a","padding":{"unit":"px","top":"40","right":"0","bottom":"40","left":"0","isLinked":false}},"elements":[{"id":"66cf229c","settings":{"_column_size":50,"_inline_size":null,"content_position_tablet":"center"},"elements":[{"id":"3e9ebd71","settings":{"image":{"id":"690","url":"https:\/\/wordpress-118914-1748443.cloudwaysapps.com\/wp-content\/uploads\/2021\/02\/materi-min.jpg"},"space":{"unit":"%","size":100,"sizes":[]}},"elements":[],"isInner":false,"widgetType":"image","elType":"widget"}],"isInner":false,"elType":"column"},{"id":"7bd02c6f","settings":{"_column_size":50,"_inline_size":null,"content_position":"center"},"elements":[{"id":"6e540ae7","settings":{"title":"Apa saja yang akan Anda pelajari di kelas ini?","title_color":"#ffffff","typography_typography":"custom","typography_font_family":"Oswald","typography_font_weight":"800","typography_font_size":{"unit":"px","size":32,"sizes":[]},"typography_text_transform":"uppercase","typography_font_size_tablet":{"unit":"px","size":30,"sizes":[]},"typography_font_size_mobile":{"unit":"px","size":28,"sizes":[]}},"elements":[],"isInner":false,"widgetType":"heading","elType":"widget"},{"id":"673b71f","settings":{"icon_list":[{"text":"Mindset dan Goal Setting sebagai digital preneur","selected_icon":{"value":"fas fa-chevron-circle-right","library":"fa-solid"},"_id":"353270e"},{"text":"Digital marketing fundamental","selected_icon":{"value":"fas fa-chevron-circle-right","library":"fa-solid"},"_id":"4a93f45"},{"text":"Konten Marketing dan Copywriting","selected_icon":{"value":"fas fa-chevron-circle-right","library":"fa-solid"},"_id":"e8ccf8e"},{"text":"Search Engine Marketing (Website, Youtube)","selected_icon":{"value":"fas fa-chevron-circle-right","library":"fa-solid"},"_id":"c7999cc"},{"text":"Social Media Marketing (FB, IG, Tiktok)","selected_icon":{"value":"fas fa-chevron-circle-right","library":"fa-solid"},"_id":"7f31818"},{"text":"Marketplace opportunity","selected_icon":{"value":"fas fa-chevron-circle-right","library":"fa-solid"},"_id":"08ce012"}],"space_between":{"unit":"px","size":15,"sizes":[]},"icon_color":"#ffd700","icon_size":{"unit":"px","size":24,"sizes":[]},"text_color":"#ffffff","text_indent":{"unit":"px","size":30,"sizes":[]},"icon_typography_typography":"custom","icon_typography_font_family":"Poppins","icon_typography_font_size":{"unit":"px","size":16,"sizes":[]},"icon_typography_font_weight":"400","_margin":{"unit":"px","top":"10","right":"0","bottom":"0","left":"0","isLinked":false},"space_between_tablet":{"unit":"px","size":2,"sizes":[]},"icon_size_tablet":{"unit":"px","size":16,"sizes":[]},"icon_typography_font_size_tablet":{"unit":"px","size":14,"sizes":[]}},"elements":[],"isInner":false,"widgetType":"icon-list","elType":"widget"}],"isInner":false,"elType":"column"}],"isInner":false,"elType":"section"},{"id":"1012794b","settings":{"background_background":"classic","background_color":"#1a1615","padding":{"unit":"px","top":"40","right":"0","bottom":"40","left":"0","isLinked":false},"background_overlay_image":{"id":"686","url":"https:\/\/wordpress-118914-1748443.cloudwaysapps.com\/wp-content\/uploads\/2021\/02\/free_texture_friday_931-1024x682-min-1.jpg"},"background_overlay_position":"center left","background_overlay_attachment":"fixed","background_overlay_repeat":"no-repeat","background_overlay_size":"cover"},"elements":[{"id":"50c7972","settings":{"_column_size":100},"elements":[{"id":"646b19a4","settings":{"title":"yang akan Anda dapatkan di kelas Abang Marko","align":"center","title_color":"#ffffff","typography_typography":"custom","typography_font_family":"Oswald","typography_font_size":{"unit":"px","size":36,"sizes":[]},"typography_font_weight":"800","typography_text_transform":"uppercase","_element_width":"initial","_element_custom_width":{"unit":"px","size":600,"sizes":[]},"custom_css":"selector {margin:0 auto;}","typography_font_size_mobile":{"unit":"px","size":28,"sizes":[]}},"elements":[],"isInner":false,"widgetType":"heading","elType":"widget"},{"id":"7c3ca786","settings":{"html":"<hr \/>","_margin":{"unit":"px","top":"25","right":"0","bottom":"0","left":"0","isLinked":false},"custom_css":"selector hr {\r\n    width: 300px;\r\n    border: 0;\r\n    height: 4px;\r\n    background-image: linear-gradient(to right,rgba(0,0,0,0),rgb(\t255, 215, 0),rgba(0,0,0,0));\r\n    margin: 5px auto 0;\r\n}"},"elements":[],"isInner":false,"widgetType":"html","elType":"widget"},{"id":"54a20b98","settings":{"structure":"40","margin":{"unit":"px","top":"10","right":0,"bottom":"0","left":0,"isLinked":false}},"elements":[{"id":"735c2646","settings":{"_column_size":25,"_inline_size":null,"margin":{"unit":"px","top":"10","right":"10","bottom":"10","left":"10","isLinked":true},"margin_mobile":{"unit":"px","top":"5","right":"5","bottom":"5","left":"5","isLinked":true},"padding_mobile":{"unit":"px","top":"10","right":"10","bottom":"10","left":"10","isLinked":false},"background_background":"classic","background_color":"#ffd700","padding":{"unit":"px","top":"20","right":"20","bottom":"20","left":"20","isLinked":true},"custom_css":"selector:hover {\r\n    transform: translateY(-5px)\r\n}","_inline_size_mobile":50},"elements":[{"id":"7204bff4","settings":{"selected_icon":{"value":"fas fa-globe","library":"fa-solid"},"title_text":"","description_text":"Menjadi seorang digital preneur yang mampu bersaing di pasar global\u200b","primary_color":"#000000","icon_space":{"unit":"px","size":10,"sizes":[]},"icon_size":{"unit":"px","size":70,"sizes":[]},"title_bottom_space":{"unit":"px","size":5,"sizes":[]},"description_color":"#000000","description_typography_typography":"custom","description_typography_font_family":"Poppins","description_typography_font_size":{"unit":"px","size":16,"sizes":[]},"description_typography_line_height":{"unit":"em","size":1.4,"sizes":[]},"description_typography_font_size_tablet":{"unit":"px","size":14,"sizes":[]}},"elements":[],"isInner":false,"widgetType":"icon-box","elType":"widget"}],"isInner":true,"elType":"column"},{"id":"48d3e720","settings":{"_column_size":25,"_inline_size":null,"margin":{"unit":"px","top":"10","right":"10","bottom":"10","left":"10","isLinked":true},"margin_mobile":{"unit":"px","top":"5","right":"5","bottom":"5","left":"5","isLinked":true},"padding_mobile":{"unit":"px","top":"10","right":"10","bottom":"10","left":"10","isLinked":false},"background_background":"classic","background_color":"#ffd700","padding":{"unit":"px","top":"20","right":"20","bottom":"20","left":"20","isLinked":true},"custom_css":"selector:hover {\r\n    transform: translateY(-5px)\r\n}","_inline_size_mobile":50},"elements":[{"id":"39e2079e","settings":{"selected_icon":{"value":"fas fa-mobile-alt","library":"fa-solid"},"title_text":"","description_text":"Memanfaatkan teknologi digital untuk optimasi bisnis dan meraih pasar lebih luas","primary_color":"#000000","icon_space":{"unit":"px","size":10,"sizes":[]},"icon_size":{"unit":"px","size":70,"sizes":[]},"title_bottom_space":{"unit":"px","size":5,"sizes":[]},"description_color":"#000000","description_typography_typography":"custom","description_typography_font_family":"Poppins","description_typography_font_size":{"unit":"px","size":16,"sizes":[]},"description_typography_line_height":{"unit":"em","size":1.4,"sizes":[]},"description_typography_font_size_tablet":{"unit":"px","size":14,"sizes":[]}},"elements":[],"isInner":false,"widgetType":"icon-box","elType":"widget"}],"isInner":true,"elType":"column"},{"id":"7723b91d","settings":{"_column_size":25,"_inline_size":null,"margin":{"unit":"px","top":"10","right":"10","bottom":"10","left":"10","isLinked":true},"margin_mobile":{"unit":"px","top":"5","right":"5","bottom":"5","left":"5","isLinked":true},"padding_mobile":{"unit":"px","top":"10","right":"10","bottom":"10","left":"10","isLinked":false},"background_background":"classic","background_color":"#ffd700","padding":{"unit":"px","top":"20","right":"20","bottom":"20","left":"20","isLinked":true},"custom_css":"selector:hover {\r\n    transform: translateY(-5px)\r\n}","_inline_size_mobile":50},"elements":[{"id":"4765464b","settings":{"selected_icon":{"value":"fas fa-pencil-alt","library":"fa-solid"},"title_text":"","description_text":"Menggunakan copywriting untuk mendapatkan customer lebih banyak","primary_color":"#000000","icon_space":{"unit":"px","size":10,"sizes":[]},"icon_size":{"unit":"px","size":70,"sizes":[]},"title_bottom_space":{"unit":"px","size":5,"sizes":[]},"description_color":"#000000","description_typography_typography":"custom","description_typography_font_family":"Poppins","description_typography_font_size":{"unit":"px","size":16,"sizes":[]},"description_typography_line_height":{"unit":"em","size":1.4,"sizes":[]},"description_typography_font_size_tablet":{"unit":"px","size":14,"sizes":[]}},"elements":[],"isInner":false,"widgetType":"icon-box","elType":"widget"}],"isInner":true,"elType":"column"},{"id":"6e95316b","settings":{"_column_size":25,"_inline_size":null,"margin":{"unit":"px","top":"10","right":"10","bottom":"10","left":"10","isLinked":true},"margin_mobile":{"unit":"px","top":"5","right":"5","bottom":"5","left":"5","isLinked":true},"padding_mobile":{"unit":"px","top":"10","right":"10","bottom":"10","left":"10","isLinked":false},"background_background":"classic","background_color":"#ffd700","padding":{"unit":"px","top":"20","right":"20","bottom":"20","left":"20","isLinked":true},"custom_css":"selector:hover {\r\n    transform: translateY(-5px)\r\n}","_inline_size_mobile":50},"elements":[{"id":"4fc7775c","settings":{"selected_icon":{"value":"fas fa-search","library":"fa-solid"},"title_text":"","description_text":"Melakukan riset sederhana untuk menemukan produk yang terbaik dan pemasaran yang tepat sasaran","primary_color":"#000000","icon_space":{"unit":"px","size":10,"sizes":[]},"icon_size":{"unit":"px","size":70,"sizes":[]},"title_bottom_space":{"unit":"px","size":5,"sizes":[]},"description_color":"#000000","description_typography_typography":"custom","description_typography_font_family":"Poppins","description_typography_font_size":{"unit":"px","size":16,"sizes":[]},"description_typography_line_height":{"unit":"em","size":1.4,"sizes":[]},"description_typography_font_size_tablet":{"unit":"px","size":14,"sizes":[]}},"elements":[],"isInner":false,"widgetType":"icon-box","elType":"widget"}],"isInner":true,"elType":"column"}],"isInner":true,"elType":"section"},{"id":"40d41ebf","settings":{"structure":"40","margin":{"unit":"px","top":"0","right":0,"bottom":"0","left":0,"isLinked":false}},"elements":[{"id":"2ba82ce9","settings":{"_column_size":25,"_inline_size":null,"margin":{"unit":"px","top":"10","right":"10","bottom":"10","left":"10","isLinked":true},"margin_mobile":{"unit":"px","top":"5","right":"5","bottom":"5","left":"5","isLinked":true},"padding_mobile":{"unit":"px","top":"10","right":"10","bottom":"10","left":"10","isLinked":false},"background_background":"classic","background_color":"#ffd700","padding":{"unit":"px","top":"20","right":"20","bottom":"20","left":"20","isLinked":true},"custom_css":"selector:hover {\r\n    transform: translateY(-5px)\r\n}","_inline_size_mobile":50},"elements":[{"id":"1112a760","settings":{"selected_icon":{"value":"fas fa-users","library":"fa-solid"},"title_text":"","description_text":"Grup mentoring bisnis yang dengan sangat mudah di akses melalui genggaman","primary_color":"#000000","icon_space":{"unit":"px","size":10,"sizes":[]},"icon_size":{"unit":"px","size":70,"sizes":[]},"title_bottom_space":{"unit":"px","size":5,"sizes":[]},"description_color":"#000000","description_typography_typography":"custom","description_typography_font_family":"Poppins","description_typography_font_size":{"unit":"px","size":16,"sizes":[]},"description_typography_line_height":{"unit":"em","size":1.4,"sizes":[]},"description_typography_font_size_tablet":{"unit":"px","size":14,"sizes":[]}},"elements":[],"isInner":false,"widgetType":"icon-box","elType":"widget"}],"isInner":true,"elType":"column"},{"id":"506270a9","settings":{"_column_size":25,"_inline_size":null,"margin":{"unit":"px","top":"10","right":"10","bottom":"10","left":"10","isLinked":true},"margin_mobile":{"unit":"px","top":"5","right":"5","bottom":"5","left":"5","isLinked":true},"padding_mobile":{"unit":"px","top":"10","right":"10","bottom":"10","left":"10","isLinked":false},"background_background":"classic","background_color":"#ffd700","padding":{"unit":"px","top":"20","right":"20","bottom":"20","left":"20","isLinked":true},"custom_css":"selector:hover {\r\n    transform: translateY(-5px)\r\n}","_inline_size_mobile":50},"elements":[{"id":"797b2e58","settings":{"selected_icon":{"value":"fas fa-user-tie","library":"fa-solid"},"title_text":"","description_text":"Transfer pengalaman dari mentor yang merupakan praktisi di pemasaran online","primary_color":"#000000","icon_space":{"unit":"px","size":10,"sizes":[]},"icon_size":{"unit":"px","size":70,"sizes":[]},"title_bottom_space":{"unit":"px","size":5,"sizes":[]},"description_color":"#000000","description_typography_typography":"custom","description_typography_font_family":"Poppins","description_typography_font_size":{"unit":"px","size":16,"sizes":[]},"description_typography_line_height":{"unit":"em","size":1.4,"sizes":[]},"description_typography_font_size_tablet":{"unit":"px","size":14,"sizes":[]}},"elements":[],"isInner":false,"widgetType":"icon-box","elType":"widget"}],"isInner":true,"elType":"column"},{"id":"74d051c4","settings":{"_column_size":25,"_inline_size":null,"margin":{"unit":"px","top":"10","right":"10","bottom":"10","left":"10","isLinked":true},"margin_mobile":{"unit":"px","top":"5","right":"5","bottom":"5","left":"5","isLinked":true},"padding_mobile":{"unit":"px","top":"10","right":"10","bottom":"10","left":"10","isLinked":false},"background_background":"classic","background_color":"#ffd700","padding":{"unit":"px","top":"20","right":"20","bottom":"20","left":"20","isLinked":true},"custom_css":"selector:hover {\r\n    transform: translateY(-5px)\r\n}","_inline_size_mobile":50},"elements":[{"id":"57160917","settings":{"selected_icon":{"value":"fas fa-book","library":"fa-solid"},"title_text":"","description_text":"Materi pembelajaran yang bisa di akses sewaktu-waktu, 24 jam penuh seminggu","primary_color":"#000000","icon_space":{"unit":"px","size":10,"sizes":[]},"icon_size":{"unit":"px","size":70,"sizes":[]},"title_bottom_space":{"unit":"px","size":5,"sizes":[]},"description_color":"#000000","description_typography_typography":"custom","description_typography_font_family":"Poppins","description_typography_font_size":{"unit":"px","size":16,"sizes":[]},"description_typography_line_height":{"unit":"em","size":1.4,"sizes":[]},"description_typography_font_size_tablet":{"unit":"px","size":14,"sizes":[]}},"elements":[],"isInner":false,"widgetType":"icon-box","elType":"widget"}],"isInner":true,"elType":"column"},{"id":"547653ed","settings":{"_column_size":25,"_inline_size":null,"margin":{"unit":"px","top":"10","right":"10","bottom":"10","left":"10","isLinked":true},"margin_mobile":{"unit":"px","top":"5","right":"5","bottom":"5","left":"5","isLinked":true},"padding_mobile":{"unit":"px","top":"10","right":"10","bottom":"10","left":"10","isLinked":false},"background_background":"classic","background_color":"#ffd700","padding":{"unit":"px","top":"20","right":"20","bottom":"20","left":"20","isLinked":true},"custom_css":"selector:hover {\r\n    transform: translateY(-5px)\r\n}","_inline_size_mobile":50},"elements":[{"id":"3eaed2ab","settings":{"selected_icon":{"value":"fas fa-share-alt","library":"fa-solid"},"title_text":"","description_text":"Networking dengan para pelaku usaha lain di Blitar raya yang akan bermanfaat untuk perluas jaringan dan kolaborasi","primary_color":"#000000","icon_space":{"unit":"px","size":10,"sizes":[]},"icon_size":{"unit":"px","size":70,"sizes":[]},"title_bottom_space":{"unit":"px","size":5,"sizes":[]},"description_color":"#000000","description_typography_typography":"custom","description_typography_font_family":"Poppins","description_typography_font_size":{"unit":"px","size":16,"sizes":[]},"description_typography_line_height":{"unit":"em","size":1.4,"sizes":[]},"description_typography_font_size_tablet":{"unit":"px","size":14,"sizes":[]}},"elements":[],"isInner":false,"widgetType":"icon-box","elType":"widget"}],"isInner":true,"elType":"column"}],"isInner":true,"elType":"section"}],"isInner":false,"elType":"column"}],"isInner":false,"elType":"section"},{"id":"3a709ac1","settings":{"background_background":"classic","background_color":"#2e2c2a","padding":{"unit":"px","top":"40","right":"0","bottom":"40","left":"0","isLinked":false},"_element_id":"mentor"},"elements":[{"id":"61ab1a14","settings":{"_column_size":100},"elements":[{"id":"db10473","settings":{"title":"PARA MENTOR","header_size":"p","align":"center","title_color":"#ffffff","typography_typography":"custom","typography_font_family":"Oswald","typography_font_size":{"unit":"px","size":36,"sizes":[]},"typography_font_weight":"800","typography_text_transform":"uppercase","_margin":{"unit":"px","top":"0","right":"0","bottom":"0","left":"0","isLinked":false},"_element_width":"initial","_element_custom_width":{"unit":"px","size":1000,"sizes":[]},"custom_css":"selector {margin:0 auto;}"},"elements":[],"isInner":false,"widgetType":"heading","elType":"widget"},{"id":"58b6da59","settings":{"html":"<hr \/>","_margin":{"unit":"px","top":"25","right":"0","bottom":"0","left":"0","isLinked":false},"custom_css":"selector hr {\r\n    width: 300px;\r\n    border: 0;\r\n    height: 4px;\r\n    background-image: linear-gradient(to right,rgba(0,0,0,0),rgb(\t255, 215, 0),rgba(0,0,0,0));\r\n    margin: 5px auto 0;\r\n}"},"elements":[],"isInner":false,"widgetType":"html","elType":"widget"},{"id":"421b8b46","settings":{"editor":"<p>Anda akan mendapatkan transfer ilmu dari para mentor sekaligus praktisi di bidangnya masing-masing. Dan hanya di kelas ini mereka berbagi tips trik dan startegi jitu yang belum pernah dibuka sebelumnya.<\/p>","align":"center","text_color":"#ffffff","typography_typography":"custom","typography_font_family":"Poppins","typography_font_size":{"unit":"px","size":18,"sizes":[]},"typography_font_weight":"400","_element_width":"initial","_element_custom_width":{"unit":"px","size":700,"sizes":[]},"custom_css":"selector {margin : 0 auto;}","typography_font_size_mobile":{"unit":"px","size":14,"sizes":[]}},"elements":[],"isInner":false,"widgetType":"text-editor","elType":"widget"},{"id":"2a2ddd50","settings":{"structure":"40","margin":{"unit":"px","top":"10","right":0,"bottom":"0","left":0,"isLinked":false}},"elements":[{"id":"90ff76e","settings":{"_column_size":25,"_inline_size":null,"align":"center","background_background":"classic","background_color":"#000000","box_shadow_box_shadow":{"horizontal":0,"vertical":0,"blur":17,"spread":-5,"color":"rgba(0,0,0,0.5)"},"margin":{"unit":"px","top":"5","right":"5","bottom":"5","left":"5","isLinked":true},"padding":{"unit":"px","top":"15","right":"10","bottom":"10","left":"10","isLinked":false},"background_overlay_background":"classic","background_overlay_opacity":{"unit":"px","size":0.11,"sizes":[]},"margin_tablet":{"unit":"px","top":"10","right":"10","bottom":"10","left":"10","isLinked":true},"margin_mobile":{"unit":"px","top":"10","right":"10","bottom":"10","left":"10","isLinked":true},"padding_tablet":{"unit":"px","top":"20","right":"20","bottom":"20","left":"20","isLinked":true},"padding_mobile":{"unit":"px","top":"15","right":"15","bottom":"15","left":"15","isLinked":true},"custom_css":"selector:hover {\r\n    transform: translateY(-5px)\r\n}","_inline_size_tablet":50},"elements":[{"id":"2f80b682","settings":{"image":{"id":"691","url":"https:\/\/wordpress-118914-1748443.cloudwaysapps.com\/wp-content\/uploads\/2021\/02\/riko-saputro-min.jpg"},"space":{"unit":"%","size":100,"sizes":[]},"image_border_radius":{"unit":"px","top":"500","right":"500","bottom":"500","left":"500","isLinked":true},"image_box_shadow_box_shadow_type":"yes","width":{"unit":"px","size":125,"sizes":[]},"image_box_shadow_box_shadow":{"horizontal":0,"vertical":5,"blur":15,"spread":-5,"color":"rgba(0,0,0,0.5)"}},"elements":[],"isInner":false,"widgetType":"image","elType":"widget"},{"id":"371b43e5","settings":{"title":"Riko Saputro","header_size":"p","align":"center","title_color":"#ffffff","typography_typography":"custom","typography_font_family":"Poppins","typography_font_size":{"unit":"px","size":23,"sizes":[]},"typography_font_weight":"600","_margin":{"unit":"px","top":"0","right":"0","bottom":"0","left":"0","isLinked":false},"typography_text_transform":"uppercase"},"elements":[],"isInner":false,"widgetType":"heading","elType":"widget"},{"id":"31a28476","settings":{"align":"center","text_color":"#ffffff","typography_typography":"custom","typography_font_family":"Poppins","typography_font_size":{"unit":"px","size":13,"sizes":[]},"typography_font_weight":"400","editor":"<p>Sudah belasan tahun di dunia usaha perdagangan secara offline, kemudian merambah pasar online di tahun 2013 hingga pernah menjadi top seller Tokopedia. Kini menjadi CEO Cekstok yang beliau dirikan untuk menjawab kebutuhan para seller online.<\/p>","typography_line_height":{"unit":"em","size":1.4,"sizes":[]}},"elements":[],"isInner":false,"widgetType":"text-editor","elType":"widget"}],"isInner":true,"elType":"column"},{"id":"3d5e520b","settings":{"_column_size":25,"_inline_size":null,"align":"center","background_background":"classic","background_color":"#000000","box_shadow_box_shadow":{"horizontal":0,"vertical":0,"blur":17,"spread":-5,"color":"rgba(0,0,0,0.5)"},"margin":{"unit":"px","top":"5","right":"5","bottom":"5","left":"5","isLinked":true},"padding":{"unit":"px","top":"15","right":"10","bottom":"10","left":"10","isLinked":false},"background_overlay_background":"classic","background_overlay_opacity":{"unit":"px","size":0.11,"sizes":[]},"margin_tablet":{"unit":"px","top":"10","right":"10","bottom":"10","left":"10","isLinked":true},"margin_mobile":{"unit":"px","top":"10","right":"10","bottom":"10","left":"10","isLinked":true},"padding_tablet":{"unit":"px","top":"20","right":"20","bottom":"20","left":"20","isLinked":true},"padding_mobile":{"unit":"px","top":"15","right":"15","bottom":"15","left":"15","isLinked":true},"custom_css":"selector:hover {\r\n    transform: translateY(-5px)\r\n}","_inline_size_tablet":50},"elements":[{"id":"55ef61be","settings":{"image":{"id":"692","url":"https:\/\/wordpress-118914-1748443.cloudwaysapps.com\/wp-content\/uploads\/2021\/02\/alfian-andri-min.jpg"},"space":{"unit":"%","size":100,"sizes":[]},"image_border_radius":{"unit":"px","top":"500","right":"500","bottom":"500","left":"500","isLinked":true},"image_box_shadow_box_shadow_type":"yes","width":{"unit":"px","size":125,"sizes":[]},"image_box_shadow_box_shadow":{"horizontal":0,"vertical":5,"blur":15,"spread":-5,"color":"rgba(0,0,0,0.5)"}},"elements":[],"isInner":false,"widgetType":"image","elType":"widget"},{"id":"42ea8503","settings":{"title":"Alfian Andri","header_size":"p","align":"center","title_color":"#ffffff","typography_typography":"custom","typography_font_family":"Poppins","typography_font_size":{"unit":"px","size":23,"sizes":[]},"typography_font_weight":"600","_margin":{"unit":"px","top":"0","right":"0","bottom":"0","left":"0","isLinked":false},"typography_text_transform":"uppercase"},"elements":[],"isInner":false,"widgetType":"heading","elType":"widget"},{"id":"3726db19","settings":{"align":"center","text_color":"#ffffff","typography_typography":"custom","typography_font_family":"Poppins","typography_font_size":{"unit":"px","size":13,"sizes":[]},"typography_font_weight":"400","editor":"<p>Menjadi Pelapak Of The Year Bukalapak berturut-turut, menjadikannya Ranger Bukalapak dan menjadi leader Komunitas Bukalapak Blitar yang juga menuai beberapa prestasi tingkat Nasional. Saat ini aktif menjadi COO Cekstok.<\/p>","typography_line_height":{"unit":"em","size":1.4,"sizes":[]}},"elements":[],"isInner":false,"widgetType":"text-editor","elType":"widget"},{"id":"1e07cf6e","settings":{"align":"center","text_color":"#000000","typography_typography":"custom","typography_font_family":"Titillium Web","typography_font_size":{"unit":"px","size":16,"sizes":[]},"typography_font_weight":"400","editor":""},"elements":[],"isInner":false,"widgetType":"text-editor","elType":"widget"}],"isInner":true,"elType":"column"},{"id":"5ec13b12","settings":{"_column_size":25,"_inline_size":null,"align":"center","background_background":"classic","background_color":"#000000","box_shadow_box_shadow":{"horizontal":0,"vertical":0,"blur":17,"spread":-5,"color":"rgba(0,0,0,0.5)"},"margin":{"unit":"px","top":"5","right":"5","bottom":"5","left":"5","isLinked":true},"padding":{"unit":"px","top":"15","right":"10","bottom":"10","left":"10","isLinked":false},"background_overlay_background":"classic","background_overlay_opacity":{"unit":"px","size":0.11,"sizes":[]},"margin_tablet":{"unit":"px","top":"10","right":"10","bottom":"10","left":"10","isLinked":true},"margin_mobile":{"unit":"px","top":"10","right":"10","bottom":"10","left":"10","isLinked":true},"padding_tablet":{"unit":"px","top":"20","right":"20","bottom":"20","left":"20","isLinked":true},"padding_mobile":{"unit":"px","top":"15","right":"15","bottom":"15","left":"15","isLinked":true},"custom_css":"selector:hover {\r\n    transform: translateY(-5px)\r\n}","_inline_size_tablet":50},"elements":[{"id":"77dd4746","settings":{"image":{"id":"693","url":"https:\/\/wordpress-118914-1748443.cloudwaysapps.com\/wp-content\/uploads\/2021\/02\/Bambang-Anto-min.jpg"},"space":{"unit":"%","size":100,"sizes":[]},"image_border_radius":{"unit":"px","top":"500","right":"500","bottom":"500","left":"500","isLinked":true},"image_box_shadow_box_shadow_type":"yes","width":{"unit":"px","size":125,"sizes":[]},"image_box_shadow_box_shadow":{"horizontal":0,"vertical":5,"blur":15,"spread":-5,"color":"rgba(0,0,0,0.5)"}},"elements":[],"isInner":false,"widgetType":"image","elType":"widget"},{"id":"75a5ac3c","settings":{"title":"Bambang Anto","header_size":"p","align":"center","title_color":"#ffffff","typography_typography":"custom","typography_font_family":"Poppins","typography_font_size":{"unit":"px","size":23,"sizes":[]},"typography_font_weight":"600","_margin":{"unit":"px","top":"0","right":"0","bottom":"0","left":"0","isLinked":false},"typography_text_transform":"uppercase"},"elements":[],"isInner":false,"widgetType":"heading","elType":"widget"},{"id":"660d56e1","settings":{"align":"center","text_color":"#ffffff","typography_typography":"custom","typography_font_family":"Poppins","typography_font_size":{"unit":"px","size":13,"sizes":[]},"typography_font_weight":"400","editor":"<p>Ketua Kampung Wirausaha Online Kaweron Blitar. Menjadi pembina Jajar Online, untuk implementasikan aktivitas digital marketing yang telah mensukseskannya, sekaligus mengangkat potensi lokal yang dipasarkan secara online baik media sosial, marketplace dan website.<\/p>","typography_line_height":{"unit":"em","size":1.4,"sizes":[]}},"elements":[],"isInner":false,"widgetType":"text-editor","elType":"widget"}],"isInner":true,"elType":"column"},{"id":"4a05e53a","settings":{"_column_size":25,"_inline_size":null,"align":"center","background_background":"classic","background_color":"#000000","box_shadow_box_shadow":{"horizontal":0,"vertical":0,"blur":17,"spread":-5,"color":"rgba(0,0,0,0.5)"},"margin":{"unit":"px","top":"5","right":"5","bottom":"5","left":"5","isLinked":true},"padding":{"unit":"px","top":"15","right":"10","bottom":"10","left":"10","isLinked":false},"background_overlay_background":"classic","background_overlay_opacity":{"unit":"px","size":0.11,"sizes":[]},"margin_tablet":{"unit":"px","top":"10","right":"10","bottom":"10","left":"10","isLinked":true},"margin_mobile":{"unit":"px","top":"10","right":"10","bottom":"10","left":"10","isLinked":true},"padding_tablet":{"unit":"px","top":"20","right":"20","bottom":"20","left":"20","isLinked":true},"padding_mobile":{"unit":"px","top":"15","right":"15","bottom":"15","left":"15","isLinked":true},"custom_css":"selector:hover {\r\n    transform: translateY(-5px)\r\n}","_inline_size_tablet":50},"elements":[{"id":"4b248c15","settings":{"image":{"id":"694","url":"https:\/\/wordpress-118914-1748443.cloudwaysapps.com\/wp-content\/uploads\/2021\/02\/ahmad-habibi-min.jpg"},"space":{"unit":"%","size":100,"sizes":[]},"image_border_radius":{"unit":"px","top":"500","right":"500","bottom":"500","left":"500","isLinked":true},"image_box_shadow_box_shadow_type":"yes","width":{"unit":"px","size":125,"sizes":[]},"image_box_shadow_box_shadow":{"horizontal":0,"vertical":5,"blur":15,"spread":-5,"color":"rgba(0,0,0,0.5)"}},"elements":[],"isInner":false,"widgetType":"image","elType":"widget"},{"id":"38682ae6","settings":{"title":"Ahmad Habibi","header_size":"p","align":"center","title_color":"#ffffff","typography_typography":"custom","typography_font_family":"Poppins","typography_font_size":{"unit":"px","size":23,"sizes":[]},"typography_font_weight":"600","_margin":{"unit":"px","top":"0","right":"0","bottom":"0","left":"0","isLinked":false},"typography_text_transform":"uppercase"},"elements":[],"isInner":false,"widgetType":"heading","elType":"widget"},{"id":"3c8fb682","settings":{"align":"center","text_color":"#ffffff","typography_typography":"custom","typography_font_family":"Poppins","typography_font_size":{"unit":"px","size":13,"sizes":[]},"typography_font_weight":"400","editor":"<p>Menekuni dunia internet marketing sejak SMP, kini membantu beberapa perusahaan di bidang marketing online. Masih status mahasiswa di sebuah perguruan tinggi di Kediri, saat ini aktif menjadi CEO sebuah perusahaan dibidang peternakan yang pemasarannya melalu internet.<\/p>","typography_line_height":{"unit":"em","size":1.4,"sizes":[]}},"elements":[],"isInner":false,"widgetType":"text-editor","elType":"widget"}],"isInner":true,"elType":"column"}],"isInner":true,"elType":"section"},{"id":"4c0c3a5b","settings":{"structure":"40"},"elements":[{"id":"169b2cb3","settings":{"_column_size":25,"_inline_size":null,"align":"center","background_background":"classic","background_color":"#000000","box_shadow_box_shadow":{"horizontal":0,"vertical":0,"blur":17,"spread":-5,"color":"rgba(0,0,0,0.5)"},"margin":{"unit":"px","top":"5","right":"5","bottom":"5","left":"5","isLinked":true},"padding":{"unit":"px","top":"15","right":"10","bottom":"10","left":"10","isLinked":false},"background_overlay_background":"classic","background_overlay_opacity":{"unit":"px","size":0.11,"sizes":[]},"margin_tablet":{"unit":"px","top":"10","right":"10","bottom":"10","left":"10","isLinked":true},"margin_mobile":{"unit":"px","top":"10","right":"10","bottom":"10","left":"10","isLinked":true},"padding_tablet":{"unit":"px","top":"20","right":"20","bottom":"20","left":"20","isLinked":true},"padding_mobile":{"unit":"px","top":"15","right":"15","bottom":"15","left":"15","isLinked":true},"custom_css":"selector:hover {\r\n    transform: translateY(-5px)\r\n}","_inline_size_tablet":50},"elements":[{"id":"a1ad12b","settings":{"image":{"id":"695","url":"https:\/\/wordpress-118914-1748443.cloudwaysapps.com\/wp-content\/uploads\/2021\/02\/Andis-Wiyanto-min.jpg"},"space":{"unit":"%","size":100,"sizes":[]},"image_border_radius":{"unit":"px","top":"500","right":"500","bottom":"500","left":"500","isLinked":true},"image_box_shadow_box_shadow_type":"yes","width":{"unit":"px","size":125,"sizes":[]},"image_box_shadow_box_shadow":{"horizontal":0,"vertical":5,"blur":15,"spread":-5,"color":"rgba(0,0,0,0.5)"}},"elements":[],"isInner":false,"widgetType":"image","elType":"widget"},{"id":"2219adbb","settings":{"title":"Andis Wiyanto","header_size":"p","align":"center","title_color":"#ffffff","typography_typography":"custom","typography_font_family":"Poppins","typography_font_size":{"unit":"px","size":23,"sizes":[]},"typography_font_weight":"600","_margin":{"unit":"px","top":"0","right":"0","bottom":"0","left":"0","isLinked":false},"typography_text_transform":"uppercase"},"elements":[],"isInner":false,"widgetType":"heading","elType":"widget"},{"id":"1380a08a","settings":{"align":"center","text_color":"#ffffff","typography_typography":"custom","typography_font_family":"Poppins","typography_font_size":{"unit":"px","size":13,"sizes":[]},"typography_font_weight":"400","editor":"<p>CEO salah satu perusahaan yang bergerak di bidang IT ini mendalami digital marketing sejak akhir tahun 2012. Saat ini juga menjalankan bisnis retail, dan jasa di bidang teknologi. Sudah ada lebih dari 300 orang yang sudah belajar kepadanya dan para klien dari pihak pemerintah dan swasta puas dengan pelayanannya.<\/p>","typography_line_height":{"unit":"em","size":1.4,"sizes":[]}},"elements":[],"isInner":false,"widgetType":"text-editor","elType":"widget"}],"isInner":true,"elType":"column"},{"id":"1061994e","settings":{"_column_size":25,"_inline_size":null,"align":"center","background_background":"classic","background_color":"#000000","box_shadow_box_shadow":{"horizontal":0,"vertical":0,"blur":17,"spread":-5,"color":"rgba(0,0,0,0.5)"},"margin":{"unit":"px","top":"5","right":"5","bottom":"5","left":"5","isLinked":true},"padding":{"unit":"px","top":"15","right":"10","bottom":"10","left":"10","isLinked":false},"background_overlay_background":"classic","background_overlay_opacity":{"unit":"px","size":0.11,"sizes":[]},"margin_tablet":{"unit":"px","top":"10","right":"10","bottom":"10","left":"10","isLinked":true},"margin_mobile":{"unit":"px","top":"10","right":"10","bottom":"10","left":"10","isLinked":true},"padding_tablet":{"unit":"px","top":"20","right":"20","bottom":"20","left":"20","isLinked":true},"padding_mobile":{"unit":"px","top":"15","right":"15","bottom":"15","left":"15","isLinked":true},"custom_css":"selector:hover {\r\n    transform: translateY(-5px)\r\n}","_inline_size_tablet":50},"elements":[{"id":"2dcdf042","settings":{"image":{"id":"696","url":"https:\/\/wordpress-118914-1748443.cloudwaysapps.com\/wp-content\/uploads\/2021\/02\/Candra-Aditya-min.jpg"},"space":{"unit":"%","size":100,"sizes":[]},"image_border_radius":{"unit":"px","top":"500","right":"500","bottom":"500","left":"500","isLinked":true},"image_box_shadow_box_shadow_type":"yes","width":{"unit":"px","size":125,"sizes":[]},"image_box_shadow_box_shadow":{"horizontal":0,"vertical":5,"blur":15,"spread":-5,"color":"rgba(0,0,0,0.5)"}},"elements":[],"isInner":false,"widgetType":"image","elType":"widget"},{"id":"4bb941aa","settings":{"title":"Candra Aditya ","header_size":"p","align":"center","title_color":"#ffffff","typography_typography":"custom","typography_font_family":"Poppins","typography_font_size":{"unit":"px","size":23,"sizes":[]},"typography_font_weight":"600","_margin":{"unit":"px","top":"0","right":"0","bottom":"0","left":"0","isLinked":false},"typography_text_transform":"uppercase"},"elements":[],"isInner":false,"widgetType":"heading","elType":"widget"},{"id":"30b9b86d","settings":{"align":"center","text_color":"#ffffff","typography_typography":"custom","typography_font_family":"Poppins","typography_font_size":{"unit":"px","size":13,"sizes":[]},"typography_font_weight":"400","editor":"<p>Mendalami digital marketing sejak 9 tahun yang lalu. Pemilik usaha dalam bidang IT ini telah dipercaya membantu ratusan klien untuk meningkatkan penjualan, optimasi digital marketing, khususnya di bidang website, SEO, dan Google Ads.<\/p>","typography_line_height":{"unit":"em","size":1.4,"sizes":[]}},"elements":[],"isInner":false,"widgetType":"text-editor","elType":"widget"},{"id":"289c6807","settings":{"align":"center","text_color":"#000000","typography_typography":"custom","typography_font_family":"Titillium Web","typography_font_size":{"unit":"px","size":16,"sizes":[]},"typography_font_weight":"400","editor":""},"elements":[],"isInner":false,"widgetType":"text-editor","elType":"widget"}],"isInner":true,"elType":"column"},{"id":"3f541702","settings":{"_column_size":25,"_inline_size":null,"align":"center","background_background":"classic","background_color":"#000000","box_shadow_box_shadow":{"horizontal":0,"vertical":0,"blur":17,"spread":-5,"color":"rgba(0,0,0,0.5)"},"margin":{"unit":"px","top":"5","right":"5","bottom":"5","left":"5","isLinked":true},"padding":{"unit":"px","top":"15","right":"10","bottom":"10","left":"10","isLinked":false},"background_overlay_background":"classic","background_overlay_opacity":{"unit":"px","size":0.11,"sizes":[]},"margin_tablet":{"unit":"px","top":"10","right":"10","bottom":"10","left":"10","isLinked":true},"margin_mobile":{"unit":"px","top":"10","right":"10","bottom":"10","left":"10","isLinked":true},"padding_tablet":{"unit":"px","top":"20","right":"20","bottom":"20","left":"20","isLinked":true},"padding_mobile":{"unit":"px","top":"15","right":"15","bottom":"15","left":"15","isLinked":true},"custom_css":"selector:hover {\r\n    transform: translateY(-5px)\r\n}","_inline_size_tablet":50},"elements":[{"id":"76396dce","settings":{"image":{"id":"697","url":"https:\/\/wordpress-118914-1748443.cloudwaysapps.com\/wp-content\/uploads\/2021\/02\/Maftuch-Yudhistira-min.jpg"},"space":{"unit":"%","size":100,"sizes":[]},"image_border_radius":{"unit":"px","top":"500","right":"500","bottom":"500","left":"500","isLinked":true},"image_box_shadow_box_shadow_type":"yes","width":{"unit":"px","size":125,"sizes":[]},"image_box_shadow_box_shadow":{"horizontal":0,"vertical":5,"blur":15,"spread":-5,"color":"rgba(0,0,0,0.5)"}},"elements":[],"isInner":false,"widgetType":"image","elType":"widget"},{"id":"5223e3a2","settings":{"title":"Maftuch Yudhistira ","header_size":"p","align":"center","title_color":"#ffffff","typography_typography":"custom","typography_font_family":"Poppins","typography_font_size":{"unit":"px","size":23,"sizes":[]},"typography_font_weight":"600","_margin":{"unit":"px","top":"0","right":"0","bottom":"0","left":"0","isLinked":false},"typography_text_transform":"uppercase"},"elements":[],"isInner":false,"widgetType":"heading","elType":"widget"},{"id":"2be68aec","settings":{"align":"center","text_color":"#ffffff","typography_typography":"custom","typography_font_family":"Poppins","typography_font_size":{"unit":"px","size":13,"sizes":[]},"typography_font_weight":"400","editor":"<p>Terjun di dunia Internet Marketing sejak 2015, berfokus pada sosial media, founder Dervish Merch, dan sekarang sedang membangun Mediatira yg berisi bimbingan untuk orang-orang yang ingin berjualan di sosial media dan menyediakan produk siap jual untuk mereka<\/p>","typography_line_height":{"unit":"em","size":1.4,"sizes":[]}},"elements":[],"isInner":false,"widgetType":"text-editor","elType":"widget"}],"isInner":true,"elType":"column"},{"id":"2da91c78","settings":{"_column_size":25,"_inline_size":null,"align":"center","background_background":"classic","background_color":"#000000","box_shadow_box_shadow":{"horizontal":0,"vertical":0,"blur":17,"spread":-5,"color":"rgba(0,0,0,0.5)"},"margin":{"unit":"px","top":"5","right":"5","bottom":"5","left":"5","isLinked":true},"padding":{"unit":"px","top":"15","right":"10","bottom":"10","left":"10","isLinked":false},"background_overlay_background":"classic","background_overlay_opacity":{"unit":"px","size":0.11,"sizes":[]},"margin_tablet":{"unit":"px","top":"10","right":"10","bottom":"10","left":"10","isLinked":true},"margin_mobile":{"unit":"px","top":"10","right":"10","bottom":"10","left":"10","isLinked":true},"padding_tablet":{"unit":"px","top":"20","right":"20","bottom":"20","left":"20","isLinked":true},"padding_mobile":{"unit":"px","top":"15","right":"15","bottom":"15","left":"15","isLinked":true},"custom_css":"selector:hover {\r\n    transform: translateY(-5px)\r\n}","_inline_size_tablet":50},"elements":[{"id":"fb3b6e2","settings":{"image":{"id":"698","url":"https:\/\/wordpress-118914-1748443.cloudwaysapps.com\/wp-content\/uploads\/2021\/02\/Arifin-min.jpg"},"space":{"unit":"%","size":100,"sizes":[]},"image_border_radius":{"unit":"px","top":"500","right":"500","bottom":"500","left":"500","isLinked":true},"image_box_shadow_box_shadow_type":"yes","width":{"unit":"px","size":125,"sizes":[]},"image_box_shadow_box_shadow":{"horizontal":0,"vertical":5,"blur":15,"spread":-5,"color":"rgba(0,0,0,0.5)"}},"elements":[],"isInner":false,"widgetType":"image","elType":"widget"},{"id":"5fa591e","settings":{"title":"Arifin","header_size":"p","align":"center","title_color":"#ffffff","typography_typography":"custom","typography_font_family":"Poppins","typography_font_size":{"unit":"px","size":23,"sizes":[]},"typography_font_weight":"600","_margin":{"unit":"px","top":"0","right":"0","bottom":"0","left":"0","isLinked":false},"typography_text_transform":"uppercase"},"elements":[],"isInner":false,"widgetType":"heading","elType":"widget"},{"id":"d970b44","settings":{"align":"center","text_color":"#ffffff","typography_typography":"custom","typography_font_family":"Poppins","typography_font_size":{"unit":"px","size":13,"sizes":[]},"typography_font_weight":"400","editor":"<p>Menyukai dunia internet sejak masih putih abu-abu membawanya kini terjun dalam dunia digital advertiser. Melalui perusahaan Vallenca Corpora yang didirikannya, kini telah membantu banyak produsen lokal untuk mendistribusikan produknya hingga ke pelosok negeri.<\/p>","typography_line_height":{"unit":"em","size":1.4,"sizes":[]}},"elements":[],"isInner":false,"widgetType":"text-editor","elType":"widget"}],"isInner":true,"elType":"column"}],"isInner":true,"elType":"section"}],"isInner":false,"elType":"column"}],"isInner":false,"elType":"section"},{"id":"3f89d649","settings":{"background_background":"classic","background_color":"#1a1615","background_overlay_background":"classic","background_overlay_position":"bottom center","background_overlay_attachment":"scroll","background_overlay_repeat":"no-repeat","background_overlay_size":"auto","background_overlay_opacity":{"unit":"px","size":1,"sizes":[]},"padding":{"unit":"px","top":"30","right":"0","bottom":"50","left":"0","isLinked":false}},"elements":[{"id":"14f717ad","settings":{"_column_size":100},"elements":[{"id":"7b66a592","settings":{"title":"dokumentasi kegiatan","align":"center","title_color":"#ffffff","typography_typography":"custom","typography_font_family":"Oswald","typography_font_size":{"unit":"px","size":36,"sizes":[]},"typography_font_weight":"800","typography_text_transform":"uppercase","_margin":{"unit":"px","top":"0","right":"0","bottom":"0","left":"0","isLinked":false},"_element_width":"initial","_element_custom_width":{"unit":"px","size":1000,"sizes":[]},"custom_css":"selector {margin:0 auto;}","typography_font_size_mobile":{"unit":"px","size":28,"sizes":[]}},"elements":[],"isInner":false,"widgetType":"heading","elType":"widget"},{"id":"4b68ee7a","settings":{"html":"<hr \/>","_margin":{"unit":"px","top":"25","right":"0","bottom":"0","left":"0","isLinked":false},"custom_css":"selector hr {\r\n    width: 300px;\r\n    border: 0;\r\n    height: 4px;\r\n    background-image: linear-gradient(to right,rgba(0,0,0,0),rgb(\t255, 215, 0),rgba(0,0,0,0));\r\n    margin: 5px auto 0;\r\n}"},"elements":[],"isInner":false,"widgetType":"html","elType":"widget"},{"id":"5dd0657e","settings":{"wp_gallery":[{"id":"699","url":"https:\/\/wordpress-118914-1748443.cloudwaysapps.com\/wp-content\/uploads\/2021\/02\/abang-marko-1-min.jpg"},{"id":"700","url":"https:\/\/wordpress-118914-1748443.cloudwaysapps.com\/wp-content\/uploads\/2021\/02\/abang-marko-2-min.jpg"},{"id":"701","url":"https:\/\/wordpress-118914-1748443.cloudwaysapps.com\/wp-content\/uploads\/2021\/02\/abang-marko-3-min.jpg"},{"id":"702","url":"https:\/\/wordpress-118914-1748443.cloudwaysapps.com\/wp-content\/uploads\/2021\/02\/abang-marko-5-min.jpg"},{"id":"703","url":"https:\/\/wordpress-118914-1748443.cloudwaysapps.com\/wp-content\/uploads\/2021\/02\/abang-marko-6-min.jpg"},{"id":"704","url":"https:\/\/wordpress-118914-1748443.cloudwaysapps.com\/wp-content\/uploads\/2021\/02\/abang-marko-4-min-1.jpg"}],"thumbnail_size":"medium_large","gallery_columns":"3","image_spacing":"custom","image_spacing_custom":{"unit":"px","size":20,"sizes":[]},"image_border_radius":{"unit":"px","top":"0","right":"0","bottom":"0","left":"0","isLinked":true},"_margin":{"unit":"px","top":"20","right":"0","bottom":"0","left":"0","isLinked":false}},"elements":[],"isInner":false,"widgetType":"image-gallery","elType":"widget"}],"isInner":false,"elType":"column"}],"isInner":false,"elType":"section"},{"id":"3a5a5cb8","settings":{"padding":{"unit":"px","top":"30","right":"0","bottom":"30","left":"0","isLinked":false},"background_background":"classic","background_color":"#2e2c2a"},"elements":[{"id":"3df47469","settings":{"_column_size":100},"elements":[{"id":"52b4a0d6","settings":{"title":"inaugurasi","header_size":"p","align":"center","title_color":"#ffffff","typography_typography":"custom","typography_font_family":"Oswald","typography_font_size":{"unit":"px","size":36,"sizes":[]},"typography_font_weight":"800","typography_text_transform":"uppercase","_margin":{"unit":"px","top":"0","right":"0","bottom":"0","left":"0","isLinked":false},"_element_width":"initial","_element_custom_width":{"unit":"px","size":1000,"sizes":[]},"custom_css":"selector {margin:0 auto;}","typography_font_size_mobile":{"unit":"px","size":28,"sizes":[]}},"elements":[],"isInner":false,"widgetType":"heading","elType":"widget"},{"id":"177f5b42","settings":{"html":"<hr \/>","_margin":{"unit":"px","top":"25","right":"0","bottom":"0","left":"0","isLinked":false},"custom_css":"selector hr {\r\n    width: 300px;\r\n    border: 0;\r\n    height: 4px;\r\n    background-image: linear-gradient(to right,rgba(0,0,0,0),rgb(\t255, 215, 0),rgba(0,0,0,0));\r\n    margin: 5px auto 0;\r\n}"},"elements":[],"isInner":false,"widgetType":"html","elType":"widget"},{"id":"4797a2d4","settings":{"editor":"<p>Kegiatan Inaugurasi 2019<\/p>","align":"center","text_color":"#ffffff","typography_typography":"custom","typography_font_family":"Poppins","typography_font_size":{"unit":"px","size":18,"sizes":[]},"typography_font_weight":"400","_element_width":"initial","_element_custom_width":{"unit":"px","size":700,"sizes":[]},"custom_css":"selector {margin : 0 auto;}","typography_font_size_mobile":{"unit":"px","size":16,"sizes":[]}},"elements":[],"isInner":false,"widgetType":"text-editor","elType":"widget"},{"id":"15eca2b","settings":{"youtube_url":"https:\/\/www.youtube.com\/watch?v=1-yW28vMkyU","vimeo_url":"https:\/\/vimeo.com\/235215203","dailymotion_url":"https:\/\/www.dailymotion.com\/video\/x6tqhqb","_margin":{"unit":"px","top":"20","right":"0","bottom":"0","left":"0","isLinked":false},"image_overlay":{"id":"97","url":"https:\/\/wordpress-118914-1748443.cloudwaysapps.com\/wp-content\/uploads\/2021\/02\/placeholder.png"}},"elements":[],"isInner":false,"widgetType":"video","elType":"widget"}],"isInner":false,"elType":"column"}],"isInner":false,"elType":"section"},{"id":"42b26610","settings":{"background_background":"classic","background_color":"#1a1615","padding":{"unit":"px","top":"30","right":"0","bottom":"30","left":"0","isLinked":false}},"elements":[{"id":"7a74fae3","settings":{"_column_size":100},"elements":[{"id":"20a8144c","settings":{"title":"testimoni","align":"center","title_color":"#ffffff","typography_typography":"custom","typography_font_family":"Oswald","typography_font_size":{"unit":"px","size":36,"sizes":[]},"typography_font_weight":"800","typography_text_transform":"uppercase","_margin":{"unit":"px","top":"0","right":"0","bottom":"0","left":"0","isLinked":false},"_element_width":"initial","_element_custom_width":{"unit":"px","size":1000,"sizes":[]},"custom_css":"selector {margin:0 auto;}","typography_font_size_mobile":{"unit":"px","size":28,"sizes":[]}},"elements":[],"isInner":false,"widgetType":"heading","elType":"widget"},{"id":"6619b1c3","settings":{"html":"<hr \/>","_margin":{"unit":"px","top":"25","right":"0","bottom":"0","left":"0","isLinked":false},"custom_css":"selector hr {\r\n    width: 300px;\r\n    border: 0;\r\n    height: 4px;\r\n    background-image: linear-gradient(to right,rgba(0,0,0,0),rgb(\t255, 215, 0),rgba(0,0,0,0));\r\n    margin: 5px auto 0;\r\n}"},"elements":[],"isInner":false,"widgetType":"html","elType":"widget"},{"id":"4ca30346","settings":{"editor":"<p>Kata Mereka Yang Sudah Ikut Abang Marko 2019<\/p>","align":"center","text_color":"#ffffff","typography_typography":"custom","typography_font_family":"Poppins","typography_font_size":{"unit":"px","size":18,"sizes":[]},"typography_font_weight":"400","_element_width":"initial","_element_custom_width":{"unit":"px","size":700,"sizes":[]},"custom_css":"selector {margin : 0 auto;}","typography_font_size_mobile":{"unit":"px","size":16,"sizes":[]}},"elements":[],"isInner":false,"widgetType":"text-editor","elType":"widget"},{"id":"56d5239e","settings":{"carousel":[{"id":"705","url":"https:\/\/wordpress-118914-1748443.cloudwaysapps.com\/wp-content\/uploads\/2021\/02\/abang-marko-2019-9-min.jpg"},{"id":"706","url":"https:\/\/wordpress-118914-1748443.cloudwaysapps.com\/wp-content\/uploads\/2021\/02\/abang-marko-2019-10-min.jpg"},{"id":"707","url":"https:\/\/wordpress-118914-1748443.cloudwaysapps.com\/wp-content\/uploads\/2021\/02\/abang-marko-2019-12-min.jpg"},{"id":"708","url":"https:\/\/wordpress-118914-1748443.cloudwaysapps.com\/wp-content\/uploads\/2021\/02\/abang-marko-2019-6-min.jpg"},{"id":"709","url":"https:\/\/wordpress-118914-1748443.cloudwaysapps.com\/wp-content\/uploads\/2021\/02\/abang-marko-2019-14-min.jpg"},{"id":"710","url":"https:\/\/wordpress-118914-1748443.cloudwaysapps.com\/wp-content\/uploads\/2021\/02\/abang-marko-2019-13-min.jpg"},{"id":"711","url":"https:\/\/wordpress-118914-1748443.cloudwaysapps.com\/wp-content\/uploads\/2021\/02\/abang-marko-2019-11-min.jpg"},{"id":"712","url":"https:\/\/wordpress-118914-1748443.cloudwaysapps.com\/wp-content\/uploads\/2021\/02\/abang-marko-2019-15-min.jpg"},{"id":"713","url":"https:\/\/wordpress-118914-1748443.cloudwaysapps.com\/wp-content\/uploads\/2021\/02\/abang-marko-2019-17-min.jpg"},{"id":"714","url":"https:\/\/wordpress-118914-1748443.cloudwaysapps.com\/wp-content\/uploads\/2021\/02\/abang-marko-2019-19-min.jpg"},{"id":"715","url":"https:\/\/wordpress-118914-1748443.cloudwaysapps.com\/wp-content\/uploads\/2021\/02\/abang-marko-2019-18-min.jpg"},{"id":"716","url":"https:\/\/wordpress-118914-1748443.cloudwaysapps.com\/wp-content\/uploads\/2021\/02\/abang-marko-2019-16-min.jpg"},{"id":"717","url":"https:\/\/wordpress-118914-1748443.cloudwaysapps.com\/wp-content\/uploads\/2021\/02\/abang-marko-2019-21-min.jpg"},{"id":"718","url":"https:\/\/wordpress-118914-1748443.cloudwaysapps.com\/wp-content\/uploads\/2021\/02\/abang-marko-2019-22-min.jpg"},{"id":"719","url":"https:\/\/wordpress-118914-1748443.cloudwaysapps.com\/wp-content\/uploads\/2021\/02\/abang-marko-2019-24-min.jpg"},{"id":"720","url":"https:\/\/wordpress-118914-1748443.cloudwaysapps.com\/wp-content\/uploads\/2021\/02\/abang-marko-2019-23-min.jpg"}],"thumbnail_size":"medium_large","slides_to_show":"3","image_stretch":"yes","arrows_position":"outside","dots_color":"#ffffff","image_spacing":"custom","_margin":{"unit":"px","top":"15","right":"0","bottom":"0","left":"0","isLinked":false}},"elements":[],"isInner":false,"widgetType":"image-carousel","elType":"widget"}],"isInner":false,"elType":"column"}],"isInner":false,"elType":"section"},{"id":"2934d1ca","settings":{"structure":"20","padding":{"unit":"px","top":"40","right":"0","bottom":"40","left":"0","isLinked":false},"background_background":"classic","background_color":"#2e2c2a"},"elements":[{"id":"31b03ed4","settings":{"_column_size":50,"_inline_size":null},"elements":[{"id":"51af09b4","settings":{"image":{"id":"721","url":"https:\/\/wordpress-118914-1748443.cloudwaysapps.com\/wp-content\/uploads\/2021\/02\/photo6201833965862627783.jpg"}},"elements":[],"isInner":false,"widgetType":"image","elType":"widget"}],"isInner":false,"elType":"column"},{"id":"481c5305","settings":{"_column_size":50,"_inline_size":null,"content_position":"center"},"elements":[{"id":"7b8d5c2","settings":{"title":"Syarat pendaftaran :","header_size":"p","title_color":"#ffffff","typography_typography":"custom","typography_font_family":"Oswald","typography_font_size":{"unit":"px","size":32,"sizes":[]},"typography_font_weight":"800","typography_text_transform":"uppercase","typography_font_size_mobile":{"unit":"px","size":28,"sizes":[]}},"elements":[],"isInner":false,"widgetType":"heading","elType":"widget"},{"id":"6073b9dd","settings":{"icon_list":[{"text":"Khusus warga Kabupaten Blitar dibuktikan dengan KTP","selected_icon":{"value":"fas fa-chevron-circle-right","library":"fa-solid"},"_id":"23d1b85"},{"text":"Diutamakan : <ul><li>Warga kurang mampu (dibuktikan dengan nomor induk warga miskin \/ PBDT)<li>Wanita kepala keluarga<\/li><li>Penyandang disabilitas<\/li><\/li><\/ul>","selected_icon":{"value":"fas fa-chevron-circle-right","library":"fa-solid"},"_id":"d471a8b"},{"text":"Usia 18 s\/d 30 tahun ","selected_icon":{"value":"fas fa-chevron-circle-right","library":"fa-solid"},"_id":"3e5706e"},{"text":"Wajib memiliki email aktif","selected_icon":{"value":"fas fa-chevron-circle-right","library":"fa-solid"},"_id":"26ff04d"},{"text":"Berkemauan kuat mendalami digital marketing","selected_icon":{"value":"fas fa-chevron-circle-right","library":"fa-solid"},"_id":"1c389d7"},{"text":"Bersedia membawa laptop selama pelatihan","selected_icon":{"value":"fas fa-chevron-circle-right","library":"fa-solid"},"_id":"d20f7fa"},{"text":"Berkomitmen mengikuti pelatihan sampai selesai","selected_icon":{"value":"fas fa-chevron-circle-right","library":"fa-solid"},"_id":"e008d1d"}],"space_between":{"unit":"px","size":15,"sizes":[]},"icon_color":"#ffd700","icon_size":{"unit":"px","size":24,"sizes":[]},"text_color":"#ffffff","icon_typography_typography":"custom","icon_typography_font_family":"Poppins","icon_typography_font_size":{"unit":"px","size":16,"sizes":[]},"text_indent":{"unit":"px","size":30,"sizes":[]},"icon_typography_font_weight":"400","_margin":{"unit":"px","top":"10","right":"0","bottom":"0","left":"0","isLinked":false},"space_between_tablet":{"unit":"px","size":5,"sizes":[]}},"elements":[],"isInner":false,"widgetType":"icon-list","elType":"widget"}],"isInner":false,"elType":"column"}],"isInner":false,"elType":"section"},{"id":"689b69d0","settings":{"background_background":"classic","background_color":"#1a1615","custom_css":"\n.eventon_events_list .eventon_list_event .desc_trig, .evopop_top {background-color:#2e2c2a!important;}\n.evo_cal_above,.ajde_evcal_calendar .calendar_header p.evo_arrows {display:none;}\nselector,p#evcal_cur.evo_month_title,#evcal_widget .eventon_events_list .evo_below_title .evcal_event_subtitle {    font-family: \"Poppins\", Sans-serif;t;color:#fff!important;}\n#evcal_list .eventon_list_event .evcal_desc span.evcal_event_title, .ajde_evcal_calendar.boxy.boxstyle1 #evcal_list .eventon_list_event .evcal_desc span.evcal_event_title, .evo_lightboxes .evo_pop_body .evcal_desc span.evcal_desc2 {font-family: \"Poppins\", Sans-serif;font-size:16px;font-weight:600;color:#fff!important;}\n\n.ajde_evcal_calendar #evcal_head.calendar_header #evcal_cur, .ajde_evcal_calendar .evcal_month_line p {color:#fff!important;font-weight:400;}\n\n#evcal_widget .eventon_events_list .eventon_list_event .mul_val .evcal_desc,#evcal_widget .eventon_events_list .eventon_list_event .evcal_desc, #evcal_widget .eventon_events_list .eventon_list_event .no_val.hasFtIMG .evcal_desc {padding-left: 80px;}\n.evcal_cblock .evo_end\n{padding-left: 15px;}\n\n#evcal_widget .eventon_events_list .eventon_list_event .mul_val .evcal_desc\n{padding-left: 85px!important;}\n#evcal_widget .eventon_events_list .eventon_list_event .evcal_cblock span.evo_end  {font-size: 16px!important;font-family:\"Poppins\";color:#fff!important;}\n\n.evcal_cblock .evo_end {margin-top:0!important;padding-left:15px!important;}\n\n.evcal_cblock .evo_start {padding-right:8px;font-family:\"Poppins\";color:#fff!important;}\n\n.evcal_cblock .evo_end em.month {font-size: 10px!important}\n\n#evcal_list .eventon_list_event .evcal_cblock, .evo_lightboxes .evo_pop_body .evcal_cblock {    font-family: \"Poppins\", Sans-serif;color:#555;}\n\n.event .elementor-widget:not(:last-child) {margin-bottom:0;}\n\n#evcal_widget .eventon_events_list .evcal_cblock .evo_start .month {font-size:12px}\n#evcal_widget .eventon_events_list .evcal_cblock .evo_start .date {font-size:18px;}\n\n#evcal_widget .eventon_events_list .eventon_list_event .evcal_cblock span {font-size:12px!important;}","padding":{"unit":"px","top":"40","right":"0","bottom":"195","left":"0","isLinked":false},"_element_id":"jadwal","css_classes":"event"},"elements":[{"id":"6652a631","settings":{"_column_size":100},"elements":[{"id":"271dc98","settings":{"title":"Kalender Kegiatan ","align":"center","title_color":"#ffffff","typography_typography":"custom","typography_font_family":"Oswald","typography_font_size":{"unit":"px","size":36,"sizes":[]},"typography_font_weight":"800","typography_text_transform":"uppercase","_margin":{"unit":"px","top":"0","right":"0","bottom":"0","left":"0","isLinked":false},"_element_width":"initial","custom_css":"selector {margin:0 auto;}","_element_custom_width":{"unit":"px","size":1000,"sizes":[]},"typography_font_size_mobile":{"unit":"px","size":28,"sizes":[]}},"elements":[],"isInner":false,"widgetType":"heading","elType":"widget"},{"id":"671baf26","settings":{"html":"<hr \/>","_margin":{"unit":"px","top":"25","right":"0","bottom":"0","left":"0","isLinked":false},"custom_css":"selector hr {\r\n    width: 300px;\r\n    border: 0;\r\n    height: 4px;\r\n    background-image: linear-gradient(to right,rgba(0,0,0,0),rgb(\t255, 215, 0),rgba(0,0,0,0));\r\n    margin: 5px auto 0;\r\n}"},"elements":[],"isInner":false,"widgetType":"html","elType":"widget"},{"id":"fbae446","settings":{"alert_type":"warning","alert_title":"MENTORING KHUSUS","alert_description":"<br>Hari : Rabu - Kamis<br>\nTanggal: 13 - 14 Oktober 2019<br>\nJam : 08.00 WIB<br>\nLokasi : Ruang Perdana (Kantor Bupati Lama), Jl. Sudanco Supriadi No. 17, Kota Blitar<br>\nPakaian : Batik dan Bersepatu","alert_title_typography":"custom","alert_title_font_family":"Poppins","alert_title_font_size":{"unit":"px","size":22,"sizes":[]},"alert_title_font_weight":"600","alert_description_typography":"custom","alert_description_font_family":"Poppins","alert_description_font_size":{"unit":"px","size":15,"sizes":[]},"alert_description_font_weight":"400","alert_title_font_size_mobile":{"unit":"px","size":20,"sizes":[]},"alert_description_font_size_mobile":{"unit":"px","size":14,"sizes":[]},"_margin":{"unit":"px","top":"20","right":"0","bottom":"0","left":"0","isLinked":false},"hide_desktop":"hidden-desktop","hide_tablet":"hidden-tablet","hide_mobile":"hidden-phone"},"elements":[],"isInner":false,"widgetType":"alert","elType":"widget"}],"isInner":false,"elType":"column"}],"isInner":false,"elType":"section"},{"id":"21222089","settings":{"background_color":"#2e2c2a","padding":{"unit":"px","top":"0","right":"0","bottom":"0","left":"0","isLinked":false},"margin_mobile":{"unit":"px","top":"","right":0,"bottom":"","left":0,"isLinked":true},"_element_id":"pendaftaran","background_overlay_position":"center left","background_overlay_attachment":"fixed","background_overlay_repeat":"no-repeat","background_overlay_size":"cover","custom_css":".elementor-1801 .elementor-element.elementor-element-ce0a15a .eael-caldera-form-container input[type=\"submit\"] {background: rgb(255,215,0);\r\n    background: linear-gradient(308deg, rgba(255,215,0,1) 0%, rgba(255,233,116,1) 50%, rgba(255,215,0,1) 100%);\r\nborder-radius:50px;text-align:center;outline:none;border:none;}\r\n#fld_1143138_1-wrap {width:300px;margin:0 auto;}\r\n.caldera-grid span.help-block {font-size:12px;color:#eee;}\r\n#fld_9842880_1 {width:100%;}\r\nselect#fld_2144095_1, #fld_2144095_1 option {color:#fff;font-size:16px;font-weight:600;}\r\n#fld_4169606_1 {font-size:14px;font-weight:400;}","margin":{"unit":"px","top":"-168","right":0,"bottom":"0","left":0,"isLinked":false}},"elements":[{"id":"419a5522","settings":{"_column_size":100,"background_background":"classic","background_color":"#ffd700","padding":{"unit":"px","top":"40","right":"0","bottom":"40","left":"0","isLinked":false},"z_index":1},"elements":[{"id":"35a78029","settings":{"title":"Siap menjadi internet marketer handal kebanggan Blitar ?","align":"center","title_color":"#000000","typography_typography":"custom","typography_font_family":"Poppins","typography_font_size":{"unit":"px","size":30,"sizes":[]},"typography_font_weight":"600","typography_text_transform":"uppercase","_margin":{"unit":"px","top":"0","right":"0","bottom":"0","left":"0","isLinked":false},"_element_custom_width":{"unit":"px","size":700,"sizes":[]},"custom_css":"selector {margin:0 auto;}","typography_font_size_mobile":{"unit":"px","size":18,"sizes":[]},"header_size":"p","typography_font_size_tablet":{"unit":"px","size":22,"sizes":[]}},"elements":[],"isInner":false,"widgetType":"heading","elType":"widget"},{"id":"e6a80dc","settings":{"title":"DAFTAR SEKARANG ! Gratis !","align":"center","title_color":"#000000","typography_typography":"custom","typography_font_family":"Poppins","typography_font_size":{"unit":"px","size":40,"sizes":[]},"typography_font_weight":"600","typography_text_transform":"uppercase","_margin":{"unit":"px","top":"5","right":"0","bottom":"0","left":"0","isLinked":false},"_element_custom_width":{"unit":"px","size":700,"sizes":[]},"custom_css":"selector {margin:0 auto;}","typography_font_size_mobile":{"unit":"px","size":16,"sizes":[]},"header_size":"p","typography_font_size_tablet":{"unit":"px","size":30,"sizes":[]}},"elements":[],"isInner":false,"widgetType":"heading","elType":"widget"},{"id":"599748e","settings":{"text":"Registrasi","align":"center","selected_icon":{"value":"fas fa-pencil-alt","library":"fa-solid"},"icon_indent":{"unit":"px","size":15,"sizes":[]},"typography_typography":"custom","typography_font_family":"Poppins","typography_font_size":{"unit":"px","size":18,"sizes":[]},"typography_font_weight":"400","button_text_color":"#ffffff","hover_animation":"float","border_radius":{"unit":"px","top":"20","right":"20","bottom":"20","left":"20","isLinked":true},"_margin":{"unit":"px","top":"20","right":"0","bottom":"0","left":"0","isLinked":false},"_css_classes":"button-daftar","link":{"url":"http:\/\/bit.ly\/daftarabangmarko20","is_external":"","nofollow":""},"button_css_id":"daftar2","typography_letter_spacing":{"unit":"px","size":1,"sizes":[]},"background_color":"#000000"},"elements":[],"isInner":false,"widgetType":"button","elType":"widget"},{"id":"d753cde","settings":{"title":"Klik nomor WhatsApp ini untuk bantuan","align":"center","title_color":"#000000","typography_typography":"custom","typography_font_family":"Poppins","typography_font_size":{"unit":"px","size":20,"sizes":[]},"typography_font_weight":"600","typography_text_transform":"uppercase","_margin":{"unit":"px","top":"10","right":"0","bottom":"0","left":"0","isLinked":false},"_element_custom_width":{"unit":"px","size":700,"sizes":[]},"custom_css":"selector {margin:0 auto;}","typography_font_size_mobile":{"unit":"px","size":14,"sizes":[]},"header_size":"p"},"elements":[],"isInner":false,"widgetType":"heading","elType":"widget"},{"id":"17568587","settings":{"text":"081331761766","align":"center","selected_icon":{"value":"fab fa-whatsapp","library":"fa-brands"},"icon_indent":{"unit":"px","size":15,"sizes":[]},"typography_typography":"custom","typography_font_family":"Poppins","typography_font_size":{"unit":"px","size":18,"sizes":[]},"typography_font_weight":"400","button_text_color":"#ffffff","hover_animation":"float","border_radius":{"unit":"px","top":"20","right":"20","bottom":"20","left":"20","isLinked":true},"_margin":{"unit":"px","top":"20","right":"0","bottom":"0","left":"0","isLinked":false},"_css_classes":"button-daftar","link":{"url":"https:\/\/wa.me\/6281331761766","is_external":"","nofollow":""},"button_css_id":"daftar2","typography_letter_spacing":{"unit":"px","size":1,"sizes":[]},"background_color":"#000000"},"elements":[],"isInner":false,"widgetType":"button","elType":"widget"}],"isInner":false,"elType":"column"}],"isInner":false,"elType":"section"},{"id":"158767f9","settings":{"background_background":"classic","background_color":"#2e2c2a","margin":{"unit":"px","top":"-165","right":0,"bottom":"0","left":0,"isLinked":false},"padding":{"unit":"px","top":"195","right":"0","bottom":"30","left":"0","isLinked":false}},"elements":[{"id":"7c7c49f4","settings":{"_column_size":100},"elements":[{"id":"705d64a3","settings":{"editor":"<p>Mari wujudkan bersama-sama sebuah ekosistem ekonomi masyarakat yang unggul, berdaya saing global, dengan lahirnya bibit-bibit marketer handal berbasis digital marketing yang mampu mendorong potensi yang ada di setiap desa di kab Blitar.<\/p>","align":"center","text_color":"#ffffff","typography_typography":"custom","typography_font_family":"Poppins","typography_font_size":{"unit":"px","size":20,"sizes":[]},"typography_font_size_tablet":{"unit":"px","size":16,"sizes":[]},"typography_font_size_mobile":{"unit":"px","size":14,"sizes":[]}},"elements":[],"isInner":false,"widgetType":"text-editor","elType":"widget"}],"isInner":false,"elType":"column"}],"isInner":false,"elType":"section"}]}