{"version":"0.4","title":"#JK &#8211; Nav","type":"header","content":[{"id":"5b834108","settings":{"structure":"20","background_background":"classic","background_color":"#FFE0E0","margin":{"unit":"px","top":"-5","right":0,"bottom":"-5","left":0,"isLinked":false},"background_image":{"url":"","id":null},"background_image_tablet":{"url":"","id":null},"background_image_mobile":{"url":"","id":null},"background_video_fallback":{"url":"","id":null},"background_slideshow_gallery":[],"background_hover_image":{"url":"","id":null},"background_hover_image_tablet":{"url":"","id":null},"background_hover_image_mobile":{"url":"","id":null},"background_hover_video_fallback":{"url":"","id":null},"background_hover_slideshow_gallery":[],"background_overlay_image":{"url":"","id":null},"background_overlay_image_tablet":{"url":"","id":null},"background_overlay_image_mobile":{"url":"","id":null},"background_overlay_video_fallback":{"url":"","id":null},"background_overlay_slideshow_gallery":[],"background_overlay_hover_image":{"url":"","id":null},"background_overlay_hover_image_tablet":{"url":"","id":null},"background_overlay_hover_image_mobile":{"url":"","id":null},"background_overlay_hover_video_fallback":{"url":"","id":null},"background_overlay_hover_slideshow_gallery":[]},"elements":[{"id":"542094c8","settings":{"_column_size":50,"_inline_size":null,"content_position":"center","hide_mobile":"hidden-phone","background_image":{"url":"","id":null},"background_image_tablet":{"url":"","id":null},"background_image_mobile":{"url":"","id":null},"background_video_fallback":{"url":"","id":null},"background_slideshow_gallery":[],"background_hover_image":{"url":"","id":null},"background_hover_image_tablet":{"url":"","id":null},"background_hover_image_mobile":{"url":"","id":null},"background_hover_video_fallback":{"url":"","id":null},"background_hover_slideshow_gallery":[],"background_overlay_image":{"url":"","id":null},"background_overlay_image_tablet":{"url":"","id":null},"background_overlay_image_mobile":{"url":"","id":null},"background_overlay_video_fallback":{"url":"","id":null},"background_overlay_slideshow_gallery":[],"background_overlay_hover_image":{"url":"","id":null},"background_overlay_hover_image_tablet":{"url":"","id":null},"background_overlay_hover_image_mobile":{"url":"","id":null},"background_overlay_hover_video_fallback":{"url":"","id":null},"background_overlay_hover_slideshow_gallery":[]},"elements":[{"id":"284f5d3b","settings":{"gap":"no","structure":"20","background_image":{"url":"","id":null},"background_image_tablet":{"url":"","id":null},"background_image_mobile":{"url":"","id":null},"background_video_fallback":{"url":"","id":null},"background_slideshow_gallery":[],"background_hover_image":{"url":"","id":null},"background_hover_image_tablet":{"url":"","id":null},"background_hover_image_mobile":{"url":"","id":null},"background_hover_video_fallback":{"url":"","id":null},"background_hover_slideshow_gallery":[],"background_overlay_image":{"url":"","id":null},"background_overlay_image_tablet":{"url":"","id":null},"background_overlay_image_mobile":{"url":"","id":null},"background_overlay_video_fallback":{"url":"","id":null},"background_overlay_slideshow_gallery":[],"background_overlay_hover_image":{"url":"","id":null},"background_overlay_hover_image_tablet":{"url":"","id":null},"background_overlay_hover_image_mobile":{"url":"","id":null},"background_overlay_hover_video_fallback":{"url":"","id":null},"background_overlay_hover_slideshow_gallery":[]},"elements":[{"id":"4007e3f4","settings":{"_column_size":50,"_inline_size":19.612,"content_position":"center","_inline_size_tablet":27,"_inline_size_mobile":30,"background_image":{"url":"","id":null},"background_image_tablet":{"url":"","id":null},"background_image_mobile":{"url":"","id":null},"background_video_fallback":{"url":"","id":null},"background_slideshow_gallery":[],"background_hover_image":{"url":"","id":null},"background_hover_image_tablet":{"url":"","id":null},"background_hover_image_mobile":{"url":"","id":null},"background_hover_video_fallback":{"url":"","id":null},"background_hover_slideshow_gallery":[],"background_overlay_image":{"url":"","id":null},"background_overlay_image_tablet":{"url":"","id":null},"background_overlay_image_mobile":{"url":"","id":null},"background_overlay_video_fallback":{"url":"","id":null},"background_overlay_slideshow_gallery":[],"background_overlay_hover_image":{"url":"","id":null},"background_overlay_hover_image_tablet":{"url":"","id":null},"background_overlay_hover_image_mobile":{"url":"","id":null},"background_overlay_hover_video_fallback":{"url":"","id":null},"background_overlay_hover_slideshow_gallery":[]},"elements":[{"id":"659e6f22","settings":{"social_icon_list":[{"social_icon":{"value":"fab fa-facebook","library":"fa-brands"},"_id":"aa00eaa","link":{"url":"","is_external":"true","nofollow":"","custom_attributes":""},"item_icon_color":"default","item_icon_primary_color":"","item_icon_secondary_color":""},{"social_icon":{"value":"fab fa-twitter","library":"fa-brands"},"_id":"aa0c2ca","link":{"url":"","is_external":"true","nofollow":"","custom_attributes":""},"item_icon_color":"default","item_icon_primary_color":"","item_icon_secondary_color":""},{"social_icon":{"value":"fab fa-youtube","library":"fa-brands"},"_id":"bc2f217","link":{"url":"","is_external":"true","nofollow":"","custom_attributes":""},"item_icon_color":"default","item_icon_primary_color":"","item_icon_secondary_color":""}],"align":"left","icon_color":"custom","icon_primary_color":"#CF000F","icon_secondary_color":"#FFFFFF","icon_size":{"unit":"px","size":12,"sizes":[]},"_background_image":{"url":"","id":null},"_background_image_tablet":{"url":"","id":null},"_background_image_mobile":{"url":"","id":null},"_background_video_fallback":{"url":"","id":null},"_background_slideshow_gallery":[],"_background_hover_image":{"url":"","id":null},"_background_hover_image_tablet":{"url":"","id":null},"_background_hover_image_mobile":{"url":"","id":null},"_background_hover_video_fallback":{"url":"","id":null},"_background_hover_slideshow_gallery":[]},"elements":[],"isInner":false,"widgetType":"social-icons","elType":"widget"}],"isInner":true,"elType":"column"},{"id":"75d913b9","settings":{"_column_size":50,"_inline_size":80.388,"content_position":"center","_inline_size_tablet":73,"_inline_size_mobile":70,"background_image":{"url":"","id":null},"background_image_tablet":{"url":"","id":null},"background_image_mobile":{"url":"","id":null},"background_video_fallback":{"url":"","id":null},"background_slideshow_gallery":[],"background_hover_image":{"url":"","id":null},"background_hover_image_tablet":{"url":"","id":null},"background_hover_image_mobile":{"url":"","id":null},"background_hover_video_fallback":{"url":"","id":null},"background_hover_slideshow_gallery":[],"background_overlay_image":{"url":"","id":null},"background_overlay_image_tablet":{"url":"","id":null},"background_overlay_image_mobile":{"url":"","id":null},"background_overlay_video_fallback":{"url":"","id":null},"background_overlay_slideshow_gallery":[],"background_overlay_hover_image":{"url":"","id":null},"background_overlay_hover_image_tablet":{"url":"","id":null},"background_overlay_hover_image_mobile":{"url":"","id":null},"background_overlay_hover_video_fallback":{"url":"","id":null},"background_overlay_hover_slideshow_gallery":[]},"elements":[{"id":"7967069e","settings":{"view":"inline","icon_list":[{"text":"","selected_icon":{"value":"","library":""},"link":{"url":"","is_external":"","nofollow":"","custom_attributes":""},"_id":"100b307"},{"text":"Syarat dan Ketentuan","selected_icon":{"value":"","library":""},"_id":"32246b2","link":{"url":"http:\/\/jasakirim.id\/","is_external":"","nofollow":"","custom_attributes":""}}],"icon_align":"left","divider":"yes","divider_color":"rgba(0, 0, 0, 0.11)","icon_color":"#CF000F","text_color":"#CF000F","icon_typography_typography":"custom","icon_typography_font_family":"Lato","icon_typography_font_size":{"unit":"px","size":14,"sizes":[]},"icon_typography_font_weight":"400","_background_image":{"url":"","id":null},"_background_image_tablet":{"url":"","id":null},"_background_image_mobile":{"url":"","id":null},"_background_video_fallback":{"url":"","id":null},"_background_slideshow_gallery":[],"_background_hover_image":{"url":"","id":null},"_background_hover_image_tablet":{"url":"","id":null},"_background_hover_image_mobile":{"url":"","id":null},"_background_hover_video_fallback":{"url":"","id":null},"_background_hover_slideshow_gallery":[]},"elements":[],"isInner":false,"widgetType":"icon-list","elType":"widget"}],"isInner":true,"elType":"column"}],"isInner":true,"elType":"section"}],"isInner":false,"elType":"column"},{"id":"1ba5ed94","settings":{"_column_size":50,"_inline_size":null,"content_position":"center","background_image":{"url":"","id":null},"background_image_tablet":{"url":"","id":null},"background_image_mobile":{"url":"","id":null},"background_video_fallback":{"url":"","id":null},"background_slideshow_gallery":[],"background_hover_image":{"url":"","id":null},"background_hover_image_tablet":{"url":"","id":null},"background_hover_image_mobile":{"url":"","id":null},"background_hover_video_fallback":{"url":"","id":null},"background_hover_slideshow_gallery":[],"background_overlay_image":{"url":"","id":null},"background_overlay_image_tablet":{"url":"","id":null},"background_overlay_image_mobile":{"url":"","id":null},"background_overlay_video_fallback":{"url":"","id":null},"background_overlay_slideshow_gallery":[],"background_overlay_hover_image":{"url":"","id":null},"background_overlay_hover_image_tablet":{"url":"","id":null},"background_overlay_hover_image_mobile":{"url":"","id":null},"background_overlay_hover_video_fallback":{"url":"","id":null},"background_overlay_hover_slideshow_gallery":[]},"elements":[{"id":"5a9dfbbb","settings":{"view":"inline","icon_list":[{"text":"Mon - Sat : 07.00 - 21.00","selected_icon":{"value":"fas fa-clock","library":"fa-solid"},"_id":"36df87e","link":{"url":"","is_external":"","nofollow":"","custom_attributes":""}},{"text":"082133235258","selected_icon":{"value":"fas fa-phone-alt","library":"fa-solid"},"_id":"4520a21","link":{"url":"","is_external":"","nofollow":"","custom_attributes":""}}],"icon_align":"right","divider":"yes","divider_color":"rgba(0, 0, 0, 0.11)","icon_color":"#CF000F","text_color":"#CF000F","icon_typography_typography":"custom","icon_typography_font_family":"Lato","icon_typography_font_size":{"unit":"px","size":14,"sizes":[]},"icon_typography_font_weight":"400","icon_typography_font_size_mobile":{"unit":"px","size":14,"sizes":[]},"_background_image":{"url":"","id":null},"_background_image_tablet":{"url":"","id":null},"_background_image_mobile":{"url":"","id":null},"_background_video_fallback":{"url":"","id":null},"_background_slideshow_gallery":[],"_background_hover_image":{"url":"","id":null},"_background_hover_image_tablet":{"url":"","id":null},"_background_hover_image_mobile":{"url":"","id":null},"_background_hover_video_fallback":{"url":"","id":null},"_background_hover_slideshow_gallery":[]},"elements":[],"isInner":false,"widgetType":"icon-list","elType":"widget"}],"isInner":false,"elType":"column"}],"isInner":false,"elType":"section"},{"id":"5de09bd4","settings":{"structure":"30","background_background":"classic","background_color":"#FFFFFF","sticky":"top","sticky_effects_offset":1,"custom_css":"selector.elementor-sticky--effects{\r\n   box-shadow: 0 0px 15px 0 rgba(0,0,0,.20)\r\n}\r\n\r\nselector{\r\n   transition: box-shadow 2s ease \r\n}\r\n","background_image":{"url":"","id":null},"background_image_tablet":{"url":"","id":null},"background_image_mobile":{"url":"","id":null},"background_video_fallback":{"url":"","id":null},"background_slideshow_gallery":[],"background_hover_image":{"url":"","id":null},"background_hover_image_tablet":{"url":"","id":null},"background_hover_image_mobile":{"url":"","id":null},"background_hover_video_fallback":{"url":"","id":null},"background_hover_slideshow_gallery":[],"background_overlay_image":{"url":"","id":null},"background_overlay_image_tablet":{"url":"","id":null},"background_overlay_image_mobile":{"url":"","id":null},"background_overlay_video_fallback":{"url":"","id":null},"background_overlay_slideshow_gallery":[],"background_overlay_hover_image":{"url":"","id":null},"background_overlay_hover_image_tablet":{"url":"","id":null},"background_overlay_hover_image_mobile":{"url":"","id":null},"background_overlay_hover_video_fallback":{"url":"","id":null},"background_overlay_hover_slideshow_gallery":[]},"elements":[{"id":"4264979f","settings":{"_column_size":33,"_inline_size":23.97,"content_position":"center","_inline_size_tablet":35,"_inline_size_mobile":80,"background_image":{"url":"","id":null},"background_image_tablet":{"url":"","id":null},"background_image_mobile":{"url":"","id":null},"background_video_fallback":{"url":"","id":null},"background_slideshow_gallery":[],"background_hover_image":{"url":"","id":null},"background_hover_image_tablet":{"url":"","id":null},"background_hover_image_mobile":{"url":"","id":null},"background_hover_video_fallback":{"url":"","id":null},"background_hover_slideshow_gallery":[],"background_overlay_image":{"url":"","id":null},"background_overlay_image_tablet":{"url":"","id":null},"background_overlay_image_mobile":{"url":"","id":null},"background_overlay_video_fallback":{"url":"","id":null},"background_overlay_slideshow_gallery":[],"background_overlay_hover_image":{"url":"","id":null},"background_overlay_hover_image_tablet":{"url":"","id":null},"background_overlay_hover_image_mobile":{"url":"","id":null},"background_overlay_hover_video_fallback":{"url":"","id":null},"background_overlay_hover_slideshow_gallery":[]},"elements":[{"id":"6f239192","settings":{"image":{"id":885,"url":"https:\/\/wordpress-118914-1748443.cloudwaysapps.com\/wp-content\/uploads\/2021\/02\/logo-jasa-kirim-e1589778419432.png"},"align":"left","space":{"unit":"%","size":100,"sizes":[]},"link_to":"custom","link":{"url":"https:\/\/www.jasakirim.id","is_external":"","nofollow":""},"_background_image":{"url":"","id":null},"_background_image_tablet":{"url":"","id":null},"_background_image_mobile":{"url":"","id":null},"_background_video_fallback":{"url":"","id":null},"_background_slideshow_gallery":[],"_background_hover_image":{"url":"","id":null},"_background_hover_image_tablet":{"url":"","id":null},"_background_hover_image_mobile":{"url":"","id":null},"_background_hover_video_fallback":{"url":"","id":null},"_background_hover_slideshow_gallery":[]},"elements":[],"isInner":false,"widgetType":"image","elType":"widget"}],"isInner":false,"elType":"column"},{"id":"6a89474a","settings":{"_column_size":33,"_inline_size":59.925,"content_position":"center","_inline_size_tablet":45,"_inline_size_mobile":20,"background_image":{"url":"","id":null},"background_image_tablet":{"url":"","id":null},"background_image_mobile":{"url":"","id":null},"background_video_fallback":{"url":"","id":null},"background_slideshow_gallery":[],"background_hover_image":{"url":"","id":null},"background_hover_image_tablet":{"url":"","id":null},"background_hover_image_mobile":{"url":"","id":null},"background_hover_video_fallback":{"url":"","id":null},"background_hover_slideshow_gallery":[],"background_overlay_image":{"url":"","id":null},"background_overlay_image_tablet":{"url":"","id":null},"background_overlay_image_mobile":{"url":"","id":null},"background_overlay_video_fallback":{"url":"","id":null},"background_overlay_slideshow_gallery":[],"background_overlay_hover_image":{"url":"","id":null},"background_overlay_hover_image_tablet":{"url":"","id":null},"background_overlay_hover_image_mobile":{"url":"","id":null},"background_overlay_hover_video_fallback":{"url":"","id":null},"background_overlay_hover_slideshow_gallery":[]},"elements":[{"id":"1e05579e","settings":{"align_items":"right","pointer":"none","indicator":"chevron","full_width":"stretch","menu_typography_typography":"custom","menu_typography_font_family":"Lato","menu_typography_font_size":{"unit":"px","size":16,"sizes":[]},"menu_typography_font_weight":"400","color_menu_item":"#1D222A","padding_horizontal_menu_item":{"unit":"px","size":17,"sizes":[]},"padding_vertical_menu_item":{"unit":"px","size":5,"sizes":[]},"menu_space_between":{"unit":"px","size":0,"sizes":[]},"custom_css":"selector .elementor-nav-menu>li>a.elementor-item {border-right-width: 1px;\r\n    border-style: solid;border-color: rgba(0,0,0,.08);}\r\n    \r\nselector .elementor-nav-menu>li:last-child>a.elementor-item {border:0;}","toggle_align":"right","toggle_color":"#797878","toggle_background_color":"#EFECEC","_background_image":{"url":"","id":null},"_background_image_tablet":{"url":"","id":null},"_background_image_mobile":{"url":"","id":null},"_background_video_fallback":{"url":"","id":null},"_background_slideshow_gallery":[],"_background_hover_image":{"url":"","id":null},"_background_hover_image_tablet":{"url":"","id":null},"_background_hover_image_mobile":{"url":"","id":null},"_background_hover_video_fallback":{"url":"","id":null},"_background_hover_slideshow_gallery":[]},"elements":[],"isInner":false,"widgetType":"nav-menu","elType":"widget"}],"isInner":false,"elType":"column"},{"id":"54292368","settings":{"_column_size":33,"_inline_size":15.375,"content_position":"center","padding":{"unit":"px","top":"0","right":"0","bottom":"0","left":"0","isLinked":false},"_inline_size_tablet":20,"hide_mobile":"hidden-phone","background_image":{"url":"","id":null},"background_image_tablet":{"url":"","id":null},"background_image_mobile":{"url":"","id":null},"background_video_fallback":{"url":"","id":null},"background_slideshow_gallery":[],"background_hover_image":{"url":"","id":null},"background_hover_image_tablet":{"url":"","id":null},"background_hover_image_mobile":{"url":"","id":null},"background_hover_video_fallback":{"url":"","id":null},"background_hover_slideshow_gallery":[],"background_overlay_image":{"url":"","id":null},"background_overlay_image_tablet":{"url":"","id":null},"background_overlay_image_mobile":{"url":"","id":null},"background_overlay_video_fallback":{"url":"","id":null},"background_overlay_slideshow_gallery":[],"background_overlay_hover_image":{"url":"","id":null},"background_overlay_hover_image_tablet":{"url":"","id":null},"background_overlay_hover_image_mobile":{"url":"","id":null},"background_overlay_hover_video_fallback":{"url":"","id":null},"background_overlay_hover_slideshow_gallery":[]},"elements":[{"id":"5323306c","settings":{"text":"Delivery Now","align":"right","selected_icon":{"value":"fas fa-truck","library":"fa-solid"},"icon_indent":{"unit":"px","size":8,"sizes":[]},"typography_typography":"custom","typography_font_family":"Lato","typography_font_weight":"600","background_color":"#CF000F","border_radius":{"unit":"px","top":"50","right":"50","bottom":"50","left":"50","isLinked":true},"button_box_shadow_box_shadow":{"horizontal":0,"vertical":8,"blur":24,"spread":-7,"color":"rgba(0,0,0,0.5)"},"text_padding":{"unit":"px","top":"8","right":"13","bottom":"8","left":"13","isLinked":false},"_margin":{"unit":"px","top":"0","right":"0","bottom":"0","left":"0","isLinked":false},"custom_css":"selector .elementor-button {background: rgb(207,0,15);\r\nbackground: -moz-linear-gradient(90deg, rgba(207,0,15,1) 0%, rgba(255,48,63,1) 50%, rgba(207,0,15,1) 100%);\r\nbackground: -webkit-linear-gradient(90deg, rgba(207,0,15,1) 0%, rgba(255,48,63,1) 50%, rgba(207,0,15,1) 100%);\r\nbackground: linear-gradient(90deg, rgba(207,0,15,1) 0%, rgba(255,48,63,1) 50%, rgba(207,0,15,1) 100%);\r\nfilter: progid:DXImageTransform.Microsoft.gradient(startColorstr=\"#cf000f\",endColorstr=\"#cf000f\",GradientType=1);}","link":{"url":"https:\/\/www.jasakirim.id\/kontak\/","is_external":"","nofollow":""},"_background_image":{"url":"","id":null},"_background_image_tablet":{"url":"","id":null},"_background_image_mobile":{"url":"","id":null},"_background_video_fallback":{"url":"","id":null},"_background_slideshow_gallery":[],"_background_hover_image":{"url":"","id":null},"_background_hover_image_tablet":{"url":"","id":null},"_background_hover_image_mobile":{"url":"","id":null},"_background_hover_video_fallback":{"url":"","id":null},"_background_hover_slideshow_gallery":[]},"elements":[],"isInner":false,"widgetType":"button","elType":"widget"}],"isInner":false,"elType":"column"}],"isInner":false,"elType":"section"}]}