{"version":"0.4","title":"#JK &#8211; Iklan &#8211; All","type":"page","content":[{"id":"1a68c274","settings":{"layout":"full_width","gap":"no","custom_css":"body {max-width: 1200px!important;margin:0 auto;box-shadow: 0 0 17px -9px rgba(0,0,0,.5);}"},"elements":[{"id":"6d999d29","settings":{"_column_size":100,"_inline_size":null},"elements":[{"id":"55f833d7","settings":{"image":{"id":912,"url":"https:\/\/wordpress-118914-1748443.cloudwaysapps.com\/wp-content\/uploads\/2021\/02\/jasa-pengiriman-barang-jakarta-surabaya.jpg"},"image_size":"full"},"elements":[],"isInner":false,"widgetType":"image","elType":"widget"}],"isInner":false,"elType":"column"}],"isInner":false,"elType":"section"},{"id":"6a55aec9","settings":{"background_background":"classic","background_color":"#FFFFFF","padding":{"unit":"px","top":"30","right":"0","bottom":"10","left":"0","isLinked":false},"content_width":{"unit":"px","size":1000,"sizes":[]}},"elements":[{"id":"22bf3fd","settings":{"_column_size":100,"_inline_size":null},"elements":[{"id":"7eab8a3b","settings":{"title":"Jasa Ekspedisi JAKARTA - surabaya","header_size":"h1","align":"center","title_color":"#CF000F","typography_typography":"custom","typography_font_family":"Lato","typography_font_size":{"unit":"px","size":26,"sizes":[]},"align_mobile":"center","typography_font_size_mobile":{"unit":"px","size":21,"sizes":[]},"typography_line_height_mobile":{"unit":"em","size":1.3,"sizes":[]},"typography_font_weight":"800","typography_text_transform":"uppercase"},"elements":[],"isInner":false,"widgetType":"heading","elType":"widget"},{"id":"255a9a8c","settings":{"html":"<hr>","custom_css":"selector:after {content: '';\r\n    width: 30%;\r\n    background: linear-gradient(to right,rgba(0,0,0,0),#CF000F,rgba(0,0,0,0));\r\n    height: 3px;\r\n    display: block;\r\n    margin: 5px auto 0;\r\n    transition: .5s;}\r\n    selector:before {content: '';\r\n    width: 17px;\r\n    height: 17px;\r\n    background: #CF000F;\r\n    position: absolute;\r\n    bottom: -7px;\r\n    left: 50%;\r\n    transform: translate(-50%,0);\r\n    border-radius: 100%;\r\n    border: 4px solid #fff;\r\n    z-index: 9;}"},"elements":[],"isInner":false,"widgetType":"html","elType":"widget"},{"id":"71313b93","settings":{"editor":"<p><strong>Jasakirim.id<\/strong> | solusi untuk anda yang sedang mencari perusahaan jasa ekspedisi Jakarta Surabaya. Keunggulan layanan kami door to door service, kami bisa mengambil paket di tempat anda dan langsung mengirim sampai alamat penerima tanpa ada biaya tambahan.<\/p><p>Tarif jasakirim.id untuk pengiriman barang dari Jakarta ke Surabaya juga sangat terjangkau, mulai dari 1.800 per kg. Untuk informasi lebih lanjut mengenai tarif dan layanan kami, silahkan hubungi tim marketing kami yang kontaknya ada di bawah ini. Terimakasih :D<\/p>","text_color":"#333333","typography_typography":"custom","typography_font_family":"Lato","_margin":{"unit":"px","top":"0","right":"0","bottom":"-10","left":"0","isLinked":false},"custom_css":"selector a {color:#0000EE;font-weight:500;}","align":"left","typography_font_size_mobile":{"unit":"px","size":16,"sizes":[]},"typography_font_size":{"unit":"px","size":17,"sizes":[]}},"elements":[],"isInner":false,"widgetType":"text-editor","elType":"widget"}],"isInner":false,"elType":"column"}],"isInner":false,"elType":"section"},{"id":"17e362a3","settings":{"background_background":"classic","background_color":"#FFFFFF","padding":{"unit":"px","top":"0","right":"0","bottom":"40","left":"0","isLinked":false},"content_width":{"unit":"px","size":900,"sizes":[]}},"elements":[{"id":"58a7909b","settings":{"_column_size":100,"_inline_size":null,"_inline_size_mobile":100,"background_background":"classic","background_color":"#FFE0E0","border_border":"solid","border_width":{"unit":"px","top":"4","right":"0","bottom":"0","left":"0","isLinked":false},"border_color":"#CF000F","box_shadow_box_shadow_type":"yes","box_shadow_box_shadow":{"horizontal":0,"vertical":10,"blur":20,"spread":-10,"color":"rgba(0,0,0,0.5)"},"margin":{"unit":"px","top":"10","right":"10","bottom":"10","left":"10","isLinked":true},"padding":{"unit":"px","top":"20","right":"20","bottom":"20","left":"20","isLinked":true},"z_index":1,"motion_fx_mouseTrack_effect":"yes","motion_fx_tilt_effect":"yes"},"elements":[{"id":"64d338f2","settings":{"title":"Konsultasikan kebutuhan anda dengan staf kami, serta dapatkan tarif terbaik dari jasakirim.id","header_size":"p","align":"center","title_color":"#333333","typography_typography":"custom","typography_font_family":"Lato","typography_font_size":{"unit":"px","size":18,"sizes":[]},"typography_font_weight":"400","typography_font_size_mobile":{"unit":"px","size":16,"sizes":[]},"typography_line_height_mobile":{"unit":"em","size":1.5,"sizes":[]},"typography_line_height_tablet":{"unit":"em","size":1.3,"sizes":[]},"typography_text_transform":"none"},"elements":[],"isInner":false,"widgetType":"heading","elType":"widget"},{"id":"18d0fd57","settings":{"title":"0821 3323 5258 a\/n Pak Riko","header_size":"p","align":"center","align_mobile":"center","title_color":"#CF000F","typography_typography":"custom","typography_font_family":"Lato","typography_font_size":{"unit":"px","size":28,"sizes":[]},"typography_font_size_mobile":{"unit":"px","size":20,"sizes":[]},"typography_line_height_mobile":{"unit":"em","size":1.3,"sizes":[]},"typography_text_transform":"none"},"elements":[],"isInner":false,"widgetType":"heading","elType":"widget"},{"id":"6336614","settings":{"editor":"<p>Atau klik tombol di bawah ini untuk langsung chat dengan cs kami area Jawa<\/p>","text_color":"#333333","typography_typography":"custom","typography_font_family":"Lato","_margin":{"unit":"px","top":"0","right":"0","bottom":"-20","left":"0","isLinked":false},"align":"center","typography_font_size":{"unit":"px","size":18,"sizes":[]},"typography_font_size_mobile":{"unit":"px","size":16,"sizes":[]}},"elements":[],"isInner":false,"widgetType":"text-editor","elType":"widget"},{"id":"6754cc02","settings":{"content_width":{"unit":"px","size":500,"sizes":[]},"gap":"narrow","structure":"20","margin":{"unit":"px","top":"-15","right":0,"bottom":"0","left":0,"isLinked":false}},"elements":[{"id":"899c79c","settings":{"_column_size":50,"_inline_size":null},"elements":[{"id":"215fb92c","settings":{"text":"Whatsapp","link":{"url":"https:\/\/mauorder.online\/wajasakirim","is_external":"","nofollow":"","custom_attributes":""},"align":"justify","selected_icon":{"value":"fab fa-whatsapp","library":"fa-brands"},"typography_typography":"custom","typography_font_family":"Lato","typography_letter_spacing":{"unit":"px","size":1,"sizes":[]},"background_color":"#23A455","border_radius":{"unit":"px","top":"100","right":"100","bottom":"100","left":"100","isLinked":true},"button_box_shadow_box_shadow":{"horizontal":0,"vertical":5,"blur":10,"spread":-3,"color":"rgba(0,0,0,0.5)"},"custom_css":"selector:hover {    transform: translate(0px, -5px) scale(1.05);}\nselector {transition: all ease-in-out 300ms;}","button_css_id":"wa2","_element_id":"wa-atas"},"elements":[],"isInner":false,"widgetType":"button","elType":"widget"}],"isInner":true,"elType":"column"},{"id":"18e23c2b","settings":{"_column_size":50,"_inline_size":null},"elements":[{"id":"7c646c54","settings":{"text":"Telepon","align":"justify","selected_icon":{"value":"fas fa-phone-alt","library":"fa-solid"},"typography_typography":"custom","typography_font_family":"Lato","typography_letter_spacing":{"unit":"px","size":1,"sizes":[]},"background_color":"#4054B2","border_radius":{"unit":"px","top":"100","right":"100","bottom":"100","left":"100","isLinked":true},"button_box_shadow_box_shadow":{"horizontal":0,"vertical":5,"blur":10,"spread":-3,"color":"rgba(0,0,0,0.5)"},"custom_css":"selector:hover {    transform: translate(0px, -5px) scale(1.05);}\nselector {transition: all ease-in-out 300ms;}","button_css_id":"telp2","link":{"url":"https:\/\/mauorder.online\/telpjasakirim","is_external":"","nofollow":"","custom_attributes":""},"_element_id":"telp-atas"},"elements":[],"isInner":false,"widgetType":"button","elType":"widget"}],"isInner":true,"elType":"column"}],"isInner":true,"elType":"section"}],"isInner":false,"elType":"column"}],"isInner":false,"elType":"section"},{"id":"60d2914d","settings":{"content_width":{"unit":"px","size":1000,"sizes":[]},"background_background":"classic","background_color":"#FFFFFF","padding":{"unit":"px","top":"0","right":"0","bottom":"10","left":"0","isLinked":false}},"elements":[{"id":"69b3573e","settings":{"_column_size":100,"_inline_size":null},"elements":[{"id":"456526bc","settings":{"title":"Tarif Ekspedisi Jakarta ke Surabaya","align":"center","title_color":"#CF000F","typography_typography":"custom","typography_font_family":"Lato","typography_font_size":{"unit":"px","size":26,"sizes":[]},"typography_font_size_mobile":{"unit":"px","size":22,"sizes":[]},"typography_line_height_mobile":{"unit":"em","size":1.3,"sizes":[]},"typography_text_transform":"none"},"elements":[],"isInner":false,"widgetType":"heading","elType":"widget"},{"id":"5838f30d","settings":{"editor":"<p>Berikut adalah tarif ekspedisi dari Jakarta ke Surabaya dan sekitarnya. Tarif yang kami tampilkan adalah tarif retail, untuk perusahaan yang perlu kerjasama jangka panjang ada harga khusus dari kami, silahkan kontak marketing kami untuk informasi lebih jelasnya.<\/p>","text_color":"#333333","typography_typography":"custom","typography_font_family":"Lato","_margin":{"unit":"px","top":"0","right":"0","bottom":"-30","left":"0","isLinked":false},"custom_css":"selector a {color:#0000EE;font-weight:500;}","align":"center","typography_font_size_mobile":{"unit":"px","size":16,"sizes":[]},"typography_font_size":{"unit":"px","size":17,"sizes":[]}},"elements":[],"isInner":false,"widgetType":"text-editor","elType":"widget"},{"id":"141cc1ad","settings":{"content_width":{"unit":"px","size":900,"sizes":[]},"padding_mobile":{"unit":"px","top":"0","right":"0","bottom":"0","left":"0","isLinked":false}},"elements":[{"id":"49d1f7ec","settings":{"_column_size":100,"_inline_size":null,"padding_mobile":{"unit":"px","top":"0","right":"0","bottom":"0","left":"0","isLinked":false}},"elements":[{"id":"5ad106a3","settings":{"editor":"<p><strong>TARIF EKSPEDISI JAKARTA TUJUAN SURABAYA DAN SEKITARNYA<\/strong><\/p><div class=\"tg-wrap\"><table class=\"tg\"><thead><tr><th class=\"tg-8mij\" rowspan=\"2\">Layanan<\/th><th class=\"tg-8mij\" rowspan=\"2\">Kota Tujuan<\/th><th class=\"tg-qyk3\" colspan=\"3\">Berat<\/th><\/tr><tr><th><span style=\"font-weight: bold;\">Diatas 50 Kg<\/span><\/th><th class=\"tg-bobw\"><span style=\"font-weight: bold;\">Diatas 100 Kg<\/span><\/th><th class=\"tg-bobw\"><span style=\"font-weight: bold;\">Diatas 300 Kg<\/span><\/th><\/tr><\/thead><tbody><tr><td class=\"tg-0lax\" rowspan=\"8\">Regular<\/td><td class=\"tg-7zrl\">Surabaya<\/td><td class=\"tg-2b7s\">4.000<\/td><td class=\"tg-2b7s\">3.000<\/td><td class=\"tg-2b7s\">1.800<\/td><\/tr><tr><td class=\"tg-7zrl\">Jombang<\/td><td class=\"tg-2b7s\">4.000<\/td><td class=\"tg-2b7s\">3.000<\/td><td class=\"tg-2b7s\">1.800<\/td><\/tr><tr><td class=\"tg-7zrl\">Mojokerto<\/td><td class=\"tg-2b7s\">4.000<\/td><td class=\"tg-2b7s\">3.000<\/td><td class=\"tg-2b7s\">1.800<\/td><\/tr><tr><td class=\"tg-7zrl\">Sidoarjo<\/td><td class=\"tg-2b7s\">4.000<\/td><td class=\"tg-2b7s\">3.000<\/td><td class=\"tg-2b7s\">1.800<\/td><\/tr><tr><td class=\"tg-7zrl\">Tuban<\/td><td class=\"tg-2b7s\">4.000<\/td><td class=\"tg-2b7s\">3.000<\/td><td class=\"tg-2b7s\">1.800<\/td><\/tr><tr><td class=\"tg-7zrl\">Lamongan<\/td><td class=\"tg-2b7s\">4.000<\/td><td class=\"tg-2b7s\">3.000<\/td><td class=\"tg-2b7s\">1.800<\/td><\/tr><tr><td class=\"tg-7zrl\">Gresik<\/td><td class=\"tg-2b7s\">4.000<\/td><td class=\"tg-2b7s\">3.000<\/td><td class=\"tg-2b7s\">1.800<\/td><\/tr><tr><td class=\"tg-7zrl\">Malang<\/td><td class=\"tg-2b7s\">4.000<\/td><td class=\"tg-2b7s\">3.000<\/td><td class=\"tg-2b7s\">1.800<\/td><\/tr><\/tbody><\/table><p>\u00a0<\/p><\/div>","align":"center","custom_css":"selector {font-size: 17px;font-family:'lato';color:#333;}\nselector th {\n    background: #FFE0E0\n}\nselector p {margin-bottom:0.5em}\nselector table th{text-align: center}\nselector table {margin-bottom:0px;}\n@media screen and (max-width: 767px) {.tg {width: auto !important;}.tg col {width: auto !important;}.tg-wrap {overflow-x: auto;-webkit-overflow-scrolling: touch;}\n    selector {font-size:15px;}\n}","typography_typography":"custom","typography_font_family":"Lato","typography_font_size":{"unit":"px","size":17,"sizes":[]},"typography_font_weight":"400"},"elements":[],"isInner":false,"widgetType":"text-editor","elType":"widget"},{"id":"5f6b15e9","settings":{"editor":"<p><strong>CATATAN PENTING :<\/strong><\/p><ul><li>Tarif yang tertera di atas adalah tarif per-kilogram<\/li><li>Untuk layanan regular, perhitungan berat minimal adalah 50 Kg yang artinya jika berat barang anda di bawah 50 Kg maka perhitungan tarifnya adalah 50 Kg<\/li><li>Semakin berat barang anda, tarif per-kilogram-nya semakin murah<\/li><li>Tarif dapat berubah sewaktu-waktu<\/li><li>Untuk informasi tarif yang terbaru, anda bisa hubungi marketing kami<\/li><li>Gratis penjemputan barang dari tempat anda dan pengiriman langsung ke alamat tujuan<\/li><li>Tarif belum termasuk biaya asuransi dan biaya packing kayu<\/li><\/ul>","text_color":"#333333","typography_typography":"custom","typography_font_family":"Lato","_margin":{"unit":"px","top":"0","right":"0","bottom":"0","left":"0","isLinked":false},"custom_css":"selector a {color:#0000EE;font-weight:500;}\nselector li:before {\n    content: '\\f0a9';\n}\nselector li:before,.widget_categories li:before  {\n    font-family: 'FontAwesome';\n    float: left;\n    margin-left:-28px ;color:#333;font-size:17px\n}\nselector li {padding-left: 28px;border-width: 0px 0px 1px 0px;\n    padding-bottom: 0px!important;\n    padding-top: 0px;list-style: none;}\nselector p {margin-bottom:15px;}\nselector ul {margin-left:30px;}\n@media screen and (max-width:767px) {\n    selector ul {margin-left:1px;}\n}","align":"left","_padding":{"unit":"px","top":"20","right":"20","bottom":"1","left":"20","isLinked":false},"_background_background":"classic","_background_color":"#FFE0E0","typography_font_size_mobile":{"unit":"px","size":16,"sizes":[]},"typography_font_size":{"unit":"px","size":17,"sizes":[]}},"elements":[],"isInner":false,"widgetType":"text-editor","elType":"widget"},{"id":"7a74697","settings":{"editor":"<p><strong>BARANG YANG BISA DIKIRIM<\/strong><\/p>\n<p>Pada dasarnya kami bisa mengirim semua barang, namun ada beberapa ketentuan barang yang tidak bisa kami layani yaitu :<\/p>\n<ol>\n<li>Barang ilegal, selundupan, curian dan semua jenis barang yang melanggar hukum negara \/ agama<\/li>\n<li>Barang mudah meledak<\/li>\n<li>Barang yang mudah terbakar<\/li>\n<li>Barang yang tidak tahan lama<\/li>\n<li>Barang kimia berbahaya<\/li>\n<li>Barang yang memiliki izin khusus untuk pengiriman, misal limbah dll<\/li>\n<\/ol>\n<p>Untuk informasi lebih lanjut mengenai ketentuan pengiriman barang di jasakirim.id bisa hubungi marketing kami.<\/p>","text_color":"#333333","typography_typography":"custom","typography_font_family":"Lato","_margin":{"unit":"px","top":"0","right":"0","bottom":"0","left":"0","isLinked":false},"custom_css":"\n\nselector li {padding-left: 10px;border-width: 0px 0px 1px 0px;\n    padding-bottom: 0px!important;\n    padding-top: 0px;}\nselector p {margin-bottom:15px;}\nselector ol {margin-left:50px;margin-bottom:15px;}\n@media screen and (max-width:767px) {\n    selector ol {margin-left:15px;}\n}","align":"left","_padding":{"unit":"px","top":"20","right":"20","bottom":"5","left":"20","isLinked":false},"_background_background":"classic","_background_color":"#FFE0E0","typography_font_size_mobile":{"unit":"px","size":16,"sizes":[]},"typography_font_size":{"unit":"px","size":17,"sizes":[]}},"elements":[],"isInner":false,"widgetType":"text-editor","elType":"widget"}],"isInner":true,"elType":"column"}],"isInner":true,"elType":"section"}],"isInner":false,"elType":"column"}],"isInner":false,"elType":"section"},{"id":"507aca33","settings":{"background_background":"classic","background_color":"#FFFFFF","padding":{"unit":"px","top":"0","right":"0","bottom":"40","left":"0","isLinked":false},"content_width":{"unit":"px","size":900,"sizes":[]},"padding_mobile":{"unit":"px","top":"0","right":"0","bottom":"0","left":"0","isLinked":false}},"elements":[{"id":"7eb4286a","settings":{"_column_size":100,"_inline_size":null,"_inline_size_mobile":100,"background_color":"#FFE0E0","border_border":"solid","border_width":{"unit":"px","top":"4","right":"0","bottom":"0","left":"0","isLinked":false},"border_color":"#CF000F","box_shadow_box_shadow_type":"yes","box_shadow_box_shadow":{"horizontal":0,"vertical":10,"blur":20,"spread":-10,"color":"rgba(0,0,0,0.5)"},"margin":{"unit":"px","top":"10","right":"10","bottom":"10","left":"10","isLinked":true},"padding":{"unit":"px","top":"20","right":"20","bottom":"20","left":"20","isLinked":true},"z_index":1,"motion_fx_mouseTrack_effect":"yes","motion_fx_tilt_effect":"yes","background_background":"classic"},"elements":[{"id":"51984b7d","settings":{"title":"Konsultasikan kebutuhan anda dengan staf kami, serta dapatkan tarif terbaik dari jasakirim.id","header_size":"p","align":"center","title_color":"#333333","typography_typography":"custom","typography_font_family":"Lato","typography_font_size":{"unit":"px","size":18,"sizes":[]},"typography_font_weight":"400","typography_font_size_mobile":{"unit":"px","size":16,"sizes":[]},"typography_line_height_mobile":{"unit":"em","size":1.5,"sizes":[]},"typography_text_transform":"none"},"elements":[],"isInner":false,"widgetType":"heading","elType":"widget"},{"id":"63a31aa2","settings":{"title":"0821 3323 5258 a\/n Pak Riko","header_size":"p","align":"center","align_mobile":"center","title_color":"#CF000F","typography_typography":"custom","typography_font_family":"Lato","typography_font_size":{"unit":"px","size":28,"sizes":[]},"typography_font_size_mobile":{"unit":"px","size":20,"sizes":[]},"typography_line_height_mobile":{"unit":"em","size":1.3,"sizes":[]},"typography_text_transform":"none"},"elements":[],"isInner":false,"widgetType":"heading","elType":"widget"},{"id":"69687fbd","settings":{"editor":"<p>Atau klik tombol di bawah ini untuk langsung chat dengan cs kami area Jawa<\/p>","text_color":"#333333","typography_typography":"custom","typography_font_family":"Lato","_margin":{"unit":"px","top":"0","right":"0","bottom":"-20","left":"0","isLinked":false},"align":"center","typography_font_size":{"unit":"px","size":18,"sizes":[]},"typography_font_size_mobile":{"unit":"px","size":16,"sizes":[]}},"elements":[],"isInner":false,"widgetType":"text-editor","elType":"widget"},{"id":"7b430560","settings":{"content_width":{"unit":"px","size":500,"sizes":[]},"gap":"narrow","structure":"20","margin":{"unit":"px","top":"-15","right":0,"bottom":"0","left":0,"isLinked":false}},"elements":[{"id":"53bfa7ee","settings":{"_column_size":50,"_inline_size":null},"elements":[{"id":"54c1778d","settings":{"text":"Whatsapp","link":{"url":"https:\/\/mauorder.online\/wajasakirim","is_external":"","nofollow":"","custom_attributes":""},"align":"justify","selected_icon":{"value":"fab fa-whatsapp","library":"fa-brands"},"typography_typography":"custom","typography_font_family":"Lato","typography_letter_spacing":{"unit":"px","size":1,"sizes":[]},"background_color":"#23A455","border_radius":{"unit":"px","top":"100","right":"100","bottom":"100","left":"100","isLinked":true},"button_box_shadow_box_shadow":{"horizontal":0,"vertical":5,"blur":10,"spread":-3,"color":"rgba(0,0,0,0.5)"},"custom_css":"selector:hover {    transform: translate(0px, -5px) scale(1.05);}\nselector {transition: all ease-in-out 300ms;}","button_css_id":"wa2","_element_id":"wa-bawah"},"elements":[],"isInner":false,"widgetType":"button","elType":"widget"}],"isInner":true,"elType":"column"},{"id":"5c6bbfe7","settings":{"_column_size":50,"_inline_size":null},"elements":[{"id":"166e7bc","settings":{"text":"Telepon","align":"justify","selected_icon":{"value":"fas fa-phone-alt","library":"fa-solid"},"typography_typography":"custom","typography_font_family":"Lato","typography_letter_spacing":{"unit":"px","size":1,"sizes":[]},"background_color":"#4054B2","border_radius":{"unit":"px","top":"100","right":"100","bottom":"100","left":"100","isLinked":true},"button_box_shadow_box_shadow":{"horizontal":0,"vertical":5,"blur":10,"spread":-3,"color":"rgba(0,0,0,0.5)"},"custom_css":"selector:hover {    transform: translate(0px, -5px) scale(1.05);}\nselector {transition: all ease-in-out 300ms;}","button_css_id":"telp2","link":{"url":"https:\/\/mauorder.online\/telpjasakirim","is_external":"","nofollow":"","custom_attributes":""},"_element_id":"telp-bawah"},"elements":[],"isInner":false,"widgetType":"button","elType":"widget"}],"isInner":true,"elType":"column"}],"isInner":true,"elType":"section"}],"isInner":false,"elType":"column"}],"isInner":false,"elType":"section"},{"id":"400108a2","settings":{"content_width":{"unit":"px","size":1000,"sizes":[]},"background_background":"classic","background_color":"#FFFFFF","padding":{"unit":"px","top":"0","right":"0","bottom":"10","left":"0","isLinked":false},"padding_mobile":{"unit":"px","top":"30","right":"0","bottom":"10","left":"0","isLinked":false}},"elements":[{"id":"50e70f1c","settings":{"_column_size":100,"_inline_size":null},"elements":[{"id":"240c7a34","settings":{"title":"Perusahaan Pengguna Layanan Kami","header_size":"h3","align":"center","title_color":"#CF000F","typography_typography":"custom","typography_font_family":"Lato","typography_font_size":{"unit":"px","size":26,"sizes":[]},"typography_font_size_mobile":{"unit":"px","size":22,"sizes":[]},"typography_line_height_mobile":{"unit":"em","size":1.3,"sizes":[]},"typography_text_transform":"capitalize"},"elements":[],"isInner":false,"widgetType":"heading","elType":"widget"},{"id":"50c4ab6b","settings":{"editor":"<p>Berikut beberapa perusahaan yang pernah memakai layanan jasa ekspedisi milik perusahaan kami.<\/p>","text_color":"#333333","typography_typography":"custom","typography_font_family":"Lato","_margin":{"unit":"px","top":"0","right":"0","bottom":"-30","left":"0","isLinked":false},"custom_css":"selector a {color:#0000EE;font-weight:500;}","align":"center","typography_font_size_mobile":{"unit":"px","size":16,"sizes":[]},"_margin_mobile":{"unit":"px","top":"0","right":"0","bottom":"-30","left":"0","isLinked":false}},"elements":[],"isInner":false,"widgetType":"text-editor","elType":"widget"},{"id":"5b5a2be3","settings":{"gap":"wider","structure":"50","background_color":"#FFE9E9","margin_mobile":{"unit":"px","top":"0","right":0,"bottom":"20","left":0,"isLinked":false}},"elements":[{"id":"77e9c732","settings":{"_column_size":20,"_inline_size":21.939,"_inline_size_mobile":46,"content_position":"center","padding_mobile":{"unit":"px","top":"10","right":"10","bottom":"10","left":"10","isLinked":true}},"elements":[{"id":"15c94c34","settings":{"image":{"id":913,"url":"https:\/\/wordpress-118914-1748443.cloudwaysapps.com\/wp-content\/uploads\/2021\/02\/LOGO-AGRO-SEJAHTERA-CROP-min-1.png"}},"elements":[],"isInner":false,"widgetType":"image","elType":"widget"}],"isInner":true,"elType":"column"},{"id":"6e394fc6","settings":{"_column_size":20,"_inline_size":14.388,"_inline_size_mobile":26,"content_position":"center","padding_mobile":{"unit":"px","top":"10","right":"10","bottom":"10","left":"10","isLinked":true}},"elements":[{"id":"2bfe38bb","settings":{"image":{"id":914,"url":"https:\/\/wordpress-118914-1748443.cloudwaysapps.com\/wp-content\/uploads\/2021\/02\/Mbah-Genit-CROP-min-1.png"}},"elements":[],"isInner":false,"widgetType":"image","elType":"widget"}],"isInner":true,"elType":"column"},{"id":"15ed624c","settings":{"_column_size":20,"_inline_size":15.714,"_inline_size_mobile":28,"content_position":"center","padding_mobile":{"unit":"px","top":"10","right":"10","bottom":"10","left":"10","isLinked":true}},"elements":[{"id":"1950d727","settings":{"image":{"id":915,"url":"https:\/\/wordpress-118914-1748443.cloudwaysapps.com\/wp-content\/uploads\/2021\/02\/Tani-Nusantara-CROP-min-1.png"}},"elements":[],"isInner":false,"widgetType":"image","elType":"widget"}],"isInner":true,"elType":"column"},{"id":"71f8eb6","settings":{"_column_size":20,"_inline_size":21.939,"_inline_size_mobile":46,"content_position":"center","padding_mobile":{"unit":"px","top":"10","right":"10","bottom":"10","left":"10","isLinked":true}},"elements":[{"id":"45a06f79","settings":{"image":{"id":916,"url":"https:\/\/wordpress-118914-1748443.cloudwaysapps.com\/wp-content\/uploads\/2021\/02\/cekstok-perlu-di-convert-ke-png-C-min-1.png"},"image_size":"medium_large"},"elements":[],"isInner":false,"widgetType":"image","elType":"widget"}],"isInner":true,"elType":"column"},{"id":"73f220ed","settings":{"_column_size":20,"_inline_size":25.961,"_inline_size_mobile":54,"content_position":"center","padding_mobile":{"unit":"px","top":"10","right":"10","bottom":"10","left":"10","isLinked":true}},"elements":[{"id":"1c8b3c12","settings":{"image":{"id":917,"url":"https:\/\/wordpress-118914-1748443.cloudwaysapps.com\/wp-content\/uploads\/2021\/02\/bambangmas.png"}},"elements":[],"isInner":false,"widgetType":"image","elType":"widget"}],"isInner":true,"elType":"column"}],"isInner":true,"elType":"section"}],"isInner":false,"elType":"column"}],"isInner":false,"elType":"section"},{"id":"354b514f","settings":{"content_width":{"unit":"px","size":1000,"sizes":[]},"structure":"20","background_background":"classic","background_color":"#FFE0E0","padding":{"unit":"px","top":"30","right":"0","bottom":"40","left":"0","isLinked":false}},"elements":[{"id":"5318f661","settings":{"_column_size":50,"_inline_size":25,"_inline_size_tablet":40,"hide_mobile":"hidden-phone"},"elements":[{"id":"10b3238a","settings":{"image":{"id":918,"url":"https:\/\/wordpress-118914-1748443.cloudwaysapps.com\/wp-content\/uploads\/2021\/02\/faq-3-min-1.png"},"image_border_radius":{"unit":"%","top":"","right":"","bottom":"","left":"","isLinked":true}},"elements":[],"isInner":false,"widgetType":"image","elType":"widget"}],"isInner":false,"elType":"column"},{"id":"1c24313f","settings":{"_column_size":50,"_inline_size":74.95,"_inline_size_tablet":60},"elements":[{"id":"1238bbf8","settings":{"title":"F . A . Q","header_size":"h3","align":"left","title_color":"#CF000F","typography_typography":"custom","typography_font_family":"Lato","typography_font_size":{"unit":"px","size":26,"sizes":[]},"typography_font_size_mobile":{"unit":"px","size":22,"sizes":[]},"typography_line_height_mobile":{"unit":"em","size":1.3,"sizes":[]}},"elements":[],"isInner":false,"widgetType":"heading","elType":"widget"},{"id":"6829ab41","settings":{"editor":"<p><strong>Berapa tarif pengiriman ekspedisi jakarta Surabaya?<br \/><\/strong>Untuk tarif pengiriman barang dari jakarta ke Surabaya mulai 1.800. Semua tergantung layanan yang anda pilih dan quantity barang yang anda kirim. Semakin banyak barang yang anda kirim, semakin murah tarifnya. Untuk informasi lebih lanjut bisa hubungi tim marketing kami.<\/p><p><strong>Apakah melayani penjemputan barang?<br \/><\/strong>Benar, kami melayani penjemputan barang dari alamat anda tanpa dikenakan biaya tambahan.<\/p><p><strong>Apakah melayani pengiriman barang sampai alamat tujuan?<br \/><\/strong>Benar, layanan kami mengirim barang hingga alamat tujuan sehingga penerima tidak perlu susah-susah mengambil ke gudang kami.<\/p><p><strong>Apakah ada harga khusus untuk corporate?<br \/><\/strong>Benar sekali, untuk corporate yang membutuhkan jasa ekspedisi jakarta Surabaya yang rutin jangka panjang akan ada harga khusus dan kami siap kontrak kerjasama jangka panjang. Silahkan hubungi marketing kami untuk informasi lebih lanjut.<\/p>","text_color":"#333333","typography_typography":"custom","typography_font_family":"Lato","_margin":{"unit":"px","top":"10","right":"0","bottom":"-30","left":"0","isLinked":false},"custom_css":"selector a {color:#0000EE;font-weight:500;}\nselector strong {color:#CF000F;font-size:17px;}","align":"left","typography_font_size":{"unit":"px","size":16,"sizes":[]},"typography_font_size_tablet":{"unit":"px","size":15,"sizes":[]},"typography_line_height_tablet":{"unit":"em","size":1.3,"sizes":[]},"typography_line_height_mobile":{"unit":"em","size":1.4,"sizes":[]},"_margin_tablet":{"unit":"px","top":"0","right":"0","bottom":"0","left":"0","isLinked":false},"_margin_mobile":{"unit":"px","top":"10","right":"0","bottom":"-30","left":"0","isLinked":false}},"elements":[],"isInner":false,"widgetType":"text-editor","elType":"widget"}],"isInner":false,"elType":"column"}],"isInner":false,"elType":"section"},{"id":"344f4a03","settings":{"content_width":{"unit":"px","size":1000,"sizes":[]},"structure":"20","background_background":"classic","background_color":"#FFFFFF","padding":{"unit":"px","top":"30","right":"0","bottom":"40","left":"0","isLinked":false},"padding_mobile":{"unit":"px","top":"10","right":"0","bottom":"30","left":"0","isLinked":false},"reverse_order_mobile":"reverse-mobile"},"elements":[{"id":"1d63b745","settings":{"_column_size":50,"_inline_size":null},"elements":[{"id":"3794389c","settings":{"title":"Layanan di Perusahaan Kami","header_size":"h3","align":"left","title_color":"#CF000F","typography_typography":"custom","typography_font_family":"Lato","typography_font_size":{"unit":"px","size":26,"sizes":[]},"typography_font_size_mobile":{"unit":"px","size":22,"sizes":[]},"typography_line_height_mobile":{"unit":"em","size":1.3,"sizes":[]},"typography_font_size_tablet":{"unit":"px","size":21,"sizes":[]},"typography_text_transform":"none"},"elements":[],"isInner":false,"widgetType":"heading","elType":"widget"},{"id":"4d90268e","settings":{"editor":"<p>Jasakirim.id memiliki layanan pengiriman barang dari Jakarta ke Surabaya. Kami siap membantu mengirim barang anda dengan door to door service.<\/p><ul><li>Ekspedisi jakarta surabaya<\/li><li>Cargo jakarta surabaya<\/li><li>Jasa kirim barang jakarta surabaya<\/li><li>Jasa kirim motor jakarta surabaya<\/li><li>Jasa kirim mobil jakarta surabaya<\/li><li>Jasa pindahan jakarta surabaya<\/li><li>Jasa pengiriman barang beku jakarta surabaya<\/li><li>Jasa pengiriman frozen food jakarta surabaya<\/li><\/ul>","text_color":"#333333","typography_typography":"custom","typography_font_family":"Lato","_margin":{"unit":"px","top":"0","right":"0","bottom":"-30","left":"0","isLinked":false},"custom_css":"selector a {color:#0000EE;font-weight:500;}\nselector li:before {\n    content: '\\f0a9';\n}\nselector li:before,.widget_categories li:before  {\n    font-family: 'FontAwesome';\n    float: left;\n    margin-left:-28px ;color:#333;font-size:17px\n}\nselector li {padding-left: 28px;border-width: 0px 0px 1px 0px;\n    padding-bottom: 0px!important;\n    padding-top: 0px;list-style: none;}\nselector p {margin-bottom:15px;}\nselector ul {margin-left:30px;}\n@media screen and (max-width:767px) {\n    selector ul {margin-left:1px;}\n}","align":"left","typography_font_size_mobile":{"unit":"px","size":16,"sizes":[]},"typography_font_size_tablet":{"unit":"px","size":15,"sizes":[]},"typography_line_height_tablet":{"unit":"em","size":1.3,"sizes":[]},"typography_line_height_mobile":{"unit":"em","size":1.4,"sizes":[]},"typography_font_size":{"unit":"px","size":17,"sizes":[]}},"elements":[],"isInner":false,"widgetType":"text-editor","elType":"widget"}],"isInner":false,"elType":"column"},{"id":"3f2d55dd","settings":{"_column_size":50,"_inline_size":null},"elements":[{"id":"1b0fdfdb","settings":{"image":{"id":919,"url":"https:\/\/wordpress-118914-1748443.cloudwaysapps.com\/wp-content\/uploads\/2021\/02\/layanan-kami-1-min-1.png"}},"elements":[],"isInner":false,"widgetType":"image","elType":"widget"}],"isInner":false,"elType":"column"}],"isInner":false,"elType":"section"}]}