{"version":"0.4","title":"#JK &#8211; Homepage &#8211; All","type":"page","content":[{"id":"7cc8a4ca","settings":{"structure":"20","background_background":"classic","background_color":"#FFE0E0","padding":{"unit":"px","top":"0","right":"0","bottom":"0","left":"0","isLinked":false},"layout":"full_width","gap":"no","padding_tablet":{"unit":"px","top":"0","right":"0","bottom":"0","left":"0","isLinked":false}},"elements":[{"id":"79838444","settings":{"_column_size":50,"_inline_size":55.472,"content_position":"center","padding":{"unit":"px","top":"20","right":"20","bottom":"20","left":"40","isLinked":false},"_inline_size_tablet":65,"padding_tablet":{"unit":"px","top":"30","right":"20","bottom":"30","left":"10","isLinked":false}},"elements":[{"id":"36183ffd","settings":{"title":"Jasa Ekspedisi \/ Pengiriman Barang","title_color":"#CF000F","typography_typography":"custom","typography_font_family":"Lato","header_size":"h1","typography_font_size":{"unit":"px","size":32,"sizes":[]},"typography_font_size_tablet":{"unit":"px","size":26,"sizes":[]},"typography_line_height_mobile":{"unit":"em","size":1.3,"sizes":[]},"typography_text_transform":"capitalize"},"elements":[],"isInner":false,"widgetType":"heading","elType":"widget"},{"id":"7edca7de","settings":{"typography_typography":"custom","typography_font_family":"Lato","editor":"<p>Kami melayani jasa ekspedisi atau pengiriman barang ke seluruh wilayah di Indonesia. Ini yang akan anda dapatkan jika menggunakan jasa dari kami :<\/p>","text_color":"#1D222A","_margin":{"unit":"px","top":"15","right":"0","bottom":"-15","left":"0","isLinked":false},"typography_font_size_tablet":{"unit":"px","size":15,"sizes":[]},"_margin_tablet":{"unit":"px","top":"0","right":"0","bottom":"-20","left":"0","isLinked":false},"typography_font_size":{"unit":"px","size":17,"sizes":[]}},"elements":[],"isInner":false,"widgetType":"text-editor","elType":"widget"},{"id":"70ec15bd","settings":{"view":"inline","icon_list":[{"text":"Pengiriman Cepat","selected_icon":{"value":"fas fa-stopwatch","library":"fa-solid"},"_id":"50e9ac8"},{"text":"Tarif Murah","selected_icon":{"value":"fas fa-donate","library":"fa-solid"},"_id":"580d6a5"},{"text":"Customer Support","selected_icon":{"value":"fas fa-user-tie","library":"fa-solid"},"_id":"5694a30"}],"icon_color":"#CF000F","icon_size":{"unit":"px","size":16,"sizes":[]},"text_color":"#1D222A","icon_typography_typography":"custom","icon_typography_font_family":"Lato","icon_typography_font_size":{"unit":"px","size":14,"sizes":[]},"_margin":{"unit":"px","top":"-15","right":"0","bottom":"0","left":"0","isLinked":false},"_margin_mobile":{"unit":"px","top":"0","right":"0","bottom":"0","left":"0","isLinked":false}},"elements":[],"isInner":false,"widgetType":"icon-list","elType":"widget"},{"id":"4fbcc73d","settings":{"text":"Hubungi Kami","selected_icon":{"value":"fas fa-phone-alt","library":"fa-solid"},"icon_indent":{"unit":"px","size":10,"sizes":[]},"typography_typography":"custom","typography_font_family":"Lato","typography_font_weight":"600","background_color":"#CF000F","border_radius":{"unit":"px","top":"50","right":"50","bottom":"50","left":"50","isLinked":true},"hover_animation":"float","button_box_shadow_box_shadow_type":"yes","button_box_shadow_box_shadow":{"horizontal":0,"vertical":8,"blur":24,"spread":-7,"color":"rgba(0,0,0,0.5)"},"_margin":{"unit":"px","top":"15","right":"0","bottom":"0","left":"0","isLinked":false},"custom_css":"selector .elementor-button {background: rgb(207,0,15);\r\nbackground: -moz-linear-gradient(90deg, rgba(207,0,15,1) 0%, rgba(255,48,63,1) 50%, rgba(207,0,15,1) 100%);\r\nbackground: -webkit-linear-gradient(90deg, rgba(207,0,15,1) 0%, rgba(255,48,63,1) 50%, rgba(207,0,15,1) 100%);\r\nbackground: linear-gradient(90deg, rgba(207,0,15,1) 0%, rgba(255,48,63,1) 50%, rgba(207,0,15,1) 100%);\r\nfilter: progid:DXImageTransform.Microsoft.gradient(startColorstr=\"#cf000f\",endColorstr=\"#cf000f\",GradientType=1);}","_margin_tablet":{"unit":"px","top":"0","right":"0","bottom":"0","left":"0","isLinked":false},"_margin_mobile":{"unit":"px","top":"5","right":"0","bottom":"0","left":"0","isLinked":false},"link":{"url":"https:\/\/mauorder.online\/wajasakirim","is_external":"","nofollow":"","custom_attributes":""}},"elements":[],"isInner":false,"widgetType":"button","elType":"widget"}],"isInner":false,"elType":"column"},{"id":"6b9395de","settings":{"_column_size":50,"_inline_size":44.483,"padding":{"unit":"px","top":"10","right":"0","bottom":"0","left":"0","isLinked":false},"_inline_size_tablet":35,"content_position_tablet":"bottom"},"elements":[{"id":"7f7eca0","settings":{"image":{"id":"279","url":"https:\/\/wordpress-118914-1748443.cloudwaysapps.com\/wp-content\/uploads\/2021\/02\/jasa-ekspedisi-min.png"}},"elements":[],"isInner":false,"widgetType":"image","elType":"widget"}],"isInner":false,"elType":"column"}],"isInner":false,"elType":"section"},{"id":"710040ab","settings":{"background_background":"classic","background_color":"#F6F6F6","structure":"30","padding":{"unit":"px","top":"30","right":"0","bottom":"30","left":"0","isLinked":false},"background_overlay_position":"bottom center","background_overlay_repeat":"no-repeat","background_overlay_size":"cover","_element_id":"layanan"},"elements":[{"id":"5f014fcf","settings":{"_column_size":33,"_inline_size":null},"elements":[{"id":"4d8f6907","settings":{"icon_list":[{"text":"Layanan Kami","selected_icon":{"value":"fas fa-cubes","library":"fa-solid"},"_id":"d61b31c"}],"icon_color":"#CF000F","icon_size":{"unit":"px","size":27,"sizes":[]},"text_color":"#CF000F","icon_typography_typography":"custom","icon_typography_font_family":"Lato","icon_typography_font_size":{"unit":"px","size":26,"sizes":[]},"icon_typography_font_weight":"600"},"elements":[],"isInner":false,"widgetType":"icon-list","elType":"widget"},{"id":"554e984a","settings":{"editor":"<p>Kami JasaKirim.id melayani jasa pengiriman barang door to door untuk wilayah pulau jawa, dan door to port untuk wilayah yang di luar pulau jawa.<\/p>","text_color":"#1D222A","typography_typography":"custom","typography_font_family":"Lato","_margin":{"unit":"px","top":"0","right":"0","bottom":"-20","left":"0","isLinked":false},"typography_font_size":{"unit":"px","size":17,"sizes":[]}},"elements":[],"isInner":false,"widgetType":"text-editor","elType":"widget"},{"id":"55592ad7","settings":{"image":{"id":"280","url":"https:\/\/wordpress-118914-1748443.cloudwaysapps.com\/wp-content\/uploads\/2021\/02\/jasa-kirim-.id-min.png"},"space":{"unit":"%","size":95,"sizes":[]},"_margin":{"unit":"px","top":"-15","right":"0","bottom":"0","left":"0","isLinked":false}},"elements":[],"isInner":false,"widgetType":"image","elType":"widget"}],"isInner":false,"elType":"column"},{"id":"6642b0a3","settings":{"_column_size":33,"_inline_size":null,"background_background":"classic","background_color":"#FFFFFF","background_color_b":"#CF000F","background_motion_fx_translateY_effect":"yes","background_motion_fx_translateY_speed":{"unit":"px","size":7.6,"sizes":[]},"background_motion_fx_mouseTrack_effect":"yes","background_motion_fx_mouseTrack_direction":"negative","background_motion_fx_mouseTrack_speed":{"unit":"px","size":5.3,"sizes":[]},"border_radius":{"unit":"px","top":"10","right":"10","bottom":"10","left":"10","isLinked":true},"box_shadow_box_shadow_type":"yes","box_shadow_box_shadow":{"horizontal":0,"vertical":0,"blur":17,"spread":-9,"color":"rgba(0,0,0,0.5)"},"margin":{"unit":"px","top":"15","right":"15","bottom":"15","left":"15","isLinked":true},"padding":{"unit":"px","top":"30","right":"20","bottom":"30","left":"20","isLinked":false}},"elements":[{"id":"553c8f59","settings":{"image":{"id":"281","url":"https:\/\/wordpress-118914-1748443.cloudwaysapps.com\/wp-content\/uploads\/2021\/02\/door-to-door-min.png"},"space":{"unit":"%","size":26,"sizes":[]}},"elements":[],"isInner":false,"widgetType":"image","elType":"widget"},{"id":"5d9803aa","settings":{"title":"Jasa Pengiriman Door to Door","align":"center","title_color":"#1D222A","typography_typography":"custom","typography_font_family":"Lato","typography_font_size":{"unit":"px","size":20,"sizes":[]},"_padding":{"unit":"px","top":"0","right":"0","bottom":"0","left":"0","isLinked":false},"header_size":"h3"},"elements":[],"isInner":false,"widgetType":"heading","elType":"widget"},{"id":"24f493b9","settings":{"title":"(Khusus Pulau Jawa)","header_size":"p","align":"center","title_color":"#1D222A","typography_typography":"custom","typography_font_family":"Lato","typography_font_size":{"unit":"px","size":17,"sizes":[]},"typography_font_weight":"400","typography_font_style":"italic","_margin":{"unit":"px","top":"-12","right":"0","bottom":"0","left":"0","isLinked":false}},"elements":[],"isInner":false,"widgetType":"heading","elType":"widget"},{"id":"402cb4b0","settings":{"editor":"<p>Kami akan mengirim barang anda sampai tempat pada alamat tujuan yang telah di tentukan.<\/p>","align":"center","text_color":"#1D222A","typography_typography":"custom","typography_font_family":"Lato","typography_line_height":{"unit":"em","size":1.3,"sizes":[]},"_margin":{"unit":"px","top":"0","right":"0","bottom":"-20","left":"0","isLinked":false},"typography_font_size":{"unit":"px","size":18,"sizes":[]}},"elements":[],"isInner":false,"widgetType":"text-editor","elType":"widget"}],"isInner":false,"elType":"column"},{"id":"83e135","settings":{"_column_size":33,"_inline_size":null,"background_background":"classic","background_color":"#FFFFFF","background_color_b":"#CF000F","background_motion_fx_translateY_effect":"yes","background_motion_fx_translateY_speed":{"unit":"px","size":7.6,"sizes":[]},"background_motion_fx_mouseTrack_effect":"yes","background_motion_fx_mouseTrack_direction":"negative","background_motion_fx_mouseTrack_speed":{"unit":"px","size":5.3,"sizes":[]},"border_radius":{"unit":"px","top":"10","right":"10","bottom":"10","left":"10","isLinked":true},"box_shadow_box_shadow_type":"yes","box_shadow_box_shadow":{"horizontal":0,"vertical":0,"blur":17,"spread":-9,"color":"rgba(0,0,0,0.5)"},"margin":{"unit":"px","top":"15","right":"15","bottom":"15","left":"15","isLinked":true},"padding":{"unit":"px","top":"30","right":"20","bottom":"30","left":"20","isLinked":false}},"elements":[{"id":"56b75749","settings":{"image":{"id":"282","url":"https:\/\/wordpress-118914-1748443.cloudwaysapps.com\/wp-content\/uploads\/2021\/02\/door-to-port-min.png"},"space":{"unit":"%","size":28,"sizes":[]}},"elements":[],"isInner":false,"widgetType":"image","elType":"widget"},{"id":"1749137d","settings":{"title":"Jasa Pengiriman Door to Port","align":"center","title_color":"#1D222A","typography_typography":"custom","typography_font_family":"Lato","typography_font_size":{"unit":"px","size":20,"sizes":[]},"_padding":{"unit":"px","top":"0","right":"0","bottom":"0","left":"0","isLinked":false},"header_size":"h3"},"elements":[],"isInner":false,"widgetType":"heading","elType":"widget"},{"id":"3a83a471","settings":{"title":"(Luar Pulau Jawa)","header_size":"p","align":"center","title_color":"#1D222A","typography_typography":"custom","typography_font_family":"Lato","typography_font_size":{"unit":"px","size":17,"sizes":[]},"typography_font_weight":"400","typography_font_style":"italic","_margin":{"unit":"px","top":"-12","right":"0","bottom":"0","left":"0","isLinked":false}},"elements":[],"isInner":false,"widgetType":"heading","elType":"widget"},{"id":"33656744","settings":{"editor":"<p>Kami akan mengirim barang sampai bandara atau pelabuhan terdekat dari alamat penerima, lalu penerima harus ambil di Bandara atau pelabuhan yang sudah di sepakati.<\/p>","align":"center","text_color":"#1D222A","typography_typography":"custom","typography_font_family":"Lato","typography_line_height":{"unit":"em","size":1.3,"sizes":[]},"_margin":{"unit":"px","top":"0","right":"0","bottom":"-20","left":"0","isLinked":false},"typography_font_size":{"unit":"px","size":18,"sizes":[]}},"elements":[],"isInner":false,"widgetType":"text-editor","elType":"widget"}],"isInner":false,"elType":"column"}],"isInner":false,"elType":"section"},{"id":"2919b1a2","settings":{"background_background":"classic","background_color":"#FFE0E0","padding":{"unit":"px","top":"30","right":"0","bottom":"30","left":"0","isLinked":false}},"elements":[{"id":"6aac9618","settings":{"_column_size":100,"_inline_size":null},"elements":[{"id":"cc160e2","settings":{"icon_list":[{"text":"Wilayah Pengiriman","selected_icon":{"value":"fas fa-map-marker-alt","library":"fa-solid"},"_id":"d61b31c"}],"icon_color":"#CF000F","icon_size":{"unit":"px","size":27,"sizes":[]},"text_color":"#CF000F","icon_typography_typography":"custom","icon_typography_font_family":"Lato","icon_typography_font_size":{"unit":"px","size":26,"sizes":[]},"icon_typography_font_weight":"600"},"elements":[],"isInner":false,"widgetType":"icon-list","elType":"widget"},{"id":"546d4520","settings":{"gap":"no","structure":"50","margin":{"unit":"px","top":"15","right":0,"bottom":"0","left":0,"isLinked":false}},"elements":[{"id":"7220b02","settings":{"_column_size":20,"_inline_size":null},"elements":[{"id":"106fde38","settings":{"title":"Surabaya - Sumatera","header_size":"p","title_color":"#CF000F","typography_typography":"custom","typography_font_family":"Lato","typography_font_size":{"unit":"px","size":18,"sizes":[]},"typography_font_weight":"400","link":{"url":"https:\/\/www.jasakirim.id\/jasa-ekspedisi-surabaya-sumatera\/","is_external":"","nofollow":"","custom_attributes":""}},"elements":[],"isInner":false,"widgetType":"heading","elType":"widget"},{"id":"3bec046d","settings":{"icon_list":[{"text":"Surabaya - Medan","selected_icon":{"value":"","library":""},"_id":"e298c96"},{"text":"Surabaya - Batam","selected_icon":{"value":"","library":""},"_id":"f88063a"},{"text":"Surabaya - Pekanbaru","selected_icon":{"value":"","library":""},"link":{"url":"https:\/\/www.jasakirim.id\/jasa-ekspedisi-surabaya-pekanbaru\/","is_external":"","nofollow":"","custom_attributes":""},"_id":"e4c195a"},{"text":"Surabaya - Padang","selected_icon":{"value":"","library":""},"_id":"bc89c7d"},{"text":"Surabaya - Palembang","selected_icon":{"value":"","library":""},"_id":"5abb0f4"},{"text":"Surabaya - Lampung","selected_icon":{"value":"","library":""},"link":{"url":"https:\/\/www.jasakirim.id\/jasa-ekspedisi-surabaya-lampung\/","is_external":"","nofollow":"","custom_attributes":""},"_id":"d16a6e8"},{"text":"Surabaya - Jambi","selected_icon":{"value":"","library":""},"link":{"url":"https:\/\/www.jasakirim.id\/jasa-ekspedisi-surabaya-jambi\/","is_external":"","nofollow":"","custom_attributes":""},"_id":"15cd304"}],"space_between":{"unit":"px","size":2,"sizes":[]},"text_color":"#1D222A","icon_typography_typography":"custom","icon_typography_font_family":"Lato","icon_typography_font_size":{"unit":"px","size":16,"sizes":[]},"divider_height":{"unit":"px","size":16,"sizes":[]},"divider_color":"rgba(0, 0, 0, 0.22)"},"elements":[],"isInner":false,"widgetType":"icon-list","elType":"widget"},{"id":"c5a28cf","settings":{"title":"Surabaya - Papua","header_size":"p","title_color":"#CF000F","typography_typography":"custom","typography_font_family":"Lato","typography_font_size":{"unit":"px","size":18,"sizes":[]},"typography_font_weight":"400","link":{"url":"https:\/\/www.jasakirim.id\/jasa-ekspedisi-surabaya-papua\/","is_external":"","nofollow":"","custom_attributes":""}},"elements":[],"isInner":false,"widgetType":"heading","elType":"widget"},{"id":"10df0d01","settings":{"icon_list":[{"text":"Surabaya - Manokwari","selected_icon":{"value":"","library":""},"_id":"5bf429b"},{"text":"Surabaya - Jayapura","selected_icon":{"value":"","library":""},"link":{"url":"https:\/\/www.jasakirim.id\/ekspedisi-surabaya-jayapura\/","is_external":"","nofollow":"","custom_attributes":""},"_id":"c245886"}],"space_between":{"unit":"px","size":2,"sizes":[]},"text_color":"#1D222A","icon_typography_typography":"custom","icon_typography_font_family":"Lato","icon_typography_font_size":{"unit":"px","size":16,"sizes":[]},"divider_height":{"unit":"px","size":16,"sizes":[]},"divider_color":"rgba(0, 0, 0, 0.22)"},"elements":[],"isInner":false,"widgetType":"icon-list","elType":"widget"},{"id":"7aad959c","settings":{"title":"Jakarta -  Jawa barat","header_size":"p","title_color":"#CF000F","typography_typography":"custom","typography_font_family":"Lato","typography_font_size":{"unit":"px","size":18,"sizes":[]},"typography_font_weight":"400"},"elements":[],"isInner":false,"widgetType":"heading","elType":"widget"},{"id":"381da078","settings":{"icon_list":[{"text":"Jakarta - Cirebon","selected_icon":{"value":"","library":""},"link":{"url":"https:\/\/www.jasakirim.id\/ekspedisi-jakarta-cirebon\/","is_external":"","nofollow":"","custom_attributes":""},"_id":"5bf429b"},{"text":"Jakarta - Semarang","selected_icon":{"value":"","library":""},"link":{"url":"https:\/\/www.jasakirim.id\/ekspedisi-jakarta-semarang\/","is_external":"","nofollow":"","custom_attributes":""},"_id":"a29ac21"},{"text":"Jakarta - Bogor","selected_icon":{"value":"","library":""},"link":{"url":"https:\/\/www.jasakirim.id\/ekspedisi-jakarta-bogor\/","is_external":"","nofollow":"","custom_attributes":""},"_id":"d4cd4af"},{"text":"Jakarta - Cilegon","selected_icon":{"value":"","library":""},"link":{"url":"https:\/\/www.jasakirim.id\/ekspedisi-jakarta-cilegon\/","is_external":"","nofollow":"","custom_attributes":""},"_id":"403c6e2"},{"text":"Jakarta - Cianjur","selected_icon":{"value":"","library":""},"link":{"url":"https:\/\/www.jasakirim.id\/ekspedisi-jakarta-cianjur\/","is_external":"","nofollow":"","custom_attributes":""},"_id":"0834873"},{"text":"Jakarta - Tasikmalaya","selected_icon":{"value":"","library":""},"link":{"url":"https:\/\/www.jasakirim.id\/ekspedisi-jakarta-tasikmalaya\/","is_external":"","nofollow":"","custom_attributes":""},"_id":"0c78900"}],"space_between":{"unit":"px","size":2,"sizes":[]},"text_color":"#1D222A","icon_typography_typography":"custom","icon_typography_font_family":"Lato","icon_typography_font_size":{"unit":"px","size":16,"sizes":[]},"divider_height":{"unit":"px","size":16,"sizes":[]},"divider_color":"rgba(0, 0, 0, 0.22)"},"elements":[],"isInner":false,"widgetType":"icon-list","elType":"widget"}],"isInner":true,"elType":"column"},{"id":"14c58327","settings":{"_column_size":20,"_inline_size":null},"elements":[{"id":"3286ef1c","settings":{"title":"Surabaya - Kalimantan","header_size":"p","title_color":"#CF000F","typography_typography":"custom","typography_font_family":"Lato","typography_font_size":{"unit":"px","size":18,"sizes":[]},"typography_font_weight":"400","link":{"url":"https:\/\/www.jasakirim.id\/ekspedisi-surabaya-kalimantan\/","is_external":"","nofollow":"","custom_attributes":""}},"elements":[],"isInner":false,"widgetType":"heading","elType":"widget"},{"id":"41eb11d4","settings":{"icon_list":[{"text":"Surabaya - Banjarmasin","selected_icon":{"value":"","library":""},"link":{"url":"https:\/\/www.jasakirim.id\/ekspedisi-surabaya-kalimantan\/","is_external":"","nofollow":"","custom_attributes":""},"_id":"5bf429b"},{"text":"Surabaya - Balikpapan","selected_icon":{"value":"","library":""},"link":{"url":"https:\/\/www.jasakirim.id\/ekspedisi-pengiriman-surabaya-balikpapan\/","is_external":"","nofollow":"","custom_attributes":""},"_id":"66cf809"},{"text":"Surabaya - Samarinda","selected_icon":{"value":"","library":""},"link":{"url":"https:\/\/www.jasakirim.id\/ekspedisi-surabaya-kalimantan\/","is_external":"","nofollow":"","custom_attributes":""},"_id":"f47b073"},{"text":"Surabaya - Palangkaraya","selected_icon":{"value":"","library":""},"link":{"url":"https:\/\/www.jasakirim.id\/ekspedisi-surabaya-kalimantan\/","is_external":"","nofollow":"","custom_attributes":""},"_id":"c745d3f"},{"text":"Surabaya - pontianak","selected_icon":{"value":"","library":""},"link":{"url":"https:\/\/www.jasakirim.id\/jasa-ekspedisi-surabaya-pontianak\/","is_external":"","nofollow":"","custom_attributes":""},"_id":"056047a"}],"space_between":{"unit":"px","size":2,"sizes":[]},"text_color":"#1D222A","icon_typography_typography":"custom","icon_typography_font_family":"Lato","icon_typography_font_size":{"unit":"px","size":16,"sizes":[]},"divider_height":{"unit":"px","size":16,"sizes":[]},"divider_color":"rgba(0, 0, 0, 0.22)"},"elements":[],"isInner":false,"widgetType":"icon-list","elType":"widget"},{"id":"5aa05df6","settings":{"title":"Surabaya - Sulawesi","header_size":"p","title_color":"#CF000F","typography_typography":"custom","typography_font_family":"Lato","typography_font_size":{"unit":"px","size":18,"sizes":[]},"typography_font_weight":"400","link":{"url":"https:\/\/www.jasakirim.id\/jasa-ekspedisi-surabaya-sulawesi\/","is_external":"","nofollow":"","custom_attributes":""}},"elements":[],"isInner":false,"widgetType":"heading","elType":"widget"},{"id":"65bee380","settings":{"icon_list":[{"text":"Surabaya - Makassar","selected_icon":{"value":"","library":""},"link":{"url":"https:\/\/www.jasakirim.id\/ekspedisi-surabaya-makassar\/","is_external":"","nofollow":"","custom_attributes":""},"_id":"5bf429b"},{"text":"Surabaya - Kendari","selected_icon":{"value":"","library":""},"link":{"url":"https:\/\/www.jasakirim.id\/ekspedisi-surabaya-kendari\/","is_external":"","nofollow":"","custom_attributes":""},"_id":"66cf809"},{"text":"Surabaya - Palu","selected_icon":{"value":"","library":""},"link":{"url":"https:\/\/www.jasakirim.id\/jasa-ekspedisi-surabaya-palu\/","is_external":"","nofollow":"","custom_attributes":""},"_id":"f47b073"},{"text":"Surabaya - Manado","selected_icon":{"value":"","library":""},"_id":"c745d3f"},{"text":"Surabaya - Gorontalo","selected_icon":{"value":"","library":""},"link":{"url":"https:\/\/www.jasakirim.id\/ekspedisi-surabaya-gorontalo\/","is_external":"","nofollow":"","custom_attributes":""},"_id":"f0ba0d9"}],"space_between":{"unit":"px","size":2,"sizes":[]},"text_color":"#1D222A","icon_typography_typography":"custom","icon_typography_font_family":"Lato","icon_typography_font_size":{"unit":"px","size":16,"sizes":[]},"divider_height":{"unit":"px","size":16,"sizes":[]},"divider_color":"rgba(0, 0, 0, 0.22)"},"elements":[],"isInner":false,"widgetType":"icon-list","elType":"widget"},{"id":"48f73db0","settings":{"title":"Surabaya - Aceh","header_size":"p","title_color":"#CF000F","typography_typography":"custom","typography_font_family":"Lato","typography_font_size":{"unit":"px","size":18,"sizes":[]},"typography_font_weight":"400"},"elements":[],"isInner":false,"widgetType":"heading","elType":"widget"},{"id":"5724218a","settings":{"icon_list":[{"text":"Surabaya - Aceh","selected_icon":{"value":"","library":""},"link":{"url":"https:\/\/www.jasakirim.id\/ekspedisi-surabaya-aceh\/","is_external":"","nofollow":"","custom_attributes":""},"_id":"c745d3f"}],"space_between":{"unit":"px","size":2,"sizes":[]},"text_color":"#1D222A","icon_typography_typography":"custom","icon_typography_font_family":"Lato","icon_typography_font_size":{"unit":"px","size":16,"sizes":[]},"divider_height":{"unit":"px","size":16,"sizes":[]},"divider_color":"rgba(0, 0, 0, 0.22)"},"elements":[],"isInner":false,"widgetType":"icon-list","elType":"widget"},{"id":"10e6f37f","settings":{"title":"Surabaya - Maluku","header_size":"p","title_color":"#CF000F","typography_typography":"custom","typography_font_family":"Lato","typography_font_size":{"unit":"px","size":18,"sizes":[]},"typography_font_weight":"400"},"elements":[],"isInner":false,"widgetType":"heading","elType":"widget"},{"id":"6fafd786","settings":{"icon_list":[{"text":"Surabaya -Ambon","selected_icon":{"value":"","library":""},"link":{"url":"https:\/\/www.jasakirim.id\/ekspedisi-surabaya-ambon\/","is_external":"","nofollow":"","custom_attributes":""},"_id":"c745d3f"}],"space_between":{"unit":"px","size":2,"sizes":[]},"text_color":"#1D222A","icon_typography_typography":"custom","icon_typography_font_family":"Lato","icon_typography_font_size":{"unit":"px","size":16,"sizes":[]},"divider_height":{"unit":"px","size":16,"sizes":[]},"divider_color":"rgba(0, 0, 0, 0.22)"},"elements":[],"isInner":false,"widgetType":"icon-list","elType":"widget"}],"isInner":true,"elType":"column"},{"id":"4bc0f674","settings":{"_column_size":20,"_inline_size":null},"elements":[{"id":"5ac48428","settings":{"title":"Surabaya - Jawa Timur","header_size":"p","title_color":"#CF000F","typography_typography":"custom","typography_font_family":"Lato","typography_font_size":{"unit":"px","size":18,"sizes":[]},"typography_font_weight":"400","link":{"url":"https:\/\/www.jasakirim.id\/ekspedisi-surabaya\/","is_external":"","nofollow":"","custom_attributes":""}},"elements":[],"isInner":false,"widgetType":"heading","elType":"widget"},{"id":"6ab9a3a7","settings":{"icon_list":[{"text":"Surabaya - Malang","selected_icon":{"value":"","library":""},"_id":"c6286b8","link":{"url":"https:\/\/www.jasakirim.id\/ekspedisi-surabaya-malang\/","is_external":"","nofollow":"","custom_attributes":""}},{"text":"Surabaya - Kediri","selected_icon":{"value":"","library":""},"_id":"31842ea","link":{"url":"https:\/\/www.jasakirim.id\/ekspedisi-surabaya-kediri\/","is_external":"","nofollow":"","custom_attributes":""}},{"text":"Surabaya - Banyuwangi","selected_icon":{"value":"","library":""},"_id":"a6bc7f5","link":{"url":"https:\/\/www.jasakirim.id\/ekspedisi-surabaya-banyuwangi\/","is_external":"","nofollow":"","custom_attributes":""}},{"text":"Surabaya - Probolinggo","selected_icon":{"value":"","library":""},"link":{"url":"https:\/\/www.jasakirim.id\/ekspedisi-surabaya-probolinggo\/","is_external":"","nofollow":"","custom_attributes":""},"_id":"cbd088b"},{"text":"Surabaya - Madiun","selected_icon":{"value":"","library":""},"link":{"url":"https:\/\/www.jasakirim.id\/ekspedisi-surabaya-madiun\/","is_external":"","nofollow":"","custom_attributes":""},"_id":"d299591"},{"text":"Surabaya - Tuban","selected_icon":{"value":"","library":""},"_id":"2fb92ff"},{"text":"Surabaya - Bojonegoro","selected_icon":{"value":"","library":""},"link":{"url":"https:\/\/www.jasakirim.id\/ekspedisi-surabaya-bojonegoro\/","is_external":"","nofollow":"","custom_attributes":""},"_id":"c1a310d"},{"text":"Surabaya - Tulungagung","selected_icon":{"value":"","library":""},"link":{"url":"https:\/\/www.jasakirim.id\/ekspedisi-surabaya-tulungagung\/","is_external":"","nofollow":"","custom_attributes":""},"_id":"a9637f7"},{"text":"Surabaya - Mojokerto","selected_icon":{"value":"","library":""},"link":{"url":"https:\/\/www.jasakirim.id\/ekspedisi-surabaya-mojokerto\/","is_external":"","nofollow":"","custom_attributes":""},"_id":"5bf429b"},{"text":"Surabaya - Pasuruan","selected_icon":{"value":"","library":""},"link":{"url":"https:\/\/www.jasakirim.id\/ekspedisi-surabaya-pasuruan\/","is_external":"","nofollow":"","custom_attributes":""},"_id":"f1b3da4"},{"text":"Surabaya - Blitar","selected_icon":{"value":"","library":""},"link":{"url":"https:\/\/www.jasakirim.id\/ekspedisi-surabaya-blitar\/","is_external":"","nofollow":"","custom_attributes":""},"_id":"22a7d5d"},{"text":"Surabaya - Ponorogo","selected_icon":{"value":"","library":""},"link":{"url":"https:\/\/www.jasakirim.id\/ekspedisi-surabaya-ponorogo\/","is_external":"","nofollow":"","custom_attributes":""},"_id":"c368bab"},{"text":"Surabaya - Jombang","selected_icon":{"value":"","library":""},"link":{"url":"https:\/\/www.jasakirim.id\/ekspedisi-surabaya-jombang\/","is_external":"","nofollow":"","custom_attributes":""},"_id":"a4476d9"},{"text":"Surabaya - Gresik","selected_icon":{"value":"","library":""},"link":{"url":"https:\/\/www.jasakirim.id\/ekspedisi-surabaya-gresik\/","is_external":"","nofollow":"","custom_attributes":""},"_id":"42c56ea"},{"text":"Surabaya - Lamongan","selected_icon":{"value":"","library":""},"link":{"url":"https:\/\/www.jasakirim.id\/ekspedisi-surabaya-lamongan\/","is_external":"","nofollow":"","custom_attributes":""},"_id":"930f52f"},{"text":"Surabaya - Jember","selected_icon":{"value":"","library":""},"link":{"url":"https:\/\/www.jasakirim.id\/ekspedisi-surabaya-jember\/","is_external":"","nofollow":"","custom_attributes":""},"_id":"924a1a6"}],"space_between":{"unit":"px","size":2,"sizes":[]},"text_color":"#1D222A","icon_typography_typography":"custom","icon_typography_font_family":"Lato","icon_typography_font_size":{"unit":"px","size":16,"sizes":[]},"divider_height":{"unit":"px","size":16,"sizes":[]},"divider_color":"rgba(0, 0, 0, 0.22)"},"elements":[],"isInner":false,"widgetType":"icon-list","elType":"widget"}],"isInner":true,"elType":"column"},{"id":"56e357ef","settings":{"_column_size":20,"_inline_size":null},"elements":[{"id":"756c8d10","settings":{"title":"Surabaya - Jawa Tengah","header_size":"p","title_color":"#CF000F","typography_typography":"custom","typography_font_family":"Lato","typography_font_size":{"unit":"px","size":18,"sizes":[]},"typography_font_weight":"400"},"elements":[],"isInner":false,"widgetType":"heading","elType":"widget"},{"id":"3b3046cc","settings":{"icon_list":[{"text":"Surabaya - Semarang","selected_icon":{"value":"","library":""},"link":{"url":"https:\/\/www.jasakirim.id\/ekspedisi-surabaya-semarang\/","is_external":"","nofollow":"","custom_attributes":""},"_id":"9293db3"},{"text":"Surabaya - Solo","selected_icon":{"value":"","library":""},"link":{"url":"https:\/\/www.jasakirim.id\/ekspedisi-surabaya-solo\/","is_external":"","nofollow":"","custom_attributes":""},"_id":"ab4534e"},{"text":"Surabaya - Temanggung","selected_icon":{"value":"","library":""},"link":{"url":"https:\/\/www.jasakirim.id\/ekspedisi-surabaya-temanggung\/","is_external":"","nofollow":"","custom_attributes":""},"_id":"24997f1"},{"text":"Surabaya - Tuban","selected_icon":{"value":"","library":""},"link":{"url":"https:\/\/www.jasakirim.id\/ekspedisi-surabaya-tuban\/","is_external":"","nofollow":"","custom_attributes":""},"_id":"cbbb015"},{"text":"Surabaya - Banjarnegara","selected_icon":{"value":"","library":""},"link":{"url":"https:\/\/www.jasakirim.id\/ekspedisi-surabaya-banjarnegara\/","is_external":"","nofollow":"","custom_attributes":""},"_id":"d428269"}],"space_between":{"unit":"px","size":2,"sizes":[]},"text_color":"#1D222A","icon_typography_typography":"custom","icon_typography_font_family":"Lato","icon_typography_font_size":{"unit":"px","size":16,"sizes":[]},"divider_height":{"unit":"px","size":16,"sizes":[]},"divider_color":"rgba(0, 0, 0, 0.22)"},"elements":[],"isInner":false,"widgetType":"icon-list","elType":"widget"},{"id":"3ae977c5","settings":{"title":"Surabaya - Yogyakarta","header_size":"p","title_color":"#CF000F","typography_typography":"custom","typography_font_family":"Lato","typography_font_size":{"unit":"px","size":18,"sizes":[]},"typography_font_weight":"400"},"elements":[],"isInner":false,"widgetType":"heading","elType":"widget"},{"id":"4bebe6e2","settings":{"icon_list":[{"text":"Surabaya - Jogja","selected_icon":{"value":"","library":""},"link":{"url":"https:\/\/www.jasakirim.id\/ekspedisi-surabaya-jogja\/","is_external":"","nofollow":"","custom_attributes":""},"_id":"6aec7d0"}],"space_between":{"unit":"px","size":20,"sizes":[]},"text_color":"#1D222A","icon_typography_typography":"custom","icon_typography_font_family":"Lato","icon_typography_font_size":{"unit":"px","size":16,"sizes":[]},"view":"inline","divider":"yes","divider_height":{"unit":"px","size":16,"sizes":[]},"divider_color":"rgba(0, 0, 0, 0.22)"},"elements":[],"isInner":false,"widgetType":"icon-list","elType":"widget"},{"id":"4205bc27","settings":{"title":"Surabaya - Jakarta","header_size":"p","title_color":"#CF000F","typography_typography":"custom","typography_font_family":"Lato","typography_font_size":{"unit":"px","size":18,"sizes":[]},"typography_font_weight":"400"},"elements":[],"isInner":false,"widgetType":"heading","elType":"widget"},{"id":"63678d4b","settings":{"icon_list":[{"text":"Surabaya - Jakarta","selected_icon":{"value":"","library":""},"link":{"url":"https:\/\/www.jasakirim.id\/ekspedisi-surabaya-jakarta\/","is_external":"","nofollow":"","custom_attributes":""},"_id":"4083931"}],"space_between":{"unit":"px","size":1,"sizes":[]},"text_color":"#1D222A","icon_typography_typography":"custom","icon_typography_font_family":"Lato","icon_typography_font_size":{"unit":"px","size":16,"sizes":[]}},"elements":[],"isInner":false,"widgetType":"icon-list","elType":"widget"},{"id":"44795243","settings":{"title":"Surabaya -  Nusa Tenggara Barat","header_size":"p","title_color":"#CF000F","typography_typography":"custom","typography_font_family":"Lato","typography_font_size":{"unit":"px","size":18,"sizes":[]},"typography_font_weight":"400"},"elements":[],"isInner":false,"widgetType":"heading","elType":"widget"},{"id":"3ddcde33","settings":{"icon_list":[{"text":"Surabaya - Lombok","selected_icon":{"value":"","library":""},"link":{"url":"https:\/\/www.jasakirim.id\/ekspedisi-surabaya-lombok\/","is_external":"","nofollow":"","custom_attributes":""},"_id":"4083931"}],"space_between":{"unit":"px","size":1,"sizes":[]},"text_color":"#1D222A","icon_typography_typography":"custom","icon_typography_font_family":"Lato","icon_typography_font_size":{"unit":"px","size":16,"sizes":[]}},"elements":[],"isInner":false,"widgetType":"icon-list","elType":"widget"},{"id":"3397a35f","settings":{"title":"Surabaya -  Nusa Tenggara Timmur","header_size":"p","title_color":"#CF000F","typography_typography":"custom","typography_font_family":"Lato","typography_font_size":{"unit":"px","size":18,"sizes":[]},"typography_font_weight":"400"},"elements":[],"isInner":false,"widgetType":"heading","elType":"widget"},{"id":"1730fa3d","settings":{"icon_list":[{"text":"Surabaya - Kupang","selected_icon":{"value":"","library":""},"link":{"url":"https:\/\/www.jasakirim.id\/jasa-ekspedisi-surabaya-kupang\/","is_external":"","nofollow":"","custom_attributes":""},"_id":"4083931"}],"space_between":{"unit":"px","size":1,"sizes":[]},"text_color":"#1D222A","icon_typography_typography":"custom","icon_typography_font_family":"Lato","icon_typography_font_size":{"unit":"px","size":16,"sizes":[]}},"elements":[],"isInner":false,"widgetType":"icon-list","elType":"widget"}],"isInner":true,"elType":"column"},{"id":"77a1355a","settings":{"_column_size":20,"_inline_size":null},"elements":[{"id":"696f9f30","settings":{"title":"Surabaya - Bali","header_size":"p","title_color":"#CF000F","typography_typography":"custom","typography_font_family":"Lato","typography_font_size":{"unit":"px","size":18,"sizes":[]},"typography_font_weight":"400"},"elements":[],"isInner":false,"widgetType":"heading","elType":"widget"},{"id":"9ddb2d","settings":{"icon_list":[{"text":"Surabaya - Bali","selected_icon":{"value":"","library":""},"link":{"url":"https:\/\/www.jasakirim.id\/ekspedisi-surabaya-bali\/","is_external":"","nofollow":"","custom_attributes":""},"_id":"4083931"}],"space_between":{"unit":"px","size":1,"sizes":[]},"text_color":"#1D222A","icon_typography_typography":"custom","icon_typography_font_family":"Lato","icon_typography_font_size":{"unit":"px","size":16,"sizes":[]}},"elements":[],"isInner":false,"widgetType":"icon-list","elType":"widget"},{"id":"5e236d1a","settings":{"title":"Jakarta - Jawa Timur","header_size":"p","title_color":"#CF000F","typography_typography":"custom","typography_font_family":"Lato","typography_font_size":{"unit":"px","size":18,"sizes":[]},"typography_font_weight":"400"},"elements":[],"isInner":false,"widgetType":"heading","elType":"widget"},{"id":"1f761c48","settings":{"icon_list":[{"text":"Jakarta - Surabaya","selected_icon":{"value":"","library":""},"link":{"url":"https:\/\/www.jasakirim.id\/ekspedisi-surabaya-jakarta\/","is_external":"","nofollow":"","custom_attributes":""},"_id":"4083931"},{"text":"Jakarta - Kediri","selected_icon":{"value":"","library":""},"link":{"url":"https:\/\/www.jasakirim.id\/ekspedisi-jakarta-kediri\/","is_external":"","nofollow":"","custom_attributes":""},"_id":"042bceb"}],"space_between":{"unit":"px","size":1,"sizes":[]},"text_color":"#1D222A","icon_typography_typography":"custom","icon_typography_font_family":"Lato","icon_typography_font_size":{"unit":"px","size":16,"sizes":[]}},"elements":[],"isInner":false,"widgetType":"icon-list","elType":"widget"},{"id":"3aa31490","settings":{"title":"Surabaya - Jawa Barat","header_size":"p","title_color":"#CF000F","typography_typography":"custom","typography_font_family":"Lato","typography_font_size":{"unit":"px","size":18,"sizes":[]},"typography_font_weight":"400"},"elements":[],"isInner":false,"widgetType":"heading","elType":"widget"},{"id":"3db28c56","settings":{"icon_list":[{"text":"Surabaya - Bandung","selected_icon":{"value":"","library":""},"link":{"url":"https:\/\/www.jasakirim.id\/ekspedisi-surabaya-bandung\/","is_external":"","nofollow":"","custom_attributes":""},"_id":"4083931"},{"text":"Surabaya - Depok","selected_icon":{"value":"","library":""},"link":{"url":"https:\/\/www.jasakirim.id\/ekspedisi-surabaya-depok\/","is_external":"","nofollow":"","custom_attributes":""},"_id":"426f4f9"},{"text":"Surabaya - Cirebon","selected_icon":{"value":"","library":""},"link":{"url":"https:\/\/www.jasakirim.id\/ekspedisi-surabaya-cirebon\/","is_external":"","nofollow":"","custom_attributes":""},"_id":"25545ff"},{"text":"Surabaya - Tanggerang","selected_icon":{"value":"","library":""},"link":{"url":"https:\/\/www.jasakirim.id\/ekspedisi-surabaya-tangerang\/","is_external":"","nofollow":"","custom_attributes":""},"_id":"b8a4850"},{"text":"Surabaya -Bogor","selected_icon":{"value":"","library":""},"link":{"url":"https:\/\/www.jasakirim.id\/ekspedisi-surabaya-bogor\/","is_external":"","nofollow":"","custom_attributes":""},"_id":"455505a"}],"space_between":{"unit":"px","size":1,"sizes":[]},"text_color":"#1D222A","icon_typography_typography":"custom","icon_typography_font_family":"Lato","icon_typography_font_size":{"unit":"px","size":16,"sizes":[]}},"elements":[],"isInner":false,"widgetType":"icon-list","elType":"widget"},{"id":"37025131","settings":{"title":"Surabaya - Madura","header_size":"p","title_color":"#CF000F","typography_typography":"custom","typography_font_family":"Lato","typography_font_size":{"unit":"px","size":18,"sizes":[]},"typography_font_weight":"400"},"elements":[],"isInner":false,"widgetType":"heading","elType":"widget"},{"id":"6f14cd8e","settings":{"icon_list":[{"text":"Surabaya - Sumenep","selected_icon":{"value":"","library":""},"link":{"url":"https:\/\/www.jasakirim.id\/ekspedisi-surabaya-sumenep\/","is_external":"","nofollow":"","custom_attributes":""},"_id":"5bf429b"},{"text":"Surabaya - Bangkalan","selected_icon":{"value":"","library":""},"link":{"url":"https:\/\/www.jasakirim.id\/ekspedisi-surabaya-bangkalan\/","is_external":"","nofollow":"","custom_attributes":""},"_id":"66cf809"}],"space_between":{"unit":"px","size":2,"sizes":[]},"text_color":"#1D222A","icon_typography_typography":"custom","icon_typography_font_family":"Lato","icon_typography_font_size":{"unit":"px","size":16,"sizes":[]},"divider_height":{"unit":"px","size":16,"sizes":[]},"divider_color":"rgba(0, 0, 0, 0.22)"},"elements":[],"isInner":false,"widgetType":"icon-list","elType":"widget"}],"isInner":true,"elType":"column"}],"isInner":true,"elType":"section"}],"isInner":false,"elType":"column"}],"isInner":false,"elType":"section"},{"id":"5cd357f4","settings":{"structure":"20","background_background":"classic","background_color":"#FFFFFF","padding":{"unit":"px","top":"30","right":"0","bottom":"30","left":"0","isLinked":false}},"elements":[{"id":"7560c984","settings":{"_column_size":50,"_inline_size":64.513,"content_position_tablet":"center"},"elements":[{"id":"6ac51075","settings":{"address":"Jl. Merak No.E21, Jongbiru, Kec. Gampengrejo, Kediri, Jawa Timur 64182"},"elements":[],"isInner":false,"widgetType":"google_maps","elType":"widget"}],"isInner":false,"elType":"column"},{"id":"add59c4","settings":{"_column_size":50,"_inline_size":35.44,"content_position":"top"},"elements":[{"id":"6caf51dc","settings":{"icon_list":[{"text":"Kontak & Alamat","selected_icon":{"value":"fas fa-cubes","library":"fa-solid"},"_id":"d61b31c"}],"icon_color":"#CF000F","icon_size":{"unit":"px","size":27,"sizes":[]},"text_color":"#CF000F","icon_typography_typography":"custom","icon_typography_font_family":"Lato","icon_typography_font_size":{"unit":"px","size":26,"sizes":[]},"icon_typography_font_weight":"600"},"elements":[],"isInner":false,"widgetType":"icon-list","elType":"widget"},{"id":"707fc81b","settings":{"editor":"<p>Anda dapat menghubungi kami melalui alamat, email, maupun nomor telepon di bawah ini :<\/p>","text_color":"#1D222A","typography_typography":"custom","typography_font_family":"Lato","_margin":{"unit":"px","top":"-10","right":"0","bottom":"-20","left":"0","isLinked":false},"typography_font_size":{"unit":"px","size":17,"sizes":[]}},"elements":[],"isInner":false,"widgetType":"text-editor","elType":"widget"},{"id":"5e4b9a8e","settings":{"selected_icon":{"value":"fas fa-map-marker-alt","library":"fa-solid"},"title_text":"Alamat","description_text":"Jl. Merak No.E21, Kediri, Jawa Timur","position":"left","primary_color":"#CF000F","secondary_color":"#FFFFFF","icon_size":{"unit":"px","size":25,"sizes":[]},"title_bottom_space":{"unit":"px","size":0,"sizes":[]},"title_color":"#1D222A","title_typography_typography":"custom","title_typography_font_family":"Lato","title_typography_font_size":{"unit":"px","size":17,"sizes":[]},"title_typography_font_weight":"800","description_color":"#1D222A","description_typography_typography":"custom","description_typography_font_family":"Lato","description_typography_font_size":{"unit":"px","size":16,"sizes":[]},"_margin":{"unit":"px","top":"0","right":"0","bottom":"0","left":"0","isLinked":false}},"elements":[],"isInner":false,"widgetType":"icon-box","elType":"widget"},{"id":"3edc507f","settings":{"selected_icon":{"value":"fas fa-envelope","library":"fa-solid"},"title_text":"E-Mail","description_text":"jasakirim.id@gmail.com","position":"left","primary_color":"#CF000F","secondary_color":"#FFFFFF","icon_size":{"unit":"px","size":25,"sizes":[]},"title_bottom_space":{"unit":"px","size":0,"sizes":[]},"title_color":"#1D222A","title_typography_typography":"custom","title_typography_font_family":"Lato","title_typography_font_size":{"unit":"px","size":17,"sizes":[]},"title_typography_font_weight":"800","description_color":"#1D222A","description_typography_typography":"custom","description_typography_font_family":"Lato","description_typography_font_size":{"unit":"px","size":16,"sizes":[]},"_margin":{"unit":"px","top":"-8","right":"0","bottom":"0","left":"0","isLinked":false},"link":{"url":"https:\/\/mauorder.online\/jasakirim-email","is_external":"","nofollow":"","custom_attributes":""}},"elements":[],"isInner":false,"widgetType":"icon-box","elType":"widget"},{"id":"3fb9e521","settings":{"selected_icon":{"value":"fas fa-phone-alt","library":"fa-solid"},"title_text":"Phone","description_text":"6285334066448","position":"left","primary_color":"#CF000F","secondary_color":"#FFFFFF","icon_size":{"unit":"px","size":25,"sizes":[]},"title_bottom_space":{"unit":"px","size":0,"sizes":[]},"title_color":"#1D222A","title_typography_typography":"custom","title_typography_font_family":"Lato","title_typography_font_size":{"unit":"px","size":17,"sizes":[]},"title_typography_font_weight":"800","description_color":"#1D222A","description_typography_typography":"custom","description_typography_font_family":"Lato","description_typography_font_size":{"unit":"px","size":16,"sizes":[]},"_margin":{"unit":"px","top":"-8","right":"0","bottom":"0","left":"0","isLinked":false},"link":{"url":"https:\/\/mauorder.online\/jasakirim-telp","is_external":"","nofollow":"","custom_attributes":""}},"elements":[],"isInner":false,"widgetType":"icon-box","elType":"widget"}],"isInner":false,"elType":"column"}],"isInner":false,"elType":"section"},{"id":"41ffe7a","settings":{"content_width":{"unit":"px","size":800,"sizes":[]},"gap":"no","background_background":"classic","background_color":"#FFE0E0","padding":{"unit":"px","top":"30","right":"0","bottom":"30","left":"0","isLinked":false}},"elements":[{"id":"1f7c3adf","settings":{"_column_size":100,"_inline_size":null},"elements":[{"id":"4fd983c6","settings":{"icon_list":[{"text":"F.A.Q","selected_icon":{"value":"","library":""},"_id":"d61b31c"}],"icon_color":"#CF000F","icon_size":{"unit":"px","size":27,"sizes":[]},"text_color":"#CF000F","icon_typography_typography":"custom","icon_typography_font_family":"Lato","icon_typography_font_size":{"unit":"px","size":26,"sizes":[]},"icon_typography_font_weight":"800","icon_align":"center","icon_typography_letter_spacing":{"unit":"px","size":5,"sizes":[]}},"elements":[],"isInner":false,"widgetType":"icon-list","elType":"widget"},{"id":"51b4a81","settings":{"tabs":[{"tab_title":"Berapa harga ongkir di JasaKirim.id ?","tab_content":"<p>Untuk tarif pengiriman sangat bervariasi, tarif ditentukan berdasarkan jarak pengiriman dan berat barang yang akan dikirim. Silahkan kunjungi halaman Cek Tarif Ekspedisi untuk mengetahui daftar ongkos kirim di JasaKirim.id.<\/p>","_id":"8ac518f"},{"tab_title":"Kota mana saja yang dapat dijangkau JasaKirim.id ?","tab_content":"<p>Kami dapat mengirim barang ke semua daerah untuk pulau jawa, namun untuk daerah luar jawa kami bisa kirim hanya sampai bandara terdekat dari alamat penerima, lalu penerima harus mengambil barang di bandara tersebut.<\/p>","_id":"d42cd98"},{"tab_title":"Apakah bisa jemput barang kiriman kerumah?","tab_content":"<p>Sangat bisa! Kami juga memberikan layanan jemput barang ekspedisi ke tempat anda baik itu rumah, kantor, gudang, ataupun apartemen.<\/p>","_id":"26dbf03"}],"border_width":{"unit":"px","size":4,"sizes":[]},"border_color":"#FFFFFF","title_background":"#CF000F","title_color":"#FFFFFF","title_typography_typography":"custom","title_typography_font_family":"Lato","content_background_color":"#FFE0E0","content_color":"#333333","content_typography_typography":"custom","content_typography_font_family":"Lato","_border_border":"solid","_border_color":"#FFFFFF","selected_icon":{"value":"fas fa-angle-down","library":"fa-solid"},"selected_active_icon":{"value":"fas fa-angle-up","library":"fa-solid"},"title_typography_font_weight":"400","custom_css":"selector p {margin-bottom:0;}","title_typography_font_size_mobile":{"unit":"px","size":16,"sizes":[]},"title_typography_font_size":{"unit":"px","size":18,"sizes":[]},"content_typography_font_size":{"unit":"px","size":17,"sizes":[]}},"elements":[],"isInner":false,"widgetType":"accordion","elType":"widget"}],"isInner":false,"elType":"column"}],"isInner":false,"elType":"section"},{"id":"3bba8593","settings":{"content_width":{"unit":"px","size":800,"sizes":[]},"background_background":"classic","background_color":"#FFFFFF","padding":{"unit":"px","top":"30","right":"0","bottom":"30","left":"0","isLinked":false},"_element_id":"tentang"},"elements":[{"id":"18057d59","settings":{"_column_size":100,"_inline_size":null},"elements":[{"id":"5b97801","settings":{"image":{"id":"283","url":"https:\/\/wordpress-118914-1748443.cloudwaysapps.com\/wp-content\/uploads\/2021\/02\/jasa-pengiriman-barang-mini-min.png"},"_margin":{"unit":"px","top":"0","right":"0","bottom":"20","left":"0","isLinked":false}},"elements":[],"isInner":false,"widgetType":"image","elType":"widget"},{"id":"722c0574","settings":{"editor":"<p><strong>JasaKirim.id<\/strong> - Memberikan layanan jasa ekspedisi atau jasa kirim barang ke seluruh wilayah di Indonesia. Kami sudah berpengalaman bertahun tahun dalam memberikan pelayanan antar barang ke kota kota besar di seluruh wilayah Indonesia mulai dari Jakarta, Surabaya, Semarang, Jogja, Bandung, Malang, hingga banyuwangi.\u00a0<\/p><p>Kami memiliki tim driver yang professional dan terlatih serta telah berpengalaman bertahun tahun dalam membawa mobil ekspedisi ke banyak kota di Indonesia, sehingga kami mengetahui rute rute terbaik dan barang akan cepat sampai dan tentunya barang anda akan aman.<\/p><p><strong><em>Apakah ada jaminan garansi yang diberikan ?<\/em> <\/strong>Tentunya ada, kami akan memberikan garansi waktu dan garansi keamanan terhadap barang anda, agar anda semakin tenang dan puas menggunakan layanan jasa expedisi dari kami.<\/p><p><em><strong>Soal ongkir bagaimana ?<\/strong> <\/em>Kami memberikan tarif pengiriman yang cukup murah, anda dapat membandingkan dengan jasa lain. Tarif juga akan ditentukan dengan barang itu sendiri, besar kecil dan berat ringan akan menjadi penentu mahal atau murahnya tarif untuk pengiriman itu sendiri. Untuk mengetahui berapa tarif yang akan dikenakan kepada barang anda, anda dapat melihat halaman Cek Tarif.<\/p><p><em><strong>Daerah mana saja yang dilayani ?<\/strong><\/em> Kami melayani semua daerah di jawa untuk pengiriman ke seluruh Indonesia. Untuk pengiriman daerah jawa, kami akan kirim samapai tempat, untuk daerah di luar jawa, kami akan kirim sampai bandara terdekat dari alamat tujuan, dan penerima harus ambil di bandara tersebut.<\/p><p><em><strong>Pengiriman menggunakan apa ?<\/strong><\/em> Untuk daerah jawa kami akan kirim melalui armada sendiri via darat, namun untuk di luar pulau jawa, kami akan kirim menggunakan cargo pesawat untuk pengiriman jalur udara, dan cargo kapal untuk pengiriman jalur laut.<\/p><p>Segera hubungi customer service kami untuk mendapatkan informasi lengkap tentang kami, serta dapatkan promo promo pengiriman murah jika tersedia. Salam hangat dari kami, JasaKirim.ID.\u00a0<\/p>","text_color":"#1D222A","typography_typography":"custom","typography_font_family":"Lato","_margin":{"unit":"px","top":"0","right":"0","bottom":"0","left":"0","isLinked":false},"typography_font_size":{"unit":"px","size":17,"sizes":[]}},"elements":[],"isInner":false,"widgetType":"text-editor","elType":"widget"}],"isInner":false,"elType":"column"}],"isInner":false,"elType":"section"}]}