{"version":"0.4","title":"#JK &#8211; Blog","type":"page","content":[{"id":"6ce9d1f2","settings":{"background_background":"classic","background_color":"#FFFFFF","margin":{"unit":"px","top":"0","right":0,"bottom":"0","left":0,"isLinked":false},"padding":{"unit":"px","top":"0","right":"0","bottom":"0","left":"0","isLinked":false}},"elements":[{"id":"69f610e6","settings":{"_column_size":100,"_inline_size":null},"elements":[{"id":"6a2ef94a","settings":{"text":"Divider","color":"rgba(0, 0, 0, 0.1)","gap":{"unit":"px","size":0,"sizes":[]},"_margin":{"unit":"px","top":"-10","right":"0","bottom":"0","left":"0","isLinked":false}},"elements":[],"isInner":false,"widgetType":"divider","elType":"widget"}],"isInner":false,"elType":"column"}],"isInner":false,"elType":"section"},{"id":"26728179","settings":{"background_background":"classic","background_color":"#FFFFFF","padding":{"unit":"px","top":"0","right":"0","bottom":"30","left":"0","isLinked":false},"margin":{"unit":"px","top":"-10","right":0,"bottom":"0","left":0,"isLinked":false}},"elements":[{"id":"3a494c1c","settings":{"_column_size":100,"_inline_size":null},"elements":[{"id":"42576c88","settings":{"_skin":"cards","classic_meta_separator":"\/\/\/","classic_read_more_text":"Read More \u00bb","cards_meta_separator":"\u2022","cards_read_more_text":"Read More \u00bb","full_content_meta_separator":"\/\/\/","pagination_page_limit":"5","pagination_prev_label":"&laquo; Previous","pagination_next_label":"Next &raquo;","cards_thumbnail_size_size":"medium_large","cards_title_tag":"h2","cards_show_read_more":"","cards_show_avatar":"","pagination_type":"numbers","pagination_numbers_shorten":"yes","custom_css":".elementor-1155 .elementor-element.elementor-element-5307fcf .elementor-post {width:100%;}\n.elementor-1155 .elementor-element.elementor-element-5307fcf .elementor-post__meta-data {margin-bottom:10px}\n.elementor-posts .elementor-post__card .elementor-post__excerpt, .elementor-posts .elementor-post__card .elementor-post__title {margin-bottom:10px;}\n.page-numbers{\n    background:#fff;\n    margin-top: 20px;\n    height: 40px;\n    width: 40px;\n    line-height: 40px;\n    text-align: center;\n    display: inline-block;\n    text-decoration: none;\n    color: #767676;\n    cursor: pointer;\n    background: #fff;\n    border-radius: 25px;\n    margin-left: 0px;\n    margin-right: 0px;\n        box-shadow: 0 1px 15px 1px rgba(0,0,0,.04), 0 1px 6px rgba(0,0,0,.04);\n    border:2px solid #999;\n    font-weight: 700;\n}\nselector a {color:#333;}","cards_row_gap":{"unit":"px","size":20,"sizes":[]},"cards_hover_effect":"none","cards_image_spacing":{"unit":"px","size":0,"sizes":[]},"cards_badge_position":"left","cards_badge_bg_color":"#CF000F","cards_badge_margin":{"unit":"px","size":10,"sizes":[]},"cards_badge_typography_typography":"custom","cards_badge_typography_font_family":"Lato","cards_title_typography_typography":"custom","cards_title_typography_font_family":"Lato","cards_meta_typography_typography":"custom","cards_meta_typography_font_family":"Lato","cards_excerpt_typography_typography":"custom","cards_excerpt_typography_font_family":"Lato","cards_card_padding":{"unit":"px","size":20,"sizes":[]},"cards_item_ratio":{"unit":"px","size":0.42,"sizes":[]},"cards_meta_data":[],"cards_show_badge":"","cards_card_bg_color":"#FFE0E0","cards_card_border_radius":{"unit":"px","size":0,"sizes":[]},"cards_box_shadow_box_shadow_type":"","cards_posts_per_page":9,"cards_column_gap":{"unit":"px","size":20,"sizes":[]},"cards_title_color":"#333333","cards_title_spacing":{"unit":"px","size":20,"sizes":[]},"cards_excerpt_color":"#333333","cards_excerpt_spacing":{"unit":"px","size":15,"sizes":[]},"cards_read_more_spacing":{"unit":"px","size":0,"sizes":[]}},"elements":[],"isInner":false,"widgetType":"posts","elType":"widget"}],"isInner":false,"elType":"column"}],"isInner":false,"elType":"section"}]}