{"version":"0.4","title":"#JP \u2013 Nav","type":"header","content":[{"id":"29ae202d","settings":{"structure":"30","background_background":"classic","custom_css":"#site-header{\n    border-bottom:none!important ;\n}\n.page-header { display: none; }\nselector.elementor-sticky--effects{\n   box-shadow: 0 10px 23px 0 rgba(0,0,0,.20)\n}\n\nselector{\n   transition: box-shadow 2s ease \n}\n","background_color":"#0AAC8E","margin":{"unit":"px","top":"","right":0,"bottom":"","left":0,"isLinked":true},"padding":{"unit":"px","top":"5","right":"0","bottom":"5","left":"0","isLinked":false},"sticky":"top","sticky_effects_offset":1,"z_index":999},"elements":[{"id":"4224fd50","settings":{"_column_size":33,"_inline_size":20,"_inline_size_mobile":60,"content_position":"center","_inline_size_tablet":27},"elements":[{"id":"59bd27d8","settings":{"image":{"url":"[uc_local]cropped-logo-demo-02-min-2.png","id":""}},"elements":[],"isInner":false,"widgetType":"image","elType":"widget"}],"isInner":false,"elType":"column"},{"id":"4845ccb","settings":{"_column_size":33,"_inline_size":61.648,"_inline_size_mobile":40,"content_position_mobile":"center","align_mobile":"center","content_position":"center","_inline_size_tablet":73},"elements":[{"id":"59627717","settings":{"pointer":"none","color_menu_item":"#FFFFFF","align_items":"right","menu_typography_typography":"custom","menu_typography_font_family":"Roboto","menu_typography_font_size":{"unit":"px","size":13,"sizes":[]},"menu_typography_font_weight":"600","indicator":"none","padding_vertical_menu_item":{"unit":"px","size":5,"sizes":[]},"_border_width":{"unit":"px","top":"0","right":"0","bottom":"0","left":"0","isLinked":false},"_border_color":"#000000","custom_css":".elementor-nav-menu>li>a.elementor-item {\r\n    border-right-width: 1px;\r\n    border-left-width: 0px\r\n    ;\r\n    border-top-width: 0px;\r\n    border-bottom-width: 0px;\r\n    border-style: solid;\r\n    border-color: rgba(255,255,255,.5);\r\n}\r\n .elementor-nav-menu>li:last-child>a.elementor-item {\r\n    border: 0;\r\n}","padding_horizontal_menu_item":{"unit":"px","size":12,"sizes":[]},"full_width":"stretch","toggle_align":"right","menu_typography_text_transform":"uppercase","menu_typography_letter_spacing":{"unit":"px","size":1,"sizes":[]},"toggle_color":"#0AAC8E","toggle_background_color":"#FFFFFF"},"elements":[],"isInner":false,"widgetType":"nav-menu","elType":"widget"}],"isInner":false,"elType":"column"},{"id":"251dd8a0","settings":{"_column_size":33,"_inline_size":18,"hide_tablet":"hidden-tablet","hide_mobile":"hidden-phone","content_position":"center"},"elements":[{"id":"3cb61a89","settings":{"text":"HUBUNGI KAMI","selected_icon":{"value":"fas fa-phone-alt","library":"fa-solid"},"background_color":"#FBF605","border_radius":{"unit":"px","top":"25","right":"25","bottom":"25","left":"25","isLinked":true},"button_box_shadow_box_shadow_type":"yes","button_box_shadow_box_shadow":{"horizontal":2,"vertical":2,"blur":10,"spread":-3,"color":"rgba(0,0,0,0.5)"},"align":"right","link":{"url":"tel:+6281359989458","is_external":"","nofollow":"","custom_attributes":""},"typography_typography":"custom","typography_font_size":{"unit":"px","size":14,"sizes":[]},"typography_font_weight":"600","typography_text_transform":"uppercase","button_text_color":"#0AAC8E","text_padding":{"unit":"px","top":"13","right":"20","bottom":"10","left":"20","isLinked":false},"icon_indent":{"unit":"px","size":10,"sizes":[]}},"elements":[],"isInner":false,"widgetType":"button","elType":"widget"}],"isInner":false,"elType":"column"}],"isInner":false,"elType":"section"}]}