{"version":"0.4","title":"#KW &#8211; Homepage","type":"page","content":[{"id":"43c0aa63","settings":{"height":"min-height","custom_height":{"unit":"vh","size":80,"sizes":[]},"structure":"20","background_background":"gradient","background_color":"#0575E6","background_color_b":"#205e9b","background_gradient_type":"radial","background_gradient_angle":{"unit":"deg","size":90,"sizes":[]},"background_overlay_background":"classic","background_overlay_image":{"id":467,"url":"https:\/\/wordpress-118914-1748443.cloudwaysapps.com\/wp-content\/uploads\/2021\/02\/shape-2.png"},"background_overlay_position":"bottom center","background_overlay_repeat":"no-repeat","background_overlay_opacity":{"unit":"px","size":1,"sizes":[]},"shape_divider_bottom_width":{"unit":"%","size":196,"sizes":[]},"shape_divider_bottom_height":{"unit":"px","size":0,"sizes":[]},"custom_height_tablet":{"unit":"vh","size":40,"sizes":[]},"padding":{"unit":"px","top":"20","right":"0","bottom":"20","left":"0","isLinked":false},"background_color_b_stop":{"unit":"%","size":70,"sizes":[]},"_element_id":"header-up","custom_height_mobile":{"unit":"vh","size":85,"sizes":[]},"padding_mobile":{"unit":"px","top":"40","right":"0","bottom":"020","left":"0","isLinked":false},"box_shadow_box_shadow":{"horizontal":0,"vertical":26,"blur":10,"spread":0,"color":"rgba(0,0,0,0.5)"},"padding_tablet":{"unit":"px","top":"10","right":"0","bottom":"20","left":"0","isLinked":false}},"elements":[{"id":"65735368","settings":{"_column_size":50,"_inline_size_tablet":50,"_inline_size":47.708},"elements":[{"id":"41102654","settings":{"title":"<span class=\"blok\">Kontraktor Kolam Renang Terpercaya<\/span> untuk Rumah & Villa Anda","title_color":"#ffffff","typography_typography":"custom","typography_font_size":{"unit":"px","size":28,"sizes":[]},"typography_font_size_tablet":{"unit":"px","size":35,"sizes":[]},"typography_font_weight":"800","header_size":"h1","typography_line_height":{"unit":"em","size":1.3,"sizes":[]},"align_mobile":"center","typography_font_size_mobile":{"unit":"px","size":25,"sizes":[]},"custom_css":"selector .blok {color:#ffd700;}","typography_font_family":"Quicksand"},"elements":[],"isInner":false,"widgetType":"heading","elType":"widget"},{"id":"730fb392","settings":{"editor":"<p>Desain kolam renang pribadi terbaik yang mengutamakan keindahan dan estetika sesuai dengan passion anda, sehingga menunjang aktivitas olahraga dan rekereasi bagi keluarga anda.<\/p>","text_color":"#ffffff","typography_typography":"custom","typography_font_size_tablet":{"unit":"px","size":14,"sizes":[]},"typography_font_weight":"500","_margin":{"unit":"px","top":"0","right":"0","bottom":"-15","left":"0","isLinked":false},"_margin_tablet":{"unit":"px","top":"0","right":"0","bottom":"-15","left":"0","isLinked":false},"typography_font_size":{"unit":"px","size":16,"sizes":[]},"align_mobile":"center","typography_line_height_tablet":{"unit":"em","size":1.3,"sizes":[]},"custom_css":"selector .blok {color:#ffd700;}","typography_font_family":"Quicksand","typography_line_height":{"unit":"em","size":1.3,"sizes":[]}},"elements":[],"isInner":false,"widgetType":"text-editor","elType":"widget"},{"id":"2c8e1a0e","settings":{"editor":"<p>Saatnya anda mewujudkan kolam renang impian bersama <span class=\"blok\">Raga Pool <\/span>!<\/p>","text_color":"#ffffff","typography_typography":"custom","typography_font_size_tablet":{"unit":"px","size":14,"sizes":[]},"typography_font_weight":"800","_margin":{"unit":"px","top":"0","right":"0","bottom":"-15","left":"0","isLinked":false},"_margin_tablet":{"unit":"px","top":"0","right":"0","bottom":"0","left":"0","isLinked":false},"typography_font_size":{"unit":"px","size":16,"sizes":[]},"align_mobile":"center","typography_line_height_tablet":{"unit":"em","size":1.3,"sizes":[]},"_margin_mobile":{"unit":"px","top":"0","right":"0","bottom":"-15","left":"0","isLinked":false},"custom_css":"selector .blok {color:#ffd700;}","typography_font_family":"Quicksand"},"elements":[],"isInner":false,"widgetType":"text-editor","elType":"widget"},{"id":"1e0527a1","settings":{"text":"Call Me","link":{"url":"https:\/\/pesan.today\/kontraktorwaterboom-id-qiqi-2","is_external":"","nofollow":""},"align":"left","size":"lg","icon":"fa fa-shopping-cart","icon_indent":{"unit":"px","size":9,"sizes":[]},"background_color":"#FFFFFF","border_radius":{"unit":"px","top":"30","right":"30","bottom":"30","left":"30","isLinked":true},"_margin":{"unit":"px","top":"13","right":"0","bottom":"0","left":"0","isLinked":false},"_z_index":1,"_margin_mobile":{"unit":"px","top":"16","right":"0","bottom":"0","left":"0","isLinked":false},"hover_animation":"pulse-grow","button_box_shadow_box_shadow_type":"yes","button_box_shadow_box_shadow":{"horizontal":0,"vertical":11,"blur":30,"spread":-9,"color":"#F9F804"},"fb_value":"0","selected_icon":{"value":"fas fa-phone-alt","library":"fa-solid"},"__fa4_migrated":{"selected_icon":true},"button_text_color":"#FE8E3B","button_css_id":"call-generic","align_tablet":"center","align_mobile":"center","typography_typography":"custom","typography_font_weight":"500","text_padding_mobile":{"unit":"px","top":"015","right":"30","bottom":"15","left":"30","isLinked":false},"typography_font_family":"Quicksand"},"elements":[],"isInner":false,"widgetType":"button","elType":"widget"}],"isInner":false,"elType":"column"},{"id":"6eb0b487","settings":{"_column_size":50,"_inline_size":53.498,"_inline_size_tablet":50,"content_position_tablet":"center"},"elements":[{"id":"30fb56ae","settings":{"image":{"id":"349","url":"https:\/\/wordpress-118914-1748443.cloudwaysapps.com\/wp-content\/uploads\/2021\/02\/kontraktor-kolam-renang.png"},"align":"right","_element_vertical_align":"flex-end","_offset_orientation_h":"end","_offset_x_end":{"size":-11,"unit":"px"},"_offset_y":{"size":-12,"unit":"px"},"image_border_width":{"unit":"px","top":"5","right":"5","bottom":"5","left":"5","isLinked":true},"image_border_color":"#ffffff","image_box_shadow_box_shadow":{"horizontal":0,"vertical":19,"blur":10,"spread":0,"color":"rgba(0,0,0,0.5)"},"_margin_mobile":{"unit":"px","top":"0","right":"0","bottom":"0","left":"0","isLinked":false},"_padding_mobile":{"unit":"px","top":"40","right":"0","bottom":"20","left":"0","isLinked":false},"_margin_tablet":{"unit":"px","top":"0","right":"0","bottom":"0","left":"0","isLinked":false},"_padding_tablet":{"unit":"px","top":"40","right":"0","bottom":"0","left":"0","isLinked":false}},"elements":[],"isInner":false,"widgetType":"image","elType":"widget"}],"isInner":false,"elType":"column"}],"isInner":false,"elType":"section"},{"id":"e61cd0c","settings":{"structure":"20","background_background":"classic","background_color":"#ffffff","padding":{"unit":"px","top":"60","right":"0","bottom":"40","left":"0","isLinked":false},"padding_mobile":{"unit":"px","top":"040","right":"0","bottom":"20","left":"0","isLinked":false},"_element_id":"tentang","padding_tablet":{"unit":"px","top":"40","right":"0","bottom":"20","left":"0","isLinked":false}},"elements":[{"id":"c46c459","settings":{"_column_size":50,"_inline_size":26.124,"_inline_size_tablet":40},"elements":[{"id":"618799f7","settings":{"image":{"id":"351","url":"https:\/\/wordpress-118914-1748443.cloudwaysapps.com\/wp-content\/uploads\/2021\/02\/kontraktor-kolam-renang-terpercaya.png"},"align":"center","space":{"unit":"%","size":100,"sizes":[]},"space_tablet":{"unit":"%","size":90,"sizes":[]},"space_mobile":{"unit":"%","size":100,"sizes":[]},"image_size":"full","align_tablet":"center"},"elements":[],"isInner":false,"widgetType":"image","elType":"widget"},{"id":"67b0d494","settings":{"title":"Raga Pool","header_size":"p","align":"center","title_color":"#205e9b","typography_typography":"custom","typography_font_size":{"unit":"px","size":24,"sizes":[]},"typography_font_weight":"800","typography_text_transform":"uppercase","typography_font_size_mobile":{"unit":"px","size":18,"sizes":[]},"_element_id":"judul1"},"elements":[],"isInner":false,"widgetType":"heading","elType":"widget"},{"id":"692ace1f","settings":{"title":"Jasa Kontraktor Kolam Renang","align":"center","title_color":"#205e9b","typography_typography":"custom","typography_font_size":{"unit":"px","size":18,"sizes":[]},"_margin":{"unit":"px","top":"-10","right":"0","bottom":"0","left":"0","isLinked":false},"hide_mobile":"hidden-phone","_element_id":"judul1","custom_css":"#judul1,#judul2 {\n    display: none;\n}"},"elements":[],"isInner":false,"widgetType":"heading","elType":"widget"}],"isInner":false,"elType":"column"},{"id":"193c9233","settings":{"_column_size":50,"_inline_size":73.876,"_inline_size_tablet":60,"content_position":"center"},"elements":[{"id":"45c71817","settings":{"editor":"<p><strong>Raga Pool<\/strong> adalah kontraktor kolam renang yang mengerjakan <strong>jasa pembuatan kolam renang,<\/strong> <strong>jasa renovasi kolam renang<\/strong>, hingga <strong>jasa perawatan kolam renang<\/strong>. Tentu, kami paling mengerti kebutuhan anda mulai dari desain yang selaras dengan lahan yang anda miliki.<\/p><p>Biaya pembuatan kolam renang dari kami lebih realistis dan dapat disesuaikan dengan budget anda tanpa mengorbankan kualitas. Kami kontraktor kolam renang penuh tanggung jawab dari awal perencanaan hingga perawatan. Silakan berkonsultasi gratis kepada kami.<\/p>","text_color":"#555555","typography_typography":"custom","typography_font_size":{"unit":"px","size":16,"sizes":[]},"typography_font_weight":"500","_margin":{"unit":"px","top":"0","right":"0","bottom":"-10","left":"0","isLinked":false},"align_mobile":"center","typography_font_size_mobile":{"unit":"px","size":15,"sizes":[]},"typography_font_family":"Quicksand"},"elements":[],"isInner":false,"widgetType":"text-editor","elType":"widget"}],"isInner":false,"elType":"column"}],"isInner":false,"elType":"section"},{"id":"39274658","settings":{"background_background":"classic","background_color":"#f9f9f9","padding":{"unit":"px","top":"60","right":"0","bottom":"20","left":"0","isLinked":false},"padding_tablet":{"unit":"px","top":"50","right":"0","bottom":"20","left":"0","isLinked":false},"padding_mobile":{"unit":"px","top":"50","right":"0","bottom":"20","left":"0","isLinked":false},"_element_id":"layanan"},"elements":[{"id":"25727812","settings":{"_column_size":100,"_inline_size":null},"elements":[{"id":"194fcbb8","settings":{"title":"Layanan Raga Pool","header_size":"p","align":"center","title_color":"#555555","typography_typography":"custom","typography_font_size":{"unit":"px","size":26,"sizes":[]},"typography_font_weight":"800","typography_font_family":"Quicksand"},"elements":[],"isInner":false,"widgetType":"heading","elType":"widget"},{"id":"2c2eda07","settings":{"weight":{"unit":"px","size":3,"sizes":[]},"width":{"unit":"%","size":5,"sizes":[]},"align":"center","gap":{"unit":"px","size":0,"sizes":[]},"text":"Divider"},"elements":[],"isInner":false,"widgetType":"divider","elType":"widget"},{"id":"4f27db8e","settings":{"structure":"30","padding_tablet":{"unit":"px","top":"20","right":"0","bottom":"20","left":"0","isLinked":false},"margin_mobile":{"unit":"px","top":"0","right":0,"bottom":"0","left":0,"isLinked":false},"padding_mobile":{"unit":"px","top":"0","right":"0","bottom":"0","left":"0","isLinked":false}},"elements":[{"id":"31c8d2cd","settings":{"_column_size":33,"_inline_size":null,"background_background":"classic","background_color":"#ffffff","border_radius":{"unit":"px","top":"10","right":"10","bottom":"10","left":"10","isLinked":true},"box_shadow_box_shadow_type":"yes","box_shadow_box_shadow":{"horizontal":0,"vertical":0,"blur":17,"spread":-9,"color":"rgba(0,0,0,0.5)"},"margin":{"unit":"px","top":"15","right":"15","bottom":"15","left":"15","isLinked":true},"margin_tablet":{"unit":"px","top":"10","right":"10","bottom":"10","left":"10","isLinked":true},"padding":{"unit":"px","top":"20","right":"20","bottom":"20","left":"20","isLinked":true},"padding_tablet":{"unit":"px","top":"10","right":"10","bottom":"10","left":"10","isLinked":true},"margin_mobile":{"unit":"px","top":"0","right":"0","bottom":"10","left":"0","isLinked":false}},"elements":[{"id":"d78e6ea","settings":{"image":{"id":"352","url":"https:\/\/wordpress-118914-1748443.cloudwaysapps.com\/wp-content\/uploads\/2021\/02\/jasa-pembuatan-kolam-renang.jpg"},"width":{"unit":"%","size":100,"sizes":[]},"space":{"unit":"%","size":100,"sizes":[]}},"elements":[],"isInner":false,"widgetType":"image","elType":"widget"},{"id":"7fd94457","settings":{"title":"Jasa Pembuatan Kolam Renang","title_color":"#0575E6","typography_typography":"custom","typography_font_size":{"unit":"px","size":24,"sizes":[]},"typography_font_weight":"800","_margin":{"unit":"px","top":"0","right":"15","bottom":"0","left":"15","isLinked":false},"align":"center","align_tablet":"center","align_mobile":"center","typography_font_size_mobile":{"unit":"px","size":24,"sizes":[]},"typography_font_family":"Quicksand"},"elements":[],"isInner":false,"widgetType":"heading","elType":"widget"},{"id":"2a0c7035","settings":{"align":"center","editor":"<p>Kami siap bantu anda mendesain dan mewujudkan berbagai model kolam seperti kolam renang pribadi, kolam renang umum, hingga kolam renang hotel.<\/p>","text_color":"#555555","typography_typography":"custom","typography_font_size":{"unit":"px","size":15,"sizes":[]},"typography_font_weight":"500","typography_line_height":{"unit":"em","size":1.3,"sizes":[]},"_margin":{"unit":"px","top":"-8","right":"0","bottom":"0","left":"0","isLinked":false},"typography_font_family":"Quicksand"},"elements":[],"isInner":false,"widgetType":"text-editor","elType":"widget"}],"isInner":true,"elType":"column"},{"id":"16995f8d","settings":{"_column_size":33,"_inline_size":null,"background_background":"classic","background_color":"#ffffff","border_radius":{"unit":"px","top":"10","right":"10","bottom":"10","left":"10","isLinked":true},"box_shadow_box_shadow_type":"yes","box_shadow_box_shadow":{"horizontal":0,"vertical":0,"blur":17,"spread":-9,"color":"rgba(0,0,0,0.5)"},"margin":{"unit":"px","top":"15","right":"15","bottom":"15","left":"15","isLinked":true},"margin_tablet":{"unit":"px","top":"10","right":"10","bottom":"10","left":"10","isLinked":true},"padding":{"unit":"px","top":"20","right":"20","bottom":"20","left":"20","isLinked":true},"padding_tablet":{"unit":"px","top":"10","right":"10","bottom":"10","left":"10","isLinked":true},"margin_mobile":{"unit":"px","top":"0","right":"0","bottom":"10","left":"0","isLinked":false}},"elements":[{"id":"4380153f","settings":{"image":{"id":468,"url":"https:\/\/wordpress-118914-1748443.cloudwaysapps.com\/wp-content\/uploads\/2021\/02\/jasa-renovasi-kolam-renang-1-min.jpg"},"width_tablet":{"unit":"%","size":100,"sizes":[]},"space_tablet":{"unit":"%","size":100,"sizes":[]},"_padding_tablet":{"unit":"px","top":"0","right":"0","bottom":"0","left":"0","isLinked":false}},"elements":[],"isInner":false,"widgetType":"image","elType":"widget"},{"id":"9dff38b","settings":{"title":"Jasa Renovasi Kolam Renang","title_color":"#0575E6","typography_typography":"custom","typography_font_size":{"unit":"px","size":24,"sizes":[]},"typography_font_weight":"800","_margin":{"unit":"px","top":"0","right":"15","bottom":"0","left":"15","isLinked":false},"align":"center","align_tablet":"center","align_mobile":"center","typography_font_size_mobile":{"unit":"px","size":24,"sizes":[]},"typography_font_family":"Quicksand"},"elements":[],"isInner":false,"widgetType":"heading","elType":"widget"},{"id":"73f44fa4","settings":{"align":"center","editor":"<p>Kami juga mengerjakan jasa renovasi kolam renang. Tenaga kami profesional ahli menyelesaikan permasalahan kolam renang seperti pencegahan kebocoran. Kami bantu anda merenovasinya.<\/p>","text_color":"#555555","typography_typography":"custom","typography_font_size":{"unit":"px","size":15,"sizes":[]},"typography_line_height":{"unit":"em","size":1.3,"sizes":[]},"_margin":{"unit":"px","top":"-8","right":"0","bottom":"0","left":"0","isLinked":false},"typography_font_weight":"500","typography_font_family":"Quicksand"},"elements":[],"isInner":false,"widgetType":"text-editor","elType":"widget"}],"isInner":true,"elType":"column"},{"id":"68363c2c","settings":{"_column_size":33,"_inline_size":null,"background_background":"classic","background_color":"#ffffff","border_radius":{"unit":"px","top":"10","right":"10","bottom":"10","left":"10","isLinked":true},"box_shadow_box_shadow_type":"yes","box_shadow_box_shadow":{"horizontal":0,"vertical":0,"blur":17,"spread":-9,"color":"rgba(0,0,0,0.5)"},"margin":{"unit":"px","top":"15","right":"15","bottom":"15","left":"15","isLinked":true},"margin_tablet":{"unit":"px","top":"10","right":"10","bottom":"10","left":"10","isLinked":true},"padding":{"unit":"px","top":"20","right":"20","bottom":"20","left":"20","isLinked":true},"padding_tablet":{"unit":"px","top":"10","right":"10","bottom":"10","left":"10","isLinked":true},"margin_mobile":{"unit":"px","top":"0","right":"0","bottom":"10","left":"0","isLinked":false}},"elements":[{"id":"371554fb","settings":{"image":{"id":469,"url":"https:\/\/wordpress-118914-1748443.cloudwaysapps.com\/wp-content\/uploads\/2021\/02\/jasa-perawatan-kolam-renang-min.jpg"},"width_tablet":{"unit":"%","size":100,"sizes":[]},"space_tablet":{"unit":"%","size":100,"sizes":[]}},"elements":[],"isInner":false,"widgetType":"image","elType":"widget"},{"id":"3b46e4c5","settings":{"title":"Jasa Perawatan Kolam Renang","title_color":"#0575E6","typography_typography":"custom","typography_font_size":{"unit":"px","size":24,"sizes":[]},"typography_font_weight":"800","_margin":{"unit":"px","top":"0","right":"15","bottom":"0","left":"15","isLinked":false},"align":"center","align_tablet":"center","align_mobile":"center","typography_font_size_mobile":{"unit":"px","size":24,"sizes":[]},"typography_font_family":"Quicksand"},"elements":[],"isInner":false,"widgetType":"heading","elType":"widget"},{"id":"1210d4b4","settings":{"align":"center","editor":"<p>Kami juga menyediakan jasa perawatan kolam renang, seperti memperbaiki pompa tersumbat, permasalahan daya listrik yang tidak sesuai, hingga air yang mudah hijau. Kami sangat memahami pegelolaan kualitas air kolam renang.<\/p>","text_color":"#555555","typography_typography":"custom","typography_font_size":{"unit":"px","size":15,"sizes":[]},"typography_line_height":{"unit":"em","size":1.3,"sizes":[]},"_margin":{"unit":"px","top":"-8","right":"0","bottom":"0","left":"0","isLinked":false},"typography_font_weight":"500","typography_font_family":"Quicksand"},"elements":[],"isInner":false,"widgetType":"text-editor","elType":"widget"}],"isInner":true,"elType":"column"}],"isInner":true,"elType":"section"}],"isInner":false,"elType":"column"}],"isInner":false,"elType":"section"},{"id":"462d6e4a","settings":{"background_background":"classic","background_color":"#FFFFFF","padding":{"unit":"px","top":"60","right":"0","bottom":"30","left":"0","isLinked":false},"margin_tablet":{"unit":"px","top":"0","right":0,"bottom":"0","left":0,"isLinked":false},"padding_tablet":{"unit":"px","top":"50","right":"0","bottom":"20","left":"0","isLinked":false},"padding_mobile":{"unit":"px","top":"70","right":"0","bottom":"20","left":"0","isLinked":false}},"elements":[{"id":"bd111d8","settings":{"_column_size":100,"_inline_size":null},"elements":[{"id":"1d664476","settings":{"title":"Produk Kami","header_size":"p","align":"center","title_color":"#555555","typography_typography":"custom","typography_font_size":{"unit":"px","size":26,"sizes":[]},"typography_font_weight":"800","typography_font_family":"Quicksand"},"elements":[],"isInner":false,"widgetType":"heading","elType":"widget"},{"id":"1cbd7d19","settings":{"weight":{"unit":"px","size":3,"sizes":[]},"width":{"unit":"%","size":5,"sizes":[]},"align":"center","gap":{"unit":"px","size":0,"sizes":[]},"text":"Divider"},"elements":[],"isInner":false,"widgetType":"divider","elType":"widget"},{"id":"56499c79","settings":{"structure":"30","padding_tablet":{"unit":"px","top":"20","right":"0","bottom":"20","left":"0","isLinked":false},"padding_mobile":{"unit":"px","top":"0","right":"0","bottom":"0","left":"0","isLinked":false}},"elements":[{"id":"3b0ffbac","settings":{"_column_size":33,"_inline_size":null,"background_background":"classic","background_color":"#ffffff","border_radius":{"unit":"px","top":"10","right":"10","bottom":"10","left":"10","isLinked":true},"box_shadow_box_shadow_type":"yes","box_shadow_box_shadow":{"horizontal":0,"vertical":0,"blur":17,"spread":-9,"color":"rgba(0,0,0,0.5)"},"margin":{"unit":"px","top":"15","right":"15","bottom":"15","left":"15","isLinked":true},"margin_tablet":{"unit":"px","top":"5","right":"5","bottom":"5","left":"5","isLinked":true},"padding":{"unit":"px","top":"20","right":"20","bottom":"20","left":"20","isLinked":true},"padding_tablet":{"unit":"px","top":"10","right":"10","bottom":"10","left":"10","isLinked":true}},"elements":[{"id":"6eae507b","settings":{"image":{"id":470,"url":"https:\/\/wordpress-118914-1748443.cloudwaysapps.com\/wp-content\/uploads\/2021\/02\/KOLAM-RENANG-PRIBADI-d_ebed65a3aaddae30904a610b1b8c4ebb.jpg"},"width_tablet":{"unit":"%","size":100,"sizes":[]},"space_tablet":{"unit":"%","size":100,"sizes":[]}},"elements":[],"isInner":false,"widgetType":"image","elType":"widget"},{"id":"1a32c9ff","settings":{"title":"KOLAM RENANG PRIBADI","title_color":"#0575E6","typography_typography":"custom","typography_font_size":{"unit":"px","size":19,"sizes":[]},"typography_font_weight":"800","_margin":{"unit":"px","top":"0","right":"15","bottom":"0","left":"15","isLinked":false},"header_size":"h3","align":"center","align_tablet":"center","align_mobile":"center","typography_font_size_mobile":{"unit":"px","size":24,"sizes":[]},"typography_font_family":"Quicksand"},"elements":[],"isInner":false,"widgetType":"heading","elType":"widget"},{"id":"3d1f2d4a","settings":{"align":"center","editor":"<p>Kami ahli dalam merancang dan mebuat kolam renang pribadi. Kami mengedepankan kualitas, fungsi, estetika, serta kepuasan anda. Aktivitas olahraga dan rekereasi keluarga anda menjadi sangat nyaman.<\/p>","text_color":"#555555","typography_typography":"custom","typography_font_size":{"unit":"px","size":16,"sizes":[]},"typography_font_weight":"400","typography_line_height":{"unit":"em","size":1.3,"sizes":[]},"_margin":{"unit":"px","top":"-8","right":"0","bottom":"0","left":"0","isLinked":false},"typography_font_family":"Quicksand"},"elements":[],"isInner":false,"widgetType":"text-editor","elType":"widget"}],"isInner":true,"elType":"column"},{"id":"20287cdf","settings":{"_column_size":33,"_inline_size":null,"background_background":"classic","background_color":"#ffffff","border_radius":{"unit":"px","top":"10","right":"10","bottom":"10","left":"10","isLinked":true},"box_shadow_box_shadow_type":"yes","box_shadow_box_shadow":{"horizontal":0,"vertical":0,"blur":17,"spread":-9,"color":"rgba(0,0,0,0.5)"},"margin":{"unit":"px","top":"15","right":"15","bottom":"15","left":"15","isLinked":true},"margin_tablet":{"unit":"px","top":"5","right":"5","bottom":"5","left":"5","isLinked":true},"padding":{"unit":"px","top":"20","right":"20","bottom":"20","left":"20","isLinked":true},"padding_tablet":{"unit":"px","top":"10","right":"10","bottom":"10","left":"10","isLinked":true}},"elements":[{"id":"1e733bba","settings":{"image":{"id":471,"url":"https:\/\/wordpress-118914-1748443.cloudwaysapps.com\/wp-content\/uploads\/2021\/02\/jasa-pembuatan-kolam-renang-3.jpg"},"width_tablet":{"unit":"%","size":100,"sizes":[]},"space_tablet":{"unit":"%","size":100,"sizes":[]}},"elements":[],"isInner":false,"widgetType":"image","elType":"widget"},{"id":"15dc5012","settings":{"title":"KOLAM RENANG UMUM","title_color":"#0575E6","typography_typography":"custom","typography_font_size":{"unit":"px","size":19,"sizes":[]},"typography_font_weight":"800","_margin":{"unit":"px","top":"0","right":"15","bottom":"0","left":"15","isLinked":false},"header_size":"h3","align":"center","align_tablet":"center","align_mobile":"center","typography_font_size_mobile":{"unit":"px","size":24,"sizes":[]},"typography_font_family":"Quicksand"},"elements":[],"isInner":false,"widgetType":"heading","elType":"widget"},{"id":"50eb7502","settings":{"align":"center","editor":"<p>Kami berpengalaman mengerjakan proyek pembuatan kolam renang umum maupun kolam renang olympic. Kami sangat memahami standar internasional kebutuhan kolam renang olympic.<\/p>","text_color":"#555555","typography_typography":"custom","typography_font_size":{"unit":"px","size":16,"sizes":[]},"typography_font_weight":"400","typography_line_height":{"unit":"em","size":1.3,"sizes":[]},"_margin":{"unit":"px","top":"-8","right":"0","bottom":"0","left":"0","isLinked":false},"typography_font_family":"Quicksand"},"elements":[],"isInner":false,"widgetType":"text-editor","elType":"widget"}],"isInner":true,"elType":"column"},{"id":"38024bac","settings":{"_column_size":33,"_inline_size":null,"background_background":"classic","background_color":"#ffffff","border_radius":{"unit":"px","top":"10","right":"10","bottom":"10","left":"10","isLinked":true},"box_shadow_box_shadow_type":"yes","box_shadow_box_shadow":{"horizontal":0,"vertical":0,"blur":17,"spread":-9,"color":"rgba(0,0,0,0.5)"},"margin":{"unit":"px","top":"15","right":"15","bottom":"15","left":"15","isLinked":true},"margin_tablet":{"unit":"px","top":"5","right":"5","bottom":"5","left":"5","isLinked":true},"padding":{"unit":"px","top":"20","right":"20","bottom":"20","left":"20","isLinked":true},"padding_tablet":{"unit":"px","top":"10","right":"10","bottom":"10","left":"10","isLinked":true}},"elements":[{"id":"38c17811","settings":{"image":{"id":472,"url":"https:\/\/wordpress-118914-1748443.cloudwaysapps.com\/wp-content\/uploads\/2021\/02\/jasa-pembuatan-kolam-renang-2.jpg"},"width_tablet":{"unit":"%","size":100,"sizes":[]},"space_tablet":{"unit":"%","size":100,"sizes":[]}},"elements":[],"isInner":false,"widgetType":"image","elType":"widget"},{"id":"2abe62b6","settings":{"title":"KOLAM RENANG HOTEL","title_color":"#0575E6","typography_typography":"custom","typography_font_size":{"unit":"px","size":19,"sizes":[]},"typography_font_weight":"800","_margin":{"unit":"px","top":"0","right":"15","bottom":"0","left":"15","isLinked":false},"header_size":"h3","align":"center","align_tablet":"center","align_mobile":"center","typography_font_size_mobile":{"unit":"px","size":24,"sizes":[]},"typography_font_family":"Quicksand"},"elements":[],"isInner":false,"widgetType":"heading","elType":"widget"},{"id":"24fa2f53","settings":{"align":"center","editor":"<p>Pembuatan kolam renang hotel adalah salah satu keahlian kami. Berbagai proyek kolam renang seperti apartemen, club house, villa, resort, dan cottage di Jakarta, Surabaya, Bandung, Bogor, dan Bali telah kami selesaikan dengan baik.<\/p>","text_color":"#555555","typography_typography":"custom","typography_font_size":{"unit":"px","size":16,"sizes":[]},"typography_font_weight":"400","typography_line_height":{"unit":"em","size":1.3,"sizes":[]},"_margin":{"unit":"px","top":"-8","right":"0","bottom":"0","left":"0","isLinked":false},"typography_font_family":"Quicksand"},"elements":[],"isInner":false,"widgetType":"text-editor","elType":"widget"}],"isInner":true,"elType":"column"}],"isInner":true,"elType":"section"}],"isInner":false,"elType":"column"}],"isInner":false,"elType":"section"},{"id":"13fc2e72","settings":{"background_background":"classic","background_color":"#f9f9f9","padding":{"unit":"px","top":"60","right":"0","bottom":"20","left":"0","isLinked":false},"padding_tablet":{"unit":"px","top":"50","right":"0","bottom":"20","left":"0","isLinked":false},"padding_mobile":{"unit":"px","top":"70","right":"0","bottom":"20","left":"0","isLinked":false}},"elements":[{"id":"23d8e137","settings":{"_column_size":100,"_inline_size":null},"elements":[{"id":"1cadf867","settings":{"title":"Produk Kami Lainnya","header_size":"p","align":"center","title_color":"#555555","typography_typography":"custom","typography_font_size":{"unit":"px","size":26,"sizes":[]},"typography_font_weight":"800","typography_font_family":"Quicksand"},"elements":[],"isInner":false,"widgetType":"heading","elType":"widget"},{"id":"646329e0","settings":{"weight":{"unit":"px","size":3,"sizes":[]},"width":{"unit":"%","size":5,"sizes":[]},"align":"center","gap":{"unit":"px","size":0,"sizes":[]},"text":"Divider"},"elements":[],"isInner":false,"widgetType":"divider","elType":"widget"},{"id":"ac436ac","settings":{"structure":"30","padding_tablet":{"unit":"px","top":"20","right":"0","bottom":"20","left":"0","isLinked":false}},"elements":[{"id":"34492a5b","settings":{"_column_size":33,"_inline_size":null,"background_background":"classic","background_color":"#ffffff","border_radius":{"unit":"px","top":"0","right":"0","bottom":"0","left":"0","isLinked":true},"box_shadow_box_shadow_type":"yes","box_shadow_box_shadow":{"horizontal":0,"vertical":0,"blur":17,"spread":-9,"color":"rgba(0,0,0,0.5)"},"margin":{"unit":"px","top":"15","right":"15","bottom":"15","left":"15","isLinked":true},"margin_tablet":{"unit":"px","top":"5","right":"5","bottom":"5","left":"5","isLinked":true},"padding":{"unit":"px","top":"0","right":"0","bottom":"0","left":"0","isLinked":true},"padding_tablet":{"unit":"px","top":"10","right":"10","bottom":"10","left":"10","isLinked":true}},"elements":[{"id":"71d166ca","settings":{"image":{"id":473,"url":"https:\/\/wordpress-118914-1748443.cloudwaysapps.com\/wp-content\/uploads\/2021\/02\/jasa-pembuatan-kolam-renang3.jpg"}},"elements":[],"isInner":false,"widgetType":"image","elType":"widget"},{"id":"8711f17","settings":{"title":"Peralatan Kolam Renang","title_color":"#0575E6","typography_typography":"custom","typography_font_size":{"unit":"px","size":22,"sizes":[]},"typography_font_weight":"800","_margin":{"unit":"px","top":"0","right":"15","bottom":"0","left":"15","isLinked":false},"header_size":"h4","typography_font_family":"Quicksand"},"elements":[],"isInner":false,"widgetType":"heading","elType":"widget"},{"id":"a192ff3","settings":{"align":"left","editor":"<p>Kami menyediakan pompa air dengan kualitas tinggi yang mampu membuat aliran air kolam renang Anda lancar tanpa masalah.<\/p>","text_color":"#555555","typography_typography":"custom","typography_font_size":{"unit":"px","size":15,"sizes":[]},"typography_font_weight":"400","typography_line_height":{"unit":"em","size":1.3,"sizes":[]},"_margin":{"unit":"px","top":"-10","right":"0","bottom":"0","left":"0","isLinked":false},"_padding":{"unit":"px","top":"0","right":"15","bottom":"15","left":"15","isLinked":false},"_margin_mobile":{"unit":"px","top":"-10","right":"0","bottom":"-20","left":"0","isLinked":false},"typography_font_family":"Quicksand"},"elements":[],"isInner":false,"widgetType":"text-editor","elType":"widget"}],"isInner":true,"elType":"column"},{"id":"12ae7dcc","settings":{"_column_size":33,"_inline_size":null,"background_background":"classic","background_color":"#ffffff","border_radius":{"unit":"px","top":"0","right":"0","bottom":"0","left":"0","isLinked":true},"box_shadow_box_shadow_type":"yes","box_shadow_box_shadow":{"horizontal":0,"vertical":0,"blur":17,"spread":-9,"color":"rgba(0,0,0,0.5)"},"margin":{"unit":"px","top":"15","right":"15","bottom":"15","left":"15","isLinked":true},"margin_tablet":{"unit":"px","top":"5","right":"5","bottom":"5","left":"5","isLinked":true},"padding":{"unit":"px","top":"0","right":"0","bottom":"0","left":"0","isLinked":true},"padding_tablet":{"unit":"px","top":"10","right":"10","bottom":"10","left":"10","isLinked":true}},"elements":[{"id":"19dcb24f","settings":{"image":{"id":474,"url":"https:\/\/wordpress-118914-1748443.cloudwaysapps.com\/wp-content\/uploads\/2021\/02\/jasa-pembuatan-kolam-renang2.jpg"}},"elements":[],"isInner":false,"widgetType":"image","elType":"widget"},{"id":"28a9b3d","settings":{"title":"Lampu Kolam","title_color":"#0575E6","typography_typography":"custom","typography_font_size":{"unit":"px","size":22,"sizes":[]},"typography_font_weight":"800","_margin":{"unit":"px","top":"0","right":"15","bottom":"0","left":"15","isLinked":false},"header_size":"h4","typography_font_family":"Quicksand"},"elements":[],"isInner":false,"widgetType":"heading","elType":"widget"},{"id":"18d2b76d","settings":{"align":"left","editor":"<p>Bagi Anda yang ingin menambah pencahayaan kolam renang agar terlihat bercahaya, kami juga menyediakan lampu untuk dipasang di dalam dan di kolam renang.<\/p>","text_color":"#555555","typography_typography":"custom","typography_font_size":{"unit":"px","size":15,"sizes":[]},"typography_line_height":{"unit":"em","size":1.3,"sizes":[]},"_margin":{"unit":"px","top":"-10","right":"0","bottom":"0","left":"0","isLinked":false},"typography_font_weight":"400","_padding":{"unit":"px","top":"0","right":"15","bottom":"15","left":"15","isLinked":false},"_margin_mobile":{"unit":"px","top":"-10","right":"0","bottom":"-20","left":"0","isLinked":false},"typography_font_family":"Quicksand"},"elements":[],"isInner":false,"widgetType":"text-editor","elType":"widget"}],"isInner":true,"elType":"column"},{"id":"54dbae7d","settings":{"_column_size":33,"_inline_size":null,"background_background":"classic","background_color":"#ffffff","border_radius":{"unit":"px","top":"0","right":"0","bottom":"0","left":"0","isLinked":true},"box_shadow_box_shadow_type":"yes","box_shadow_box_shadow":{"horizontal":0,"vertical":0,"blur":17,"spread":-9,"color":"rgba(0,0,0,0.5)"},"margin":{"unit":"px","top":"15","right":"15","bottom":"15","left":"15","isLinked":true},"margin_tablet":{"unit":"px","top":"5","right":"5","bottom":"5","left":"5","isLinked":true},"padding":{"unit":"px","top":"0","right":"0","bottom":"0","left":"0","isLinked":true},"padding_tablet":{"unit":"px","top":"10","right":"10","bottom":"10","left":"10","isLinked":true}},"elements":[{"id":"957e4f1","settings":{"image":{"id":475,"url":"https:\/\/wordpress-118914-1748443.cloudwaysapps.com\/wp-content\/uploads\/2021\/02\/jasa-pembuatan-kolam-renang1.jpg"}},"elements":[],"isInner":false,"widgetType":"image","elType":"widget"},{"id":"56584f43","settings":{"title":"Gutter Kolam","title_color":"#0575E6","typography_typography":"custom","typography_font_size":{"unit":"px","size":22,"sizes":[]},"typography_font_weight":"800","_margin":{"unit":"px","top":"0","right":"15","bottom":"0","left":"15","isLinked":false},"header_size":"h4","typography_font_family":"Quicksand"},"elements":[],"isInner":false,"widgetType":"heading","elType":"widget"},{"id":"507d495b","settings":{"align":"left","editor":"<p>Gutter kolam kami memiliki beberapa variasi tampilan yang menawan. Gutter kolam berfungsi agar bibir kolam renang Anda lebih indah dipandang.<\/p>","text_color":"#555555","typography_typography":"custom","typography_font_size":{"unit":"px","size":15,"sizes":[]},"typography_line_height":{"unit":"em","size":1.3,"sizes":[]},"_margin":{"unit":"px","top":"-10","right":"0","bottom":"0","left":"0","isLinked":false},"typography_font_weight":"400","_padding":{"unit":"px","top":"0","right":"15","bottom":"15","left":"15","isLinked":false},"_margin_mobile":{"unit":"px","top":"-10","right":"0","bottom":"-20","left":"0","isLinked":false},"typography_font_family":"Quicksand"},"elements":[],"isInner":false,"widgetType":"text-editor","elType":"widget"}],"isInner":true,"elType":"column"}],"isInner":true,"elType":"section"}],"isInner":false,"elType":"column"}],"isInner":false,"elType":"section"},{"id":"1028f217","settings":{"background_background":"classic","background_color":"#FFFFFF","background_color_b":"#205e9b","background_gradient_type":"radial","padding":{"unit":"px","top":"60","right":"0","bottom":"20","left":"0","isLinked":false},"padding_tablet":{"unit":"px","top":"50","right":"0","bottom":"20","left":"0","isLinked":false},"padding_mobile":{"unit":"px","top":"70","right":"0","bottom":"20","left":"0","isLinked":false}},"elements":[{"id":"4e61e1c8","settings":{"_column_size":100,"_inline_size":null},"elements":[{"id":"4d8d5c9f","settings":{"title":"Tahapan Kerja Kami","header_size":"p","align":"center","title_color":"#555555","typography_typography":"custom","typography_font_size":{"unit":"px","size":26,"sizes":[]},"typography_font_weight":"800","typography_font_family":"Quicksand"},"elements":[],"isInner":false,"widgetType":"heading","elType":"widget"},{"id":"38a7b389","settings":{"weight":{"unit":"px","size":3,"sizes":[]},"width":{"unit":"%","size":5,"sizes":[]},"align":"center","gap":{"unit":"px","size":0,"sizes":[]},"text":"Divider"},"elements":[],"isInner":false,"widgetType":"divider","elType":"widget"},{"id":"5a48e69","settings":{"structure":"40"},"elements":[{"id":"21bb239a","settings":{"_column_size":25,"_inline_size":null,"border_radius":{"unit":"px","top":"10","right":"10","bottom":"10","left":"10","isLinked":true},"_inline_size_mobile":50},"elements":[{"id":"2689b251","settings":{"image":{"id":476,"url":"https:\/\/wordpress-118914-1748443.cloudwaysapps.com\/wp-content\/uploads\/2021\/02\/one-2.png"},"space":{"unit":"%","size":30,"sizes":[]},"space_tablet":{"unit":"%","size":45,"sizes":[]}},"elements":[],"isInner":false,"widgetType":"image","elType":"widget"},{"id":"7eb847b6","settings":{"title":"Hubungi Kami","header_size":"p","align":"center","title_color":"#333333","typography_typography":"custom","typography_font_size":{"unit":"px","size":22,"sizes":[]},"typography_font_weight":"800","typography_text_transform":"uppercase","typography_font_size_tablet":{"unit":"px","size":16,"sizes":[]},"typography_font_family":"Quicksand"},"elements":[],"isInner":false,"widgetType":"heading","elType":"widget"},{"id":"105bb0d0","settings":{"editor":"<p>Silahkan hubungi kami terlebih dahulu dan kita atur jadwal untuk survey lokasi.<\/p>","align":"center","text_color":"#555555","typography_typography":"custom","typography_font_size":{"unit":"px","size":15,"sizes":[]},"typography_font_weight":"600","typography_line_height":{"unit":"em","size":1.2,"sizes":[]},"_margin":{"unit":"px","top":"-10","right":"0","bottom":"-10","left":"0","isLinked":false},"typography_font_size_tablet":{"unit":"px","size":13,"sizes":[]},"typography_font_family":"Quicksand"},"elements":[],"isInner":false,"widgetType":"text-editor","elType":"widget"}],"isInner":true,"elType":"column"},{"id":"4e9af594","settings":{"_column_size":25,"_inline_size":null,"_inline_size_mobile":50},"elements":[{"id":"6a652833","settings":{"image":{"id":477,"url":"https:\/\/wordpress-118914-1748443.cloudwaysapps.com\/wp-content\/uploads\/2021\/02\/two.png"},"space":{"unit":"%","size":30,"sizes":[]},"space_tablet":{"unit":"%","size":45,"sizes":[]}},"elements":[],"isInner":false,"widgetType":"image","elType":"widget"},{"id":"2e986d22","settings":{"title":"Survey Lokasi","header_size":"p","align":"center","title_color":"#333333","typography_typography":"custom","typography_font_size":{"unit":"px","size":22,"sizes":[]},"typography_font_weight":"800","typography_text_transform":"uppercase","typography_font_size_tablet":{"unit":"px","size":16,"sizes":[]},"typography_font_family":"Quicksand"},"elements":[],"isInner":false,"widgetType":"heading","elType":"widget"},{"id":"79be0edb","settings":{"editor":"<p>Kami akan melakukan survey sesuai dengan lokasi dan waktu yang ditentukan.<\/p>","align":"center","text_color":"#555555","typography_typography":"custom","typography_font_size":{"unit":"px","size":15,"sizes":[]},"typography_font_weight":"600","typography_line_height":{"unit":"em","size":1.2,"sizes":[]},"_margin":{"unit":"px","top":"-10","right":"0","bottom":"-10","left":"0","isLinked":false},"typography_font_size_tablet":{"unit":"px","size":13,"sizes":[]},"typography_font_family":"Quicksand"},"elements":[],"isInner":false,"widgetType":"text-editor","elType":"widget"}],"isInner":true,"elType":"column"},{"id":"1d769bac","settings":{"_column_size":25,"_inline_size":null,"_inline_size_mobile":50},"elements":[{"id":"74b74ab3","settings":{"image":{"id":478,"url":"https:\/\/wordpress-118914-1748443.cloudwaysapps.com\/wp-content\/uploads\/2021\/02\/three.png"},"space":{"unit":"%","size":30,"sizes":[]},"space_tablet":{"unit":"%","size":45,"sizes":[]}},"elements":[],"isInner":false,"widgetType":"image","elType":"widget"},{"id":"3f06cf49","settings":{"title":"Hitung Biaya","header_size":"p","align":"center","title_color":"#333333","typography_typography":"custom","typography_font_size":{"unit":"px","size":22,"sizes":[]},"typography_font_weight":"800","typography_text_transform":"uppercase","typography_font_size_tablet":{"unit":"px","size":16,"sizes":[]},"typography_font_family":"Quicksand"},"elements":[],"isInner":false,"widgetType":"heading","elType":"widget"},{"id":"142df577","settings":{"editor":"<p>Setelah itu kami akan memberitahu estimasi biaya yang perlu Anda persiapkan.<\/p>","align":"center","text_color":"#555555","typography_typography":"custom","typography_font_size":{"unit":"px","size":15,"sizes":[]},"typography_font_weight":"600","typography_line_height":{"unit":"em","size":1.2,"sizes":[]},"_margin":{"unit":"px","top":"-10","right":"0","bottom":"-10","left":"0","isLinked":false},"typography_font_size_tablet":{"unit":"px","size":13,"sizes":[]},"typography_font_family":"Quicksand"},"elements":[],"isInner":false,"widgetType":"text-editor","elType":"widget"}],"isInner":true,"elType":"column"},{"id":"7ade980a","settings":{"_column_size":25,"_inline_size":null,"_inline_size_mobile":50},"elements":[{"id":"7024922f","settings":{"image":{"id":479,"url":"https:\/\/wordpress-118914-1748443.cloudwaysapps.com\/wp-content\/uploads\/2021\/02\/four.png"},"space":{"unit":"%","size":30,"sizes":[]},"space_tablet":{"unit":"%","size":45,"sizes":[]}},"elements":[],"isInner":false,"widgetType":"image","elType":"widget"},{"id":"65a2327a","settings":{"title":"Deal & Proses","header_size":"p","align":"center","title_color":"#333333","typography_typography":"custom","typography_font_size":{"unit":"px","size":22,"sizes":[]},"typography_font_weight":"800","typography_text_transform":"uppercase","typography_font_size_tablet":{"unit":"px","size":16,"sizes":[]},"typography_font_family":"Quicksand"},"elements":[],"isInner":false,"widgetType":"heading","elType":"widget"},{"id":"4fecfc62","settings":{"editor":"<p>Pengerjaan akan dilaksanakan sesuai dengan kesepakatan tandatangan kontrak.<\/p>","align":"center","text_color":"#555555","typography_typography":"custom","typography_font_size":{"unit":"px","size":15,"sizes":[]},"typography_font_weight":"600","typography_line_height":{"unit":"em","size":1.2,"sizes":[]},"_margin":{"unit":"px","top":"-10","right":"0","bottom":"-10","left":"0","isLinked":false},"typography_font_size_tablet":{"unit":"px","size":13,"sizes":[]},"typography_font_family":"Quicksand"},"elements":[],"isInner":false,"widgetType":"text-editor","elType":"widget"}],"isInner":true,"elType":"column"}],"isInner":true,"elType":"section"}],"isInner":false,"elType":"column"}],"isInner":false,"elType":"section"},{"id":"4e268b54","settings":{"structure":"20","background_background":"gradient","background_color":"#0575E6","background_color_b":"#205E9B","background_gradient_type":"radial","padding":{"unit":"px","top":"50","right":"0","bottom":"40","left":"0","isLinked":false},"padding_mobile":{"unit":"px","top":"40","right":"40","bottom":"40","left":"40","isLinked":true}},"elements":[{"id":"23f6c16d","settings":{"_column_size":50,"_inline_size":72.919,"_inline_size_tablet":62,"content_position":"center"},"elements":[{"id":"3f03797b","settings":{"title":"Dapatkan <span class=\"blok\">info estimasi<\/span> pembuatan kolam renang...","header_size":"h5","align_mobile":"center","title_color":"#FFFFFF","typography_typography":"custom","typography_font_family":"Quicksand","typography_font_size":{"unit":"px","size":32,"sizes":[]},"typography_font_size_tablet":{"unit":"px","size":30,"sizes":[]},"typography_font_size_mobile":{"unit":"px","size":24,"sizes":[]},"typography_font_weight":"600","custom_css":"selector .blok {color:#ffd700;}","typography_letter_spacing":{"unit":"px","size":0,"sizes":[]}},"elements":[],"isInner":false,"widgetType":"heading","elType":"widget"}],"isInner":false,"elType":"column"},{"id":"79115c1c","settings":{"_column_size":50,"_inline_size":27.034,"_inline_size_tablet":38,"content_position":"center"},"elements":[{"id":"1dcf478d","settings":{"text":"Dapatkan Estimasi Harga","link":{"url":"https:\/\/pesan.today\/kontraktorwaterboom-id-qiqi","is_external":"","nofollow":""},"align":"center","size":"lg","icon":"fa fa-shopping-cart","icon_indent":{"unit":"px","size":5,"sizes":[]},"background_color":"#FFFFFF","border_radius":{"unit":"px","top":"30","right":"30","bottom":"30","left":"30","isLinked":true},"_margin":{"unit":"px","top":"13","right":"0","bottom":"0","left":"0","isLinked":false},"_z_index":1,"_margin_mobile":{"unit":"px","top":"16","right":"0","bottom":"0","left":"0","isLinked":false},"hover_animation":"pulse-grow","button_box_shadow_box_shadow_type":"yes","button_box_shadow_box_shadow":{"horizontal":0,"vertical":11,"blur":30,"spread":-9,"color":"#F9F804"},"fb_value":"0","selected_icon":{"value":"fab fa-whatsapp","library":"fa-brands"},"__fa4_migrated":{"selected_icon":true},"button_text_color":"#FE8E3B","button_css_id":"wa-generic","align_tablet":"center","align_mobile":"center","typography_typography":"custom","typography_font_weight":"500","text_padding_mobile":{"unit":"px","top":"015","right":"30","bottom":"15","left":"30","isLinked":false},"typography_font_family":"Quicksand"},"elements":[],"isInner":false,"widgetType":"button","elType":"widget"}],"isInner":false,"elType":"column"}],"isInner":false,"elType":"section"},{"id":"32e8a78e","settings":{"background_background":"classic","background_color":"#f9f9f9","padding":{"unit":"px","top":"060","right":"0","bottom":"20","left":"0","isLinked":false},"padding_tablet":{"unit":"px","top":"70","right":"0","bottom":"20","left":"0","isLinked":false},"padding_mobile":{"unit":"px","top":"70","right":"0","bottom":"20","left":"0","isLinked":false}},"elements":[{"id":"6c34f8d9","settings":{"_column_size":100},"elements":[{"id":"3dc78b41","settings":{"title":"6 Alasan Memilih Kami Sebagai Kontraktor Kolam Renang","header_size":"h5","align":"center","title_color":"#555555","typography_typography":"custom","typography_font_size":{"unit":"px","size":26,"sizes":[]},"typography_font_weight":"800","typography_font_family":"Quicksand"},"elements":[],"isInner":false,"widgetType":"heading","elType":"widget"},{"id":"21cb4765","settings":{"weight":{"unit":"px","size":3,"sizes":[]},"width":{"unit":"%","size":5,"sizes":[]},"align":"center","gap":{"unit":"px","size":0,"sizes":[]},"text":"Divider"},"elements":[],"isInner":false,"widgetType":"divider","elType":"widget"},{"id":"69c35eeb","settings":{"structure":"30","padding_tablet":{"unit":"px","top":"20","right":"0","bottom":"0","left":"0","isLinked":false}},"elements":[{"id":"3fe20d7a","settings":{"_column_size":33,"_inline_size":null,"background_background":"classic","background_color":"#ffffff","border_radius":{"unit":"px","top":"10","right":"10","bottom":"10","left":"10","isLinked":true},"box_shadow_box_shadow_type":"yes","box_shadow_box_shadow":{"horizontal":0,"vertical":0,"blur":17,"spread":-9,"color":"rgba(0,0,0,0.5)"},"margin":{"unit":"px","top":"15","right":"15","bottom":"15","left":"15","isLinked":true},"padding":{"unit":"px","top":"20","right":"20","bottom":"20","left":"20","isLinked":true},"margin_tablet":{"unit":"px","top":"10","right":"10","bottom":"10","left":"10","isLinked":true},"padding_tablet":{"unit":"px","top":"10","right":"10","bottom":"10","left":"10","isLinked":true}},"elements":[{"id":"8440b4a","settings":{"selected_icon":{"value":"fas fa-box-open","library":"fa-solid"},"view":"stacked","size":{"unit":"px","size":35,"sizes":[]},"icon_padding":{"unit":"px","size":20,"sizes":[]},"_css_classes":"keunggulan","custom_css":".keunggulan.elementor-widget-icon.elementor-view-stacked .elementor-icon {    box-shadow: 0 18px 32px rgba(0,0,0,.28);background: #6c9;\n    background: -moz-linear-gradient(45deg,rgba(32, 94, 155,1) 0,rgba(5, 117, 230,1) 50%,rgba(32, 94, 155,1) 100%);\n    background: -webkit-linear-gradient(45deg,rgba(32, 94, 155,1) 0,rgba(5, 117, 230,1) 50%,rgba(32, 94, 155,1) 100%);\n    background: linear-gradient(45deg,rgba(32, 94, 155,1) 0,rgba(5, 117, 230,1) 50%,rgba(32, 94, 155,1) 100%);}","size_mobile":{"unit":"px","size":30,"sizes":[]}},"elements":[],"isInner":false,"widgetType":"icon","elType":"widget"},{"id":"692a98b","settings":{"title":"Langsung Produsen","header_size":"p","align":"center","title_color":"#555555","typography_typography":"custom","typography_font_size":{"unit":"px","size":20,"sizes":[]},"typography_font_weight":"800","_margin":{"unit":"px","top":"10","right":"0","bottom":"0","left":"0","isLinked":false},"_margin_mobile":{"unit":"px","top":"0","right":"0","bottom":"0","left":"0","isLinked":false},"typography_font_family":"Quicksand"},"elements":[],"isInner":false,"widgetType":"heading","elType":"widget"},{"id":"b18b2b2","settings":{"editor":"<p>Anda dapat langsung melihat ke workshop kami untuk melihat proses produksi dan perancangan kolam renang.<\/p>","align":"center","text_color":"#555555","typography_typography":"custom","typography_font_size":{"unit":"px","size":15,"sizes":[]},"_margin":{"unit":"px","top":"-5","right":"0","bottom":"0","left":"0","isLinked":false},"typography_font_weight":"500","typography_line_height_mobile":{"unit":"em","size":1.3,"sizes":[]},"_margin_mobile":{"unit":"px","top":"-10","right":"0","bottom":"-10","left":"0","isLinked":false},"typography_font_family":"Quicksand","typography_line_height":{"unit":"em","size":1.3,"sizes":[]}},"elements":[],"isInner":false,"widgetType":"text-editor","elType":"widget"}],"isInner":true,"elType":"column"},{"id":"198f95c9","settings":{"_column_size":33,"_inline_size":null,"background_background":"classic","background_color":"#ffffff","border_radius":{"unit":"px","top":"10","right":"10","bottom":"10","left":"10","isLinked":true},"box_shadow_box_shadow_type":"yes","box_shadow_box_shadow":{"horizontal":0,"vertical":0,"blur":17,"spread":-9,"color":"rgba(0,0,0,0.5)"},"margin":{"unit":"px","top":"15","right":"15","bottom":"15","left":"15","isLinked":true},"padding":{"unit":"px","top":"20","right":"20","bottom":"20","left":"20","isLinked":true},"margin_tablet":{"unit":"px","top":"10","right":"10","bottom":"10","left":"10","isLinked":true},"padding_tablet":{"unit":"px","top":"10","right":"10","bottom":"10","left":"10","isLinked":true}},"elements":[{"id":"5993864d","settings":{"selected_icon":{"value":"fas fa-rocket","library":"fa-solid"},"view":"stacked","size":{"unit":"px","size":35,"sizes":[]},"icon_padding":{"unit":"px","size":20,"sizes":[]},"_css_classes":"keunggulan","custom_css":".keunggulan.elementor-widget-icon.elementor-view-stacked .elementor-icon {    box-shadow: 0 18px 32px rgba(0,0,0,.28);background: #6c9;\n    background: -moz-linear-gradient(45deg,rgba(32, 94, 155,1) 0,rgba(5, 117, 230,1) 50%,rgba(32, 94, 155,1) 100%);\n    background: -webkit-linear-gradient(45deg,rgba(32, 94, 155,1) 0,rgba(5, 117, 230,1) 50%,rgba(32, 94, 155,1) 100%);\n    background: linear-gradient(45deg,rgba(32, 94, 155,1) 0,rgba(5, 117, 230,1) 50%,rgba(32, 94, 155,1) 100%);}","size_mobile":{"unit":"px","size":30,"sizes":[]}},"elements":[],"isInner":false,"widgetType":"icon","elType":"widget"},{"id":"ecc1e1e","settings":{"title":"Pengerjaan Cepat","header_size":"p","align":"center","title_color":"#555555","typography_typography":"custom","typography_font_size":{"unit":"px","size":20,"sizes":[]},"typography_font_weight":"800","_margin":{"unit":"px","top":"10","right":"0","bottom":"0","left":"0","isLinked":false},"_margin_mobile":{"unit":"px","top":"0","right":"0","bottom":"0","left":"0","isLinked":false},"typography_font_family":"Quicksand"},"elements":[],"isInner":false,"widgetType":"heading","elType":"widget"},{"id":"163abb55","settings":{"editor":"<p>Kami punya tim ahli yang pengalaman mengerjakan kolam renang, sehingga jangan diragukan pengerjaannya.<\/p>","align":"center","text_color":"#555555","typography_typography":"custom","typography_font_size":{"unit":"px","size":15,"sizes":[]},"_margin":{"unit":"px","top":"-5","right":"0","bottom":"0","left":"0","isLinked":false},"typography_font_weight":"500","typography_line_height_mobile":{"unit":"em","size":1.3,"sizes":[]},"_margin_mobile":{"unit":"px","top":"-10","right":"0","bottom":"-10","left":"0","isLinked":false},"typography_font_family":"Quicksand","typography_line_height":{"unit":"em","size":1.3,"sizes":[]}},"elements":[],"isInner":false,"widgetType":"text-editor","elType":"widget"}],"isInner":true,"elType":"column"},{"id":"5bf6add5","settings":{"_column_size":33,"_inline_size":null,"background_background":"classic","background_color":"#ffffff","border_radius":{"unit":"px","top":"10","right":"10","bottom":"10","left":"10","isLinked":true},"box_shadow_box_shadow_type":"yes","box_shadow_box_shadow":{"horizontal":0,"vertical":0,"blur":17,"spread":-9,"color":"rgba(0,0,0,0.5)"},"margin":{"unit":"px","top":"15","right":"15","bottom":"15","left":"15","isLinked":true},"padding":{"unit":"px","top":"20","right":"20","bottom":"20","left":"20","isLinked":true},"margin_tablet":{"unit":"px","top":"10","right":"10","bottom":"10","left":"10","isLinked":true},"padding_tablet":{"unit":"px","top":"10","right":"10","bottom":"10","left":"10","isLinked":false}},"elements":[{"id":"1d0ce086","settings":{"selected_icon":{"value":"fas fa-globe-americas","library":"fa-solid"},"view":"stacked","size":{"unit":"px","size":35,"sizes":[]},"icon_padding":{"unit":"px","size":20,"sizes":[]},"_css_classes":"keunggulan","custom_css":".keunggulan.elementor-widget-icon.elementor-view-stacked .elementor-icon {    box-shadow: 0 18px 32px rgba(0,0,0,.28);background: #6c9;\n    background: -moz-linear-gradient(45deg,rgba(32, 94, 155,1) 0,rgba(5, 117, 230,1) 50%,rgba(32, 94, 155,1) 100%);\n    background: -webkit-linear-gradient(45deg,rgba(32, 94, 155,1) 0,rgba(5, 117, 230,1) 50%,rgba(32, 94, 155,1) 100%);\n    background: linear-gradient(45deg,rgba(32, 94, 155,1) 0,rgba(5, 117, 230,1) 50%,rgba(32, 94, 155,1) 100%);}","size_mobile":{"unit":"px","size":30,"sizes":[]}},"elements":[],"isInner":false,"widgetType":"icon","elType":"widget"},{"id":"799cfd34","settings":{"title":"Proyek di Seluruh Indonesia","header_size":"p","align":"center","title_color":"#555555","typography_typography":"custom","typography_font_size":{"unit":"px","size":20,"sizes":[]},"typography_font_weight":"800","_margin":{"unit":"px","top":"10","right":"0","bottom":"0","left":"0","isLinked":false},"_margin_mobile":{"unit":"px","top":"0","right":"0","bottom":"0","left":"0","isLinked":false},"typography_font_family":"Quicksand"},"elements":[],"isInner":false,"widgetType":"heading","elType":"widget"},{"id":"c858c49","settings":{"editor":"<p>Berpengalaman mengerjakan proyek kolam renang dan waterboom di berbagai kota di seluruh Indonesia.<\/p>","align":"center","text_color":"#555555","typography_typography":"custom","typography_font_size":{"unit":"px","size":15,"sizes":[]},"_margin":{"unit":"px","top":"-5","right":"0","bottom":"0","left":"0","isLinked":false},"typography_font_weight":"500","typography_line_height_mobile":{"unit":"em","size":1.3,"sizes":[]},"_margin_mobile":{"unit":"px","top":"-10","right":"0","bottom":"-10","left":"0","isLinked":false},"typography_font_family":"Quicksand","typography_line_height":{"unit":"em","size":1.3,"sizes":[]}},"elements":[],"isInner":false,"widgetType":"text-editor","elType":"widget"}],"isInner":true,"elType":"column"}],"isInner":true,"elType":"section"},{"id":"382cbad2","settings":{"structure":"30","padding_tablet":{"unit":"px","top":"0","right":"0","bottom":"20","left":"0","isLinked":false},"padding_mobile":{"unit":"px","top":"0","right":"0","bottom":"20","left":"0","isLinked":false}},"elements":[{"id":"70cc4e62","settings":{"_column_size":33,"_inline_size":null,"background_background":"classic","background_color":"#ffffff","border_radius":{"unit":"px","top":"10","right":"10","bottom":"10","left":"10","isLinked":true},"box_shadow_box_shadow_type":"yes","box_shadow_box_shadow":{"horizontal":0,"vertical":0,"blur":17,"spread":-9,"color":"rgba(0,0,0,0.5)"},"margin":{"unit":"px","top":"15","right":"15","bottom":"15","left":"15","isLinked":true},"padding":{"unit":"px","top":"20","right":"20","bottom":"20","left":"20","isLinked":true},"margin_tablet":{"unit":"px","top":"10","right":"10","bottom":"10","left":"10","isLinked":true},"padding_tablet":{"unit":"px","top":"10","right":"10","bottom":"10","left":"10","isLinked":true}},"elements":[{"id":"4e6cd1db","settings":{"selected_icon":{"value":"fas fa-laptop","library":"fa-solid"},"view":"stacked","size":{"unit":"px","size":35,"sizes":[]},"icon_padding":{"unit":"px","size":20,"sizes":[]},"_css_classes":"keunggulan","custom_css":".keunggulan.elementor-widget-icon.elementor-view-stacked .elementor-icon {    box-shadow: 0 18px 32px rgba(0,0,0,.28);background: #6c9;\n    background: -moz-linear-gradient(45deg,rgba(32, 94, 155,1) 0,rgba(5, 117, 230,1) 50%,rgba(32, 94, 155,1) 100%);\n    background: -webkit-linear-gradient(45deg,rgba(32, 94, 155,1) 0,rgba(5, 117, 230,1) 50%,rgba(32, 94, 155,1) 100%);\n    background: linear-gradient(45deg,rgba(32, 94, 155,1) 0,rgba(5, 117, 230,1) 50%,rgba(32, 94, 155,1) 100%);}","size_mobile":{"unit":"px","size":30,"sizes":[]}},"elements":[],"isInner":false,"widgetType":"icon","elType":"widget"},{"id":"55c2e696","settings":{"title":"Desain Komputer","header_size":"p","align":"center","title_color":"#555555","typography_typography":"custom","typography_font_size":{"unit":"px","size":20,"sizes":[]},"typography_font_weight":"800","_margin":{"unit":"px","top":"10","right":"0","bottom":"0","left":"0","isLinked":false},"_margin_mobile":{"unit":"px","top":"0","right":"0","bottom":"0","left":"0","isLinked":false},"typography_font_family":"Quicksand"},"elements":[],"isInner":false,"widgetType":"heading","elType":"widget"},{"id":"b6f1498","settings":{"editor":"<p>Kami mendesign kolam renang maupun waterboom menggunakan komputer, sehingga akan lebih presisi.<\/p>","align":"center","text_color":"#555555","typography_typography":"custom","typography_font_size":{"unit":"px","size":15,"sizes":[]},"_margin":{"unit":"px","top":"-5","right":"0","bottom":"0","left":"0","isLinked":false},"typography_font_weight":"500","typography_line_height_mobile":{"unit":"em","size":1.3,"sizes":[]},"_margin_mobile":{"unit":"px","top":"-10","right":"0","bottom":"-10","left":"0","isLinked":false},"typography_font_family":"Quicksand","typography_line_height":{"unit":"em","size":1.3,"sizes":[]}},"elements":[],"isInner":false,"widgetType":"text-editor","elType":"widget"}],"isInner":true,"elType":"column"},{"id":"53d9a681","settings":{"_column_size":33,"_inline_size":null,"background_background":"classic","background_color":"#ffffff","border_radius":{"unit":"px","top":"10","right":"10","bottom":"10","left":"10","isLinked":true},"box_shadow_box_shadow_type":"yes","box_shadow_box_shadow":{"horizontal":0,"vertical":0,"blur":17,"spread":-9,"color":"rgba(0,0,0,0.5)"},"margin":{"unit":"px","top":"15","right":"15","bottom":"15","left":"15","isLinked":true},"padding":{"unit":"px","top":"20","right":"20","bottom":"20","left":"20","isLinked":true},"margin_tablet":{"unit":"px","top":"10","right":"10","bottom":"10","left":"10","isLinked":true},"padding_tablet":{"unit":"px","top":"10","right":"10","bottom":"10","left":"10","isLinked":true}},"elements":[{"id":"60b7d1c4","settings":{"selected_icon":{"value":"fas fa-users-cog","library":"fa-solid"},"view":"stacked","size":{"unit":"px","size":35,"sizes":[]},"icon_padding":{"unit":"px","size":20,"sizes":[]},"_css_classes":"keunggulan","custom_css":".keunggulan.elementor-widget-icon.elementor-view-stacked .elementor-icon {    box-shadow: 0 18px 32px rgba(0,0,0,.28);background: #6c9;\n    background: -moz-linear-gradient(45deg,rgba(32, 94, 155,1) 0,rgba(5, 117, 230,1) 50%,rgba(32, 94, 155,1) 100%);\n    background: -webkit-linear-gradient(45deg,rgba(32, 94, 155,1) 0,rgba(5, 117, 230,1) 50%,rgba(32, 94, 155,1) 100%);\n    background: linear-gradient(45deg,rgba(32, 94, 155,1) 0,rgba(5, 117, 230,1) 50%,rgba(32, 94, 155,1) 100%);}","size_mobile":{"unit":"px","size":30,"sizes":[]}},"elements":[],"isInner":false,"widgetType":"icon","elType":"widget"},{"id":"29fcf679","settings":{"title":"Tenaga Terampil","header_size":"p","align":"center","title_color":"#555555","typography_typography":"custom","typography_font_size":{"unit":"px","size":20,"sizes":[]},"typography_font_weight":"800","_margin":{"unit":"px","top":"10","right":"0","bottom":"0","left":"0","isLinked":false},"_margin_mobile":{"unit":"px","top":"0","right":"0","bottom":"0","left":"0","isLinked":false},"typography_font_family":"Quicksand"},"elements":[],"isInner":false,"widgetType":"heading","elType":"widget"},{"id":"25cee23a","settings":{"editor":"<p>Tim kami telah melalui banyak pendidikan dan pelatihan agar bisa membuat kolam renang yang berkualitas terbaik.<\/p>","align":"center","text_color":"#555555","typography_typography":"custom","typography_font_size":{"unit":"px","size":15,"sizes":[]},"_margin":{"unit":"px","top":"-5","right":"0","bottom":"0","left":"0","isLinked":false},"typography_font_weight":"500","typography_line_height_mobile":{"unit":"em","size":1.3,"sizes":[]},"_margin_mobile":{"unit":"px","top":"-10","right":"0","bottom":"-10","left":"0","isLinked":false},"typography_font_family":"Quicksand","typography_line_height":{"unit":"em","size":1.3,"sizes":[]}},"elements":[],"isInner":false,"widgetType":"text-editor","elType":"widget"}],"isInner":true,"elType":"column"},{"id":"4b1fbdc7","settings":{"_column_size":33,"_inline_size":null,"background_background":"classic","background_color":"#ffffff","border_radius":{"unit":"px","top":"10","right":"10","bottom":"10","left":"10","isLinked":true},"box_shadow_box_shadow_type":"yes","box_shadow_box_shadow":{"horizontal":0,"vertical":0,"blur":17,"spread":-9,"color":"rgba(0,0,0,0.5)"},"margin":{"unit":"px","top":"15","right":"15","bottom":"15","left":"15","isLinked":true},"padding":{"unit":"px","top":"20","right":"20","bottom":"20","left":"20","isLinked":true},"margin_tablet":{"unit":"px","top":"10","right":"10","bottom":"10","left":"10","isLinked":true},"padding_tablet":{"unit":"px","top":"10","right":"10","bottom":"10","left":"10","isLinked":true}},"elements":[{"id":"2337a53b","settings":{"selected_icon":{"value":"fas fa-shield-alt","library":"fa-solid"},"view":"stacked","size":{"unit":"px","size":35,"sizes":[]},"icon_padding":{"unit":"px","size":20,"sizes":[]},"_css_classes":"keunggulan","custom_css":".keunggulan.elementor-widget-icon.elementor-view-stacked .elementor-icon {    box-shadow: 0 18px 32px rgba(0,0,0,.28);background: #6c9;\n    background: -moz-linear-gradient(45deg,rgba(32, 94, 155,1) 0,rgba(5, 117, 230,1) 50%,rgba(32, 94, 155,1) 100%);\n    background: -webkit-linear-gradient(45deg,rgba(32, 94, 155,1) 0,rgba(5, 117, 230,1) 50%,rgba(32, 94, 155,1) 100%);\n    background: linear-gradient(45deg,rgba(32, 94, 155,1) 0,rgba(5, 117, 230,1) 50%,rgba(32, 94, 155,1) 100%);}","size_mobile":{"unit":"px","size":30,"sizes":[]}},"elements":[],"isInner":false,"widgetType":"icon","elType":"widget"},{"id":"749a34c8","settings":{"title":"Jaminan Kualitas","header_size":"p","align":"center","title_color":"#555555","typography_typography":"custom","typography_font_size":{"unit":"px","size":20,"sizes":[]},"typography_font_weight":"800","_margin":{"unit":"px","top":"10","right":"0","bottom":"0","left":"0","isLinked":false},"_margin_mobile":{"unit":"px","top":"0","right":"0","bottom":"0","left":"0","isLinked":false},"typography_font_family":"Quicksand"},"elements":[],"isInner":false,"widgetType":"heading","elType":"widget"},{"id":"2f0b2026","settings":{"editor":"<p>Kami menggunakan bahan material yang terjamin kualitasnya selama bertahun tahun untuk membuat kolam renang.<\/p>","align":"center","text_color":"#555555","typography_typography":"custom","typography_font_size":{"unit":"px","size":15,"sizes":[]},"_margin":{"unit":"px","top":"-5","right":"0","bottom":"0","left":"0","isLinked":false},"typography_font_weight":"500","typography_line_height_mobile":{"unit":"em","size":1.3,"sizes":[]},"_margin_mobile":{"unit":"px","top":"-10","right":"0","bottom":"-10","left":"0","isLinked":false},"typography_font_family":"Quicksand","typography_line_height":{"unit":"em","size":1.3,"sizes":[]}},"elements":[],"isInner":false,"widgetType":"text-editor","elType":"widget"}],"isInner":true,"elType":"column"}],"isInner":true,"elType":"section"}],"isInner":false,"elType":"column"}],"isInner":false,"elType":"section"},{"id":"579266bc","settings":{"padding":{"unit":"px","top":"60","right":"0","bottom":"40","left":"0","isLinked":false},"background_background":"gradient","background_color":"#0575e6","background_color_b":"#205e9b","background_gradient_type":"radial","padding_tablet":{"unit":"px","top":"50","right":"0","bottom":"20","left":"0","isLinked":false},"padding_mobile":{"unit":"px","top":"050","right":"0","bottom":"020","left":"0","isLinked":false},"content_width":{"unit":"px","size":1000,"sizes":[]}},"elements":[{"id":"329ae3ec","settings":{"_column_size":100},"elements":[{"id":"7e5ea58e","settings":{"title":"Model Kolam Renang","align":"center","title_color":"#ffffff","typography_typography":"custom","typography_font_size":{"unit":"px","size":26,"sizes":[]},"typography_font_weight":"800","header_size":"h6","typography_font_family":"Quicksand"},"elements":[],"isInner":false,"widgetType":"heading","elType":"widget"},{"id":"131b960a","settings":{"weight":{"unit":"px","size":3,"sizes":[]},"width":{"unit":"%","size":5,"sizes":[]},"align":"center","gap":{"unit":"px","size":0,"sizes":[]},"color":"#ffffff","text":"Divider"},"elements":[],"isInner":false,"widgetType":"divider","elType":"widget"},{"id":"4c609c36","settings":{"wp_gallery":[{"id":480,"url":"https:\/\/wordpress-118914-1748443.cloudwaysapps.com\/wp-content\/uploads\/2021\/02\/jasa-kontraktor-kolam-renang0.jpg"},{"id":481,"url":"https:\/\/wordpress-118914-1748443.cloudwaysapps.com\/wp-content\/uploads\/2021\/02\/jasa-kontraktor-kolam-renang1.jpg"},{"id":482,"url":"https:\/\/wordpress-118914-1748443.cloudwaysapps.com\/wp-content\/uploads\/2021\/02\/jasa-kontraktor-kolam-renang2.jpg"},{"id":483,"url":"https:\/\/wordpress-118914-1748443.cloudwaysapps.com\/wp-content\/uploads\/2021\/02\/jasa-kontraktor-kolam-renang3.jpg"},{"id":484,"url":"https:\/\/wordpress-118914-1748443.cloudwaysapps.com\/wp-content\/uploads\/2021\/02\/jasa-kontraktor-kolam-renang4.jpg"},{"id":485,"url":"https:\/\/wordpress-118914-1748443.cloudwaysapps.com\/wp-content\/uploads\/2021\/02\/jasa-kontraktor-kolam-renang5.jpg"}],"thumbnail_size":"medium_large","gallery_columns":"3","image_spacing":"custom","image_spacing_custom":{"unit":"px","size":20,"sizes":[]},"image_border_border":"solid","image_border_width":{"unit":"px","top":"5","right":"5","bottom":"5","left":"5","isLinked":true},"image_border_color":"#FFFFFF","custom_css":"@media screen and (max-width:767px) {\r\n\r\n#gallery-1 {\r\n        margin: auto;\r\n      }\r\n      #gallery-1 .gallery-item {\r\n        margin-top: 10px;\r\n        text-align: center;\r\n        width: 33%;\r\n        padding:0 3px;\r\n      }\r\n      #gallery-1 img {\r\n        border: 2px solid #fff;\r\n      }\r\n}"},"elements":[],"isInner":false,"widgetType":"image-gallery","elType":"widget"}],"isInner":false,"elType":"column"}],"isInner":false,"elType":"section"},{"id":"183d8749","settings":{"content_width":{"unit":"px","size":800,"sizes":[]},"background_background":"classic","background_color":"#ffffff","shape_divider_top_color":"#efefef","margin":{"unit":"px","top":"0","right":0,"bottom":"0","left":0,"isLinked":false},"margin_tablet":{"unit":"px","top":"-10","right":0,"bottom":"0","left":0,"isLinked":false},"margin_mobile":{"unit":"px","top":"0","right":0,"bottom":"0","left":0,"isLinked":false},"padding":{"unit":"px","top":"60","right":"0","bottom":"40","left":"0","isLinked":false},"padding_tablet":{"unit":"px","top":"50","right":"0","bottom":"20","left":"0","isLinked":false},"padding_mobile":{"unit":"px","top":"70","right":"0","bottom":"20","left":"0","isLinked":false},"background_overlay_background":"classic","background_overlay_image":{"id":486,"url":"https:\/\/wordpress-118914-1748443.cloudwaysapps.com\/wp-content\/uploads\/2021\/02\/BG-home-new4-min1.png"},"background_overlay_position":"bottom center","background_overlay_repeat":"no-repeat","background_overlay_size":"contain","background_overlay_opacity":{"unit":"px","size":1,"sizes":[]}},"elements":[{"id":"328f5c51","settings":{"_column_size":100},"elements":[{"id":"5732f1d7","settings":{"image":{"id":"353","url":"https:\/\/wordpress-118914-1748443.cloudwaysapps.com\/wp-content\/uploads\/2021\/02\/kontraktor-kolam-renang1.png"},"space":{"unit":"px","size":490,"sizes":[]},"space_mobile":{"unit":"%","size":100,"sizes":[]}},"elements":[],"isInner":false,"widgetType":"image","elType":"widget"},{"id":"72d51deb","settings":{"title":"Ingin Membangun Kolam Renang? Beginilah Tips Memilih dan Ciri Kontraktor Kolam Renang yang Baik","align":"left","title_color":"#555555","typography_typography":"custom","typography_font_size":{"unit":"px","size":26,"sizes":[]},"typography_font_weight":"800","_padding_tablet":{"unit":"px","top":"38","right":"0","bottom":"0","left":"0","isLinked":false},"_padding_mobile":{"unit":"px","top":"20","right":"0","bottom":"0","left":"0","isLinked":false},"align_mobile":"left","header_size":"h6","typography_font_family":"Quicksand","typography_line_height":{"unit":"em","size":1.3,"sizes":[]}},"elements":[],"isInner":false,"widgetType":"heading","elType":"widget"},{"id":"2dd82e38","settings":{"editor":"<p>Memiliki kolam renang sendiri di rumah tentulah menyenangkan. Hal itu karena jika Anda ingin berenang kapan saja, Anda tidak perlu untuk pergi dan membayar ke waterboom ataupun tempat wisata olahraga air lainnya. Tidak hanya itu, memiliki kolam renang pribadi di rumah, Anda tidak perlu bercampur dengan banyak orang untuk bisa bermain air. Dengan begitu, Anda bisa lebih nyaman serta dapat terhindar dari penyakit yang mungkin dapat menular karena penggunaan kolam renang bersama-sama.<\/p><p>Mempunyai kolam renang di rumah saat ini bukanlah hal yang mustahil. Bahkan di lahan rumah yang tidak cukup besar pun Anda bisa membangun dan mempunyai kolam renang pribadi. Tentunya hal itu harus menggunakan bantuan ahlinya atau orang yang sudah berpengalaman, seperti jasa pembuat atau kontraktor kolam renang.<\/p><p>Nah, jika Anda ingin membuat kolam renang pribadi di rumah, tapi masih bingung mencari kontraktor atau jasa pembuat kolam renang yang terbaik dan terpercaya, Anda tidak perlu bingung sekarang. Itu karena di artikel ini akan membahas hal-hal mengenai kontraktor tersebut, mulai dari ciri, tips memilih hingga hal mengenai biaya pembangunan kolam renang. Namun, sebelum ke pembahasan-pembahasan tersebut, mari ketahui lebih dahulu berbagai manfaat atau keuntungan mempunyai kolam renang di rumah. Berikut adalah pembahasannya.<\/p><p><b>Manfaat-Manfaat Punya Kolam Renang Sendiri di Rumah<\/b><\/p><p>1. Berenang Menjadi Lebih Leluasa<\/p><p>Jika sewa kolam renang, Anda akan berenang bersama dengan para pengunjung lainnya yang juga menyewa. Tentu akan membuat Anda jadi kurang leluasa untuk berenang. Apalagi jika Anda pergi berenang bersama keluarga atau anak-anak, Anda harus mengawasi mereka di tempat kolam renang yang luas. Hal ini pastinya akan membuat Anda kurang maksimal dalam menghabiskan waktu untuk olahraga renang.<\/p><p>2. Bisa Memaksimalkan Waktu dengan Keluarga<\/p><p>Mempunyai kolam renang sendiri di rumah, selain Anda tidak perlu khawatir mengenai pengawasan terhadap anak-anak, Anda juga bisa sekalian mengajarkan cara berenang pada mereka dengan lebih hemat. Nah, mengajarkan anak untuk bisa olahraga renang tentu akan membuat waktu Anda lebih banyak dihabiskan dengan mereka. Itulah saat yang tepat juga untuk memaksimalkan quality time dengan keluarga.<\/p><p>3. Kebersihan Kolam Renang Terjaga<\/p><p>Salah satu hal yang kurang menyenangkan jika berenang di kolam renang umum adalah mengenai kebersihan kolam yang kurang terjaga. Seperti yang diketahui jika kolam renang umum yang menggunakan adalah orang banyak dari berbagai tempat maupun kondisi. Sementara itu pihak pengelola kolam renang umum hanya membersihkan kolam tersebut di saat-saat yang tertentu Pastinya jika berenang di tempat yang kotor akan membuat kurang nyaman untuk diri sendiri. Belum lagi adanya ketakutan tertular penyakit dari orang lain. Maka dari itu, lebih baik mempunyai kolam renang di rumah yang kebersihannya bisa dipantau dan dijaga dengan pembersihan yang rutin.<\/p><p>Itulah beberapa manfaat mempunyai kolam renang pribadi. Maka dari itu, tidak ada salahnya jika Anda membangun kolam renang sendiri di rumah. Tapi, harus ingat untuk menggunakan jasa pembuat atau kontraktor yang sudah ahli dan berpengalaman. <br \/>Nah, bagi Anda yang kesulitan mencari kontraktor yang bagus dan terpercaya. Tentu untuk lebih memudahkan, Anda harus tahu bagaimana ciri dari kontraktor atau jasa bangun kolam renang yang terbaik, begitupun cara atau tips memilihnya. Oleh karena itu, berikut ini akan dibahas mengenai hal-hal tersebut. Mari simak!<\/p><p><b>Ciri-Ciri Jasa Pembuatan Kolam Renang yang Terpercaya dan Bagus<\/b><\/p><p>1. Tim Kerja<\/p><p>Jasa pembuat atau pembangun kolam renang yang bagus dan berkualitas tentu mempunyai tim kerja baik dan handal. Jika Anda menemukan jasa kontraktor yang seperti itu, maka bisa dipastikan jika hasil kerja mereka bisa sesuai dengan yang Anda ataupun pengguna jasa lainnya serta memuaskan. Seperti yang diketahui, jika dalam pembuatan ataupun pembangunan suatu hal, selain material yang berkualitas, sumber daya manusia yang mengerjakan pembuatan atau pembangunan tersebut juga berpengaruh pada kualitas hasilnya.<\/p><p>2. Memberikan Solusi yang Tepat<\/p><p>Ketika akan membangun kolam renang pribadi di rumah, tentu ada banyak hal atau permasalahan yang dipikirkan. Mulai dari ukuran, model, desain hingga lahan yang digunakan untuk membangun. Nah, jika Anda menggunakan jasa buat kolam renang yang bagus dan berkualitas, tentu mampu memberikan solusi yang paling tetap mengenai berbagai hal di atas. Biasanya jasa yang sudah terpercaya akan memberikan jasa konsultan gratis untuk para konsumen agar permasalahan apapun yang dipikirkan mengenai pembangunan kolam renang bisa terselesaikan sebaik mungkin.<\/p><p>3. Memiliki Berbagai Macam Pelayanan yang Bagus<\/p><p>Ciri jasa buat kolam renang yang bagus dan berkualitas selanjutnya adalah memberikan layanan yang beragam dan terbaik. Semakin beragam layanan yang ditawarkan dan diberikan pada pelanggan, maka semakin menunjukkan jika jasa tersebut adalah jasa yang profesional dan sudah handal. Misalnya layanan yang ditawarkan tidak hanya jasa pembuatan, namun juga jasa perawatan, renovasi hingga maintenance kolam renang.<\/p><p>4. Berpengalaman Luas<\/p><p>Memiliki pengalaman yang luas adalah ciri yang berikutnya. Jika sebuah jasa kontraktor yang buat kolam renang tidak mempunyai pengalaman, maka jasa tersebut tidak bisa dibilang sebagai ahli. Dengan pengalaman yang banyak jasa kontraktor tentu sudah terbiasa mengatasi berbagai masalah yang terjadi di lapangan maupun yang dialami oleh para pengguna jasanya. Dengan begitu, Anda tidak perlu khawatir lagi dengan kinerja mereka.<\/p><p>5. Peralatan Kerja yang Lengkap<\/p><p>Sebagai sebuah jasa buat atau bangun kolam renang yang profesional dan handal, pastinya akan dibekali peralatan kerja yang lengkap, canggih dan modern. Penggunaan peralatan yang modern itu akan membuat waktu pembangunan atau pembuatan kolam renang menjadi lebih cepat. Dengan begitu, biaya yang dikeluarkan menjadi lebih murah. Selain itu, peralatan yang canggih dan modern akan mempermudah pekerjaan sehingga tidak menguras banyak tenaga.<\/p><p>Selanjutnya adalah cara atau tips memilih jasa pembuatan kolam renang agar Anda mendapatkan yang tepat dan terbaik. Begini tips tersebut.<\/p><p><b>Tips Memilih Jasa Kontraktor Kolam Renang<\/b><\/p><p>Ada beberapa hal yang harus Anda perhatikan ketika memilih sebuah jasa kontraktor untuk membuat kolam renang. Nah, berikut adalah berbagai hal itu. <\/p><p>1. Mengenali dan Meneliti Jasa<\/p><p>Hal yang harus Anda perhatikan dan lakukan pertama kali saat akan memilih jasa untuk pembuatan kolam renang adalah meneliti dan mengenali lebih dahulu jasa tersebut. Hal ini penting Anda lakukan sebelum memutuskan untuk menggunakan jasa tersebut. Jangan sampai Anda langsung setuju dengan tawaran jasa kontraktor padahal belum mengenal betul ataupun memahami poin-poin yang penting. Jika Anda sampai seperti, bukan kecil kemungkinan jika Anda bisa saja malah tidak mendapatkan kolam renang yang tidak sesuai keinginan. Apalagi jika sampai ada oknum tidak bertanggung jawab yang mengatasnamakan jasa buat kolam renang, namun malah memiliki niat lainnya seperti menipu.<\/p><p>2. Melihat dan Mempelajari Jasa<\/p><p>Hal kedua yang harus Anda perhatikan dan lakukan adalah melihat dan mempelajari tentang jasa buat kolam renang. Maksudnya di sini adalah Anda harus melihat dan mempelajari mengenai desain-desain kolam renang yang disediakan oleh jasa kontraktor. Dengan adanya desain-desain tersebut, Anda akan lebih menemukan bentuk kolam renang yang diinginkan. Selain itu, Anda pun bisa untuk melakukan beberapa revisi bentuk apabila ingin ada detail yang berbeda atau detail tambahan. <\/p><p>3. Sesuaikan Harga<\/p><p>Anda harus menyesuaikan antara harga dengan tukang yang mengerjakan pembangunan kolam renang. Sebaiknya Anda menyesuaikan dengan detail dan rinci mengenai hal tersebut. Ini dimaksudkan agar tidak ada atau tidak terjadi komunikasi yang kurang maupun salah yang bisa saja menyebabkan kerugian bagi salah satu ataupun kedua belah pihak. Maka Anda harus benar-benar berhati-hati dalam hal ini. <\/p><p>4. Sesuaikan Budget<\/p><p>Tentu ketika membuat atau membangun sesuatu, Anda harus memperhatikan dan memikirkan tentang budget yang akan digunakan dan budget yang dimiliki. Tentu Anda harus membuat kolam renang yang sesuai dengan budget yang dimiliki agar tidak boros atau malah menjadi masalah di kedepannya. Jika Anda memiliki desain kolam renang sendiri yang diinginkan, Anda seharusnya melakukan konsultasi lebih dahulu ke jasa kontraktor agar bisa disesuaikan dengan budget. Selain itu, budget yang Anda siapkan juga bisa disesuaikan dengan tujuan akan digunakannya kolam renang nanti, misalnya apakah akan digunakan untuk pribadi di rumah, untuk bisnis, atau untuk di kantor dan hotel. <\/p><p>Nah, itulah ciri sekaligus cara atau tips memilih jasa untuk pembuatan kolam renang yang berkualitas dan terbaik. Jika Anda sedang mencari jasa pembangunan kolam renang yang bagus di Kediri, ada satu jasa kontraktor bagus yang direkomendasikan. Jasa tersebut adalah Raga Pool dari PT. Raga Gunawan Mandiri. Ini merupakan perusahaan rintisan yang bergerak pada bidang konstruksi atau pembuatan kolam renang. Jasa kontraktor ini siap untuk mengerjakan proyek kolam renang untuk pribadi di rumah ataupun untuk perusahaan hingga pemerintah. Tidak hanya itu, Raga Pool juga bisa mengerjakan pembuatan kolam renang untuk umum, waterboom, hingga kolam renang yang digunakan untuk berkompetisi. Raga Pool ini sudah sangat berpengalaman dalam pembangunan kolam renang yang berkualitas. Anda bisa mengecek, melihat dan mempelajari tentang jasa kontraktor yang satu ini dengan mengunjungi website-nya yaitu kontraktorwaterboom.id. Anda juga bisa datang langsung ke alamat jasa kontraktor tersebut di Perum wisma katang VII B No.18, Katang, Sukorejo, Kec. Ngasem, Kediri, Jawa Timur 64182. <\/p><p>Tidak hanya ciri dan juga tips memilih jasa kontraktor yang harus Anda ketahui saat akan membangun kolam renang di rumah. Namun, mengenai biaya pembuatannya juga. Ada beberapa hal tentu saja yang menjadi faktor yang mempengaruhi biaya pembuatan sebuah kolam renang apakah mahal atau murah. Nah, beberapa faktor tersebut tentu harus Anda ketahui. Dengan begitu, Anda akan lebih mudah dalam mengira biaya yang akan digunakan nantinya. Berikut adalah berbagai faktor tersebut.<\/p><p><b>Faktor-Faktor yang Mempengaruhi Biaya dari Pembuatan Kolam Renang<\/b><\/p><p>1. Lokasi Pembuatan Kolam Renang<\/p><p>Jasa kontraktor dalam pembuatan kolam renang seringkali memasukkan lokasi pembuatan ke item biaya yang harus dibayarkan oleh pengguna jasanya. Hal itu karena akses maupun kondisi lokasi yang menyulitkan para pekerja bisa berdampak pada biaya akomodasi. Dengan begitu, Anda tidak bingung atau bahkan melakukan komplain karena harga pembuatan kolam renang yang lebih mahal dibandingkan pengguna jasa lainnya. <\/p><p>2. Set Mesin Pompa dan Filter Kolam Renang<\/p><p>Adanya set mesin pompa serta filter kolam renang juga berpengaruh pada biaya pembuatan kolam renang. Mengapa begitu? Itu karena setiap merk serta perlengkapannya punya standar harga dan kualitas yang berbeda. Selain itu, jika ukuran kolam renang besar, maka pompa yang dibutuhkan tentu juga berkapasitas besar. Sehingga, perhitungan biaya yang harus dikeluarkan juga akan berbeda bila set pompa dan filter yang digunakan lebih kecil. <\/p><p>3. Tipe Sirkulasi Air di Kolam Renang<\/p><p>Ada tiga tipe sirkulasi air pada kolam renang yang bisa Anda pilih. Tentunya setiap tipe tersebut mempunyai biaya pengerjaan yang berbeda dilihat dari kesulitan dan kompleks-nya. Nah, berikut adalah tiga tipe tersebut:<\/p><p>a. Full Overflow<br \/>Cara kerja dari sistem sirkulasi ini adalah dengan membuat air kolam segaja tumpah di bagian-bagian bibir kolam. Tumpahan tersebut lalu akan masuk ke saluran penampung limpahan air kolam atau gutter, yang kemudian akan disalurkan ke balancing tank atau tangki penyeimbang. Di dalam tangki, air akan disaring lalu dialirkan lagi ke kolam renang.<\/p><p>b. Semi Overflow<br \/>Sistem ini bekerja dengan mengkondisikan supaya air kolam renang yang tumpah pada bagian luar kolam tapi di bagian yang tertentu. Dalam sistem ini disyaratkan sarana tambahan seperti gutter, tangki penyeimbang, ruang mesin dan kit-kit lainnya. <\/p><p>c. Skimmer<br \/>Sistem sirkulasi yang ini berbeda dengan dua sistem di atas. Dimana sistem ini adalah dengan membuat air kolam tidak tampak tumpah. Biasanya ini dilakukan dengan membangun dinding kolam renang yang lebih tinggi dibandingkan permukaan air. <\/p><p>Selain, ada faktor-faktor di atas, ada juga beberapa tips hemat dalam membangun kolam renang yang bisa Anda coba. Di bawah ini tips-tips tersebut.<\/p><p><b>Tips Hemat Bangun Kolam Renang<\/b><\/p><p>1. Pilihlah lokasi konstruksi yang mempunyai struktur tanah kuat dan tidak bergeser. Hal ini bertujuan supaya pondasi dari kolam renang dan lantainya nanti tidak mudah untuk retak. Dengan begitu, tidak perlu adanya desain yang lebih rumit, yang bisa saja membuat budget pembuatan membengkak. <\/p><p>2. Pakai jasa kontraktor kolam yang terpercaya, karena selain akan memberikan pelayanan yang terbaik, jasa tersebut bisa memberikan solusi yang paling tepat juga untuk para pengguna jasanya. Anda haruslah jeli dengan berbagai penawaran yang diberikan sebuah jasa kontraktor kolam. Jangan mudah terperdaya dengan harga yang murah, akan tetapi Anda juga harus perhatikan kualitas hasilnya. Ini bertujuan agar nantinya tidak akan membuat Anda repot ketika perlu dilakukannya maintenance. Anda bisa melihat dan menggali lebih dalam mengenai track record dari jasa kontraktor yang akan digunakan. Cari tahu mengenai bagaimana sistem pengerjaan yang digunakan, lalu apakah biaya yang ditawarkan sudah mencakup atau lengkap mulai dari perencanaan hingga jasa untuk perawatan yang berkala. Dengan begitu, Anda bisa lebih hemat untuk kedepannya. <\/p><p>Nah, demikian pembahasan di artikel ini mengenai kontraktor dan pembuatan kolam renang. Bila Anda mencari kontraktor kolam renang yang bagus di Kediri, maka Raga Pool pilihan yang tepat. Jasa kontraktor ini selain sudah sangat berpengalaman dalam membangun kolam renang, namun juga menawarkan berbagai pelayanan terbaik lainnya. <\/p>","typography_typography":"custom","typography_font_size":{"unit":"px","size":18,"sizes":[]},"typography_font_weight":"500","text_color":"#555555","_padding_mobile":{"unit":"px","top":"0","right":"0","bottom":"-10","left":"0","isLinked":false},"typography_font_size_mobile":{"unit":"px","size":16,"sizes":[]},"typography_font_family":"Quicksand"},"elements":[],"isInner":false,"widgetType":"text-editor","elType":"widget"},{"id":"b8b561","settings":{"share_buttons":[{"_id":"ed4dbea"},{"button":"twitter","_id":"7a68f90"},{"button":"linkedin","_id":"80163bd"},{"button":"whatsapp","_id":"5bb41a8"}],"view":"icon","skin":"minimal","shape":"circle","_margin":{"unit":"px","top":"-10","right":"0","bottom":"0","left":"0","isLinked":false},"alignment":"center","alignment_mobile":"left"},"elements":[],"isInner":false,"widgetType":"share-buttons","elType":"widget"}],"isInner":false,"elType":"column"}],"isInner":false,"elType":"section"},{"id":"6b779b54","settings":{"content_width":{"unit":"px","size":800,"sizes":[]},"background_background":"classic","background_color":"#D2E8FF","padding":{"unit":"px","top":"60","right":"0","bottom":"50","left":"0","isLinked":false},"custom_css":"selector .blok {color:#ffd700;}","padding_mobile":{"unit":"px","top":"050","right":"0","bottom":"50","left":"0","isLinked":false}},"elements":[{"id":"5de214ff","settings":{"_column_size":100,"_inline_size":null,"custom_css":"selector .blok {color:#ffd700;}"},"elements":[{"id":"5ed2d837","settings":{"title":"Cari Kontraktor Pembuatan dan Renovasi Kolam Renang Terpercaya ?","align":"center","title_color":"#205E9B","typography_typography":"custom","typography_font_size":{"unit":"px","size":30,"sizes":[]},"typography_font_weight":"800","header_size":"h6","_padding_tablet":{"unit":"px","top":"0","right":"0","bottom":"0","left":"0","isLinked":false},"_padding_mobile":{"unit":"px","top":"0","right":"0","bottom":"0","left":"0","isLinked":false},"typography_font_size_mobile":{"unit":"px","size":20,"sizes":[]},"typography_line_height":{"unit":"em","size":1.3,"sizes":[]},"typography_font_family":"Quicksand"},"elements":[],"isInner":false,"widgetType":"heading","elType":"widget"},{"id":"44495856","settings":{"title":"Anda ingin membuat kolam renang?","align":"center","title_color":"#333333","typography_typography":"custom","typography_font_size":{"unit":"px","size":19,"sizes":[]},"typography_font_weight":"500","header_size":"p","_padding_mobile":{"unit":"px","top":"0","right":"0","bottom":"0","left":"0","isLinked":false},"typography_font_size_mobile":{"unit":"px","size":16,"sizes":[]},"_margin":{"unit":"px","top":"0","right":"0","bottom":"0","left":"0","isLinked":false},"typography_font_family":"Quicksand"},"elements":[],"isInner":false,"widgetType":"heading","elType":"widget"},{"id":"3f636a6c","settings":{"title":"Bingung cari jasa renovasi kolam renang?","align":"center","title_color":"#333333","typography_typography":"custom","typography_font_size":{"unit":"px","size":19,"sizes":[]},"typography_font_weight":"500","header_size":"p","_padding_mobile":{"unit":"px","top":"0","right":"0","bottom":"0","left":"0","isLinked":false},"typography_font_size_mobile":{"unit":"px","size":16,"sizes":[]},"_margin":{"unit":"px","top":"-15","right":"0","bottom":"0","left":"0","isLinked":false},"_margin_mobile":{"unit":"px","top":"-15","right":"0","bottom":"0","left":"0","isLinked":false},"typography_font_family":"Quicksand"},"elements":[],"isInner":false,"widgetType":"heading","elType":"widget"},{"id":"4a0ecf73","settings":{"title":"Susah cari tukang yang berpengalaman?","align":"center","title_color":"#333333","typography_typography":"custom","typography_font_size":{"unit":"px","size":19,"sizes":[]},"typography_font_weight":"500","header_size":"p","_padding_mobile":{"unit":"px","top":"0","right":"0","bottom":"0","left":"0","isLinked":false},"typography_font_size_mobile":{"unit":"px","size":16,"sizes":[]},"_margin":{"unit":"px","top":"-15","right":"0","bottom":"0","left":"0","isLinked":false},"_margin_mobile":{"unit":"px","top":"-15","right":"0","bottom":"0","left":"0","isLinked":false},"typography_font_family":"Quicksand"},"elements":[],"isInner":false,"widgetType":"heading","elType":"widget"},{"id":"361f38bb","settings":{"title":"Khawatir dikecewakan kontraktor kolam renang abal-abal?","align":"center","title_color":"#333333","typography_typography":"custom","typography_font_size":{"unit":"px","size":19,"sizes":[]},"typography_font_weight":"500","header_size":"p","_padding_mobile":{"unit":"px","top":"0","right":"0","bottom":"0","left":"0","isLinked":false},"typography_font_size_mobile":{"unit":"px","size":16,"sizes":[]},"_margin":{"unit":"px","top":"-15","right":"0","bottom":"0","left":"0","isLinked":false},"_margin_mobile":{"unit":"px","top":"-15","right":"0","bottom":"0","left":"0","isLinked":false},"typography_font_family":"Quicksand"},"elements":[],"isInner":false,"widgetType":"heading","elType":"widget"},{"id":"599da6e4","settings":{"title":"Raga Pool siap membantu membuat Kolam Renang Impian Anda!","align":"center","title_color":"#333333","typography_typography":"custom","typography_font_size":{"unit":"px","size":19,"sizes":[]},"typography_font_weight":"800","header_size":"p","_padding_mobile":{"unit":"px","top":"0","right":"0","bottom":"0","left":"0","isLinked":false},"typography_font_size_mobile":{"unit":"px","size":16,"sizes":[]},"typography_line_height_mobile":{"unit":"em","size":1.3,"sizes":[]},"typography_font_family":"Quicksand"},"elements":[],"isInner":false,"widgetType":"heading","elType":"widget"},{"id":"52f1cc60","settings":{"text":"Konsultasi Sekarang!","link":{"url":"https:\/\/pesan.today\/kontraktorwaterboom-id-qiqi","is_external":"","nofollow":""},"align":"center","size":"lg","icon":"fa fa-shopping-cart","icon_indent":{"unit":"px","size":9,"sizes":[]},"background_color":"#FFD700","border_radius":{"unit":"px","top":"30","right":"30","bottom":"30","left":"30","isLinked":true},"_margin":{"unit":"px","top":"13","right":"0","bottom":"0","left":"0","isLinked":false},"_z_index":1,"_margin_mobile":{"unit":"px","top":"16","right":"0","bottom":"0","left":"0","isLinked":false},"hover_animation":"pulse-grow","button_box_shadow_box_shadow_type":"yes","button_box_shadow_box_shadow":{"horizontal":0,"vertical":11,"blur":30,"spread":-9,"color":"#F9F804"},"fb_value":"0","selected_icon":{"value":"fab fa-whatsapp","library":"fa-brands"},"__fa4_migrated":{"selected_icon":true},"button_text_color":"#000000","button_css_id":"wa-generic","align_tablet":"center","align_mobile":"center","typography_typography":"custom","typography_font_weight":"600","text_padding_mobile":{"unit":"px","top":"015","right":"30","bottom":"15","left":"30","isLinked":false},"typography_font_family":"Quicksand"},"elements":[],"isInner":false,"widgetType":"button","elType":"widget"}],"isInner":false,"elType":"column"}],"isInner":false,"elType":"section"},{"id":"387678c5","settings":{"background_background":"gradient","background_color":"#0575e6","background_color_b":"#205e9b","background_gradient_type":"radial","padding":{"unit":"px","top":"60","right":"0","bottom":"40","left":"0","isLinked":false},"margin_mobile":{"unit":"px","top":"0","right":0,"bottom":"0","left":0,"isLinked":false},"padding_tablet":{"unit":"px","top":"50","right":"0","bottom":"20","left":"0","isLinked":false},"padding_mobile":{"unit":"px","top":"70","right":"0","bottom":"20","left":"0","isLinked":false}},"elements":[{"id":"4ed25523","settings":{"_column_size":100,"_inline_size":null},"elements":[{"id":"25ec6155","settings":{"title":"Contact &amp; Map","align":"center","title_color":"#ffffff","typography_typography":"custom","typography_font_size":{"unit":"px","size":26,"sizes":[]},"typography_font_weight":"800","header_size":"p","typography_font_family":"Quicksand"},"elements":[],"isInner":false,"widgetType":"heading","elType":"widget"},{"id":"70785f77","settings":{"weight":{"unit":"px","size":3,"sizes":[]},"width":{"unit":"%","size":5,"sizes":[]},"align":"center","gap":{"unit":"px","size":0,"sizes":[]},"color":"#ffffff","text":"Divider"},"elements":[],"isInner":false,"widgetType":"divider","elType":"widget"},{"id":"61aa6ae1","settings":{"structure":"20"},"elements":[{"id":"6c1adf29","settings":{"_column_size":50,"_inline_size":null},"elements":[{"id":"6c936cb9","settings":{"html":"<iframe src=\"https:\/\/www.google.com\/maps\/embed?pb=!1m18!1m12!1m3!1d3952.9843754649914!2d112.04030411477811!3d-7.791478394385063!2m3!1f0!2f0!3f0!3m2!1i1024!2i768!4f13.1!3m3!1m2!1s0x0%3A0x93b4344038f7dda5!2sRaga%20Pool%20-%20Jasa%20Kontraktor%20Kolam%20Renang%20Terbaik%20di%20Indonesia*21!5e0!3m2!1sid!2sid!4v1600663614749!5m2!1sid!2sid\" width=\"600\" height=\"450\" frameborder=\"0\" style=\"border:0;\" allowfullscreen=\"\" aria-hidden=\"false\" tabindex=\"0\"><\/iframe>"},"elements":[],"isInner":false,"widgetType":"html","elType":"widget"}],"isInner":true,"elType":"column"},{"id":"4fc2d21c","settings":{"_column_size":50,"_inline_size":null,"content_position":"center"},"elements":[{"id":"1aa56d5c","settings":{"editor":"<p>Anda dapat mengunjungi dan menghubungi kantor kami pada alamat dan kontak yang tersedia di bawah ini:<\/p>","text_color":"#ffffff","typography_typography":"custom","typography_font_weight":"800","_padding_mobile":{"unit":"px","top":"20","right":"0","bottom":"0","left":"0","isLinked":false},"typography_font_family":"Quicksand"},"elements":[],"isInner":false,"widgetType":"text-editor","elType":"widget"},{"id":"475021a8","settings":{"icon_list":[{"text":"PT. Raga Gunawan Mandiri","selected_icon":{"value":"fas fa-map-marker-alt","library":"fa-solid"},"_id":"e8e3983"},{"text":"Perum Citra Pratama Garden, Jl. Raya Sobo, Karangrejo, Kec. Ngasem, Kediri, Jawa Timur 64182","selected_icon":{"value":"far fa-map","library":"fa-regular"},"_id":"6dfb6e5"},{"text":"081230586662","selected_icon":{"value":"fas fa-phone-alt","library":"fa-solid"},"_id":"1f82bd3"},{"text":"www.kontraktorwaterboom.id","selected_icon":{"value":"fas fa-globe-americas","library":"fa-solid"},"_id":"0c5055e"}],"space_between":{"unit":"px","size":20,"sizes":[]},"icon_color":"#ffffff","icon_size":{"unit":"px","size":25,"sizes":[]},"text_color":"#ffffff","text_indent":{"unit":"px","size":15,"sizes":[]},"icon_typography_typography":"custom","icon_typography_font_size":{"unit":"px","size":15,"sizes":[]},"icon_typography_font_weight":"500","_margin":{"unit":"px","top":"-10","right":"0","bottom":"0","left":"0","isLinked":false},"icon_typography_font_family":"Quicksand"},"elements":[],"isInner":false,"widgetType":"icon-list","elType":"widget"}],"isInner":true,"elType":"column"}],"isInner":true,"elType":"section"}],"isInner":false,"elType":"column"}],"isInner":false,"elType":"section"}]}