{"version":"0.4","title":"Header All","type":"header","content":[{"id":"642494a5","settings":{"height":"min-height","custom_height":{"unit":"px","size":70,"sizes":[]},"structure":"20","background_background":"gradient","background_color":"#215E9B","background_color_b":"#215E9B","background_gradient_angle":{"unit":"deg","size":90,"sizes":[]},"z_index":999,"sticky":"top"},"elements":[{"id":"ca4b168","settings":{"_column_size":50,"_inline_size":32.334,"content_position":"center","_inline_size_tablet":45,"_inline_size_mobile":85},"elements":[{"id":"5ca11fe0","settings":{"align":"left","space":{"unit":"%","size":100,"sizes":[]},"link_to":"custom","link":{"url":"https:\/\/www.kontraktorwaterboom.id\/","is_external":"","nofollow":""},"image":{"id":"545","url":"https:\/\/wordpress-118914-1748443.cloudwaysapps.com\/wp-content\/uploads\/2021\/02\/Logo-Raga-Pool-kontraktor-kolam-renang.png"},"image_box_shadow_box_shadow_type":"yes","image_box_shadow_box_shadow":{"horizontal":0,"vertical":0,"blur":0,"spread":0,"color":"rgba(0,0,0,0.5)"},"align_mobile":"center"},"elements":[],"isInner":false,"widgetType":"image","elType":"widget"}],"isInner":false,"elType":"column"},{"id":"24c9c817","settings":{"_column_size":50,"_inline_size":67.666,"content_position":"center","_inline_size_tablet":33,"_inline_size_mobile":15},"elements":[{"id":"7a8bd3ec","settings":{"align_items":"right","pointer":"none","indicator":"chevron","full_width":"stretch","menu_typography_typography":"custom","menu_typography_font_size":{"unit":"px","size":16,"sizes":[]},"menu_typography_font_weight":"bold","color_menu_item":"#FFFFFF","padding_horizontal_menu_item":{"unit":"px","size":17,"sizes":[]},"padding_vertical_menu_item":{"unit":"px","size":3,"sizes":[]},"menu_space_between":{"unit":"px","size":0,"sizes":[]},"custom_css":"selector .elementor-nav-menu>li>a.elementor-item {border-right-width: 1px;border-left-width: 0px;border-top-width: 0px;\r\nborder-bottom-width: 0px;\r\n    border-style: solid;border-color: rgba(255,255,255,.4);}\r\n    \r\nselector .elementor-nav-menu>li:last-child>a.elementor-item {border:0;}","toggle_align":"right","toggle_color":"#797878","toggle_background_color":"#EFECEC","menu_typography_font_family":"Quicksand"},"elements":[],"isInner":false,"widgetType":"nav-menu","elType":"widget"}],"isInner":false,"elType":"column"}],"isInner":false,"elType":"section"}]}