{"version":"0.4","title":"Footer All","type":"footer","content":[{"id":"5e57108b","settings":{"background_background":"classic","background_color":"rgba(0, 255, 0, 0)","hide_tablet":"hidden-tablet","hide_mobile":"hidden-phone","sticky":"bottom","background_image":{"url":"","id":""},"background_image_tablet":{"url":"","id":""},"background_image_mobile":{"url":"","id":""},"background_video_fallback":{"url":"","id":""},"background_slideshow_gallery":[],"background_hover_image":{"url":"","id":""},"background_hover_image_tablet":{"url":"","id":""},"background_hover_image_mobile":{"url":"","id":""},"background_hover_video_fallback":{"url":"","id":""},"background_hover_slideshow_gallery":[],"background_overlay_image":{"url":"","id":""},"background_overlay_image_tablet":{"url":"","id":""},"background_overlay_image_mobile":{"url":"","id":""},"background_overlay_video_fallback":{"url":"","id":""},"background_overlay_slideshow_gallery":[],"background_overlay_hover_image":{"url":"","id":""},"background_overlay_hover_image_tablet":{"url":"","id":""},"background_overlay_hover_image_mobile":{"url":"","id":""},"background_overlay_hover_video_fallback":{"url":"","id":""},"background_overlay_hover_slideshow_gallery":[]},"elements":[{"id":"6d75872f","settings":{"_column_size":100,"_inline_size":null,"background_image":{"url":"","id":""},"background_image_tablet":{"url":"","id":""},"background_image_mobile":{"url":"","id":""},"background_video_fallback":{"url":"","id":""},"background_slideshow_gallery":[],"background_hover_image":{"url":"","id":""},"background_hover_image_tablet":{"url":"","id":""},"background_hover_image_mobile":{"url":"","id":""},"background_hover_video_fallback":{"url":"","id":""},"background_hover_slideshow_gallery":[],"background_overlay_image":{"url":"","id":""},"background_overlay_image_tablet":{"url":"","id":""},"background_overlay_image_mobile":{"url":"","id":""},"background_overlay_video_fallback":{"url":"","id":""},"background_overlay_slideshow_gallery":[],"background_overlay_hover_image":{"url":"","id":""},"background_overlay_hover_image_tablet":{"url":"","id":""},"background_overlay_hover_image_mobile":{"url":"","id":""},"background_overlay_hover_video_fallback":{"url":"","id":""},"background_overlay_hover_slideshow_gallery":[]},"elements":[{"id":"40ee6069","settings":{"text":"WhatsApp Me","selected_icon":{"value":"fab fa-whatsapp","library":"fa-brands"},"typography_typography":"custom","typography_font_family":"PT Sans","typography_font_size":{"unit":"px","size":17,"sizes":[]},"typography_font_weight":"600","typography_letter_spacing":{"unit":"px","size":1,"sizes":[]},"border_radius":{"unit":"px","top":"100","right":"100","bottom":"100","left":"100","isLinked":true},"custom_css":"selector .elementor-button {width:100%;background: rgb(33,94,155);\r\nbackground: radial-gradient(circle, rgba(33,94,155,0.711922268907563) 0%, rgba(11,113,216,1) 100%);\r\nbackground: radial-gradient(circle, rgba(33,94,155,0.711922268907563) 0%, rgba(11,113,216,1) 100%);\r\nbackground: radial-gradient(circle, rgba(33,94,155,0.711922268907563) 0%, rgba(11,113,216,1) 100%);\r\nfilter: progid:DXImageTransform.Microsoft.gradient(startColorstr=\"#002399\",endColorstr=\"#002399\",GradientType=1);}","link":{"url":"https:\/\/pesan.today\/kontraktorwaterboom-id-qiqi","is_external":"","nofollow":""},"button_box_shadow_box_shadow_type":"yes","button_css_id":"wa-generic","_background_image":{"url":"","id":""},"_background_image_tablet":{"url":"","id":""},"_background_image_mobile":{"url":"","id":""},"_background_video_fallback":{"url":"","id":""},"_background_slideshow_gallery":[],"_background_hover_image":{"url":"","id":""},"_background_hover_image_tablet":{"url":"","id":""},"_background_hover_image_mobile":{"url":"","id":""},"_background_hover_video_fallback":{"url":"","id":""},"_background_hover_slideshow_gallery":[]},"elements":[],"isInner":false,"widgetType":"button","elType":"widget"}],"isInner":false,"elType":"column"}],"isInner":false,"elType":"section"},{"id":"1bcfdbb6","settings":{"structure":"20","background_background":"classic","background_color":"rgba(0, 255, 0, 0)","sticky":"bottom","hide_desktop":"hidden-desktop","background_image":{"url":"","id":""},"background_image_tablet":{"url":"","id":""},"background_image_mobile":{"url":"","id":""},"background_video_fallback":{"url":"","id":""},"background_slideshow_gallery":[],"background_hover_image":{"url":"","id":""},"background_hover_image_tablet":{"url":"","id":""},"background_hover_image_mobile":{"url":"","id":""},"background_hover_video_fallback":{"url":"","id":""},"background_hover_slideshow_gallery":[],"background_overlay_image":{"url":"","id":""},"background_overlay_image_tablet":{"url":"","id":""},"background_overlay_image_mobile":{"url":"","id":""},"background_overlay_video_fallback":{"url":"","id":""},"background_overlay_slideshow_gallery":[],"background_overlay_hover_image":{"url":"","id":""},"background_overlay_hover_image_tablet":{"url":"","id":""},"background_overlay_hover_image_mobile":{"url":"","id":""},"background_overlay_hover_video_fallback":{"url":"","id":""},"background_overlay_hover_slideshow_gallery":[]},"elements":[{"id":"750eb9bd","settings":{"_column_size":50,"_inline_size":null,"background_image":{"url":"","id":""},"background_image_tablet":{"url":"","id":""},"background_image_mobile":{"url":"","id":""},"background_video_fallback":{"url":"","id":""},"background_slideshow_gallery":[],"background_hover_image":{"url":"","id":""},"background_hover_image_tablet":{"url":"","id":""},"background_hover_image_mobile":{"url":"","id":""},"background_hover_video_fallback":{"url":"","id":""},"background_hover_slideshow_gallery":[],"background_overlay_image":{"url":"","id":""},"background_overlay_image_tablet":{"url":"","id":""},"background_overlay_image_mobile":{"url":"","id":""},"background_overlay_video_fallback":{"url":"","id":""},"background_overlay_slideshow_gallery":[],"background_overlay_hover_image":{"url":"","id":""},"background_overlay_hover_image_tablet":{"url":"","id":""},"background_overlay_hover_image_mobile":{"url":"","id":""},"background_overlay_hover_video_fallback":{"url":"","id":""},"background_overlay_hover_slideshow_gallery":[]},"elements":[{"id":"5bd0e79c","settings":{"text":"WhatsApp","selected_icon":{"value":"fab fa-whatsapp","library":"fa-brands"},"typography_typography":"custom","typography_font_family":"PT Sans","typography_font_size":{"unit":"px","size":17,"sizes":[]},"typography_font_size_tablet":{"unit":"px","size":15,"sizes":[]},"typography_font_weight":"600","typography_letter_spacing":{"unit":"px","size":1,"sizes":[]},"border_radius":{"unit":"px","top":"100","right":"100","bottom":"100","left":"100","isLinked":true},"text_padding_mobile":{"unit":"px","top":"7","right":"20","bottom":"7","left":"20","isLinked":false},"custom_css":"selector .elementor-button {width:100%;background: rgb(33,94,155);\r\nbackground: radial-gradient(circle, rgba(33,94,155,0.711922268907563) 0%, rgba(11,113,216,1) 100%);\r\nbackground: radial-gradient(circle, rgba(33,94,155,0.711922268907563) 0%, rgba(11,113,216,1) 100%);\r\nbackground: radial-gradient(circle, rgba(33,94,155,0.711922268907563) 0%, rgba(11,113,216,1) 100%);\r\nfilter: progid:DXImageTransform.Microsoft.gradient(startColorstr=\"#002399\",endColorstr=\"#002399\",GradientType=1);}","link":{"url":"https:\/\/pesan.today\/kontraktorwaterboom-id-qiqi","is_external":"","nofollow":""},"button_css_id":"wa-generic","text_shadow_text_shadow_type":"yes","button_box_shadow_box_shadow_type":"yes","_background_image":{"url":"","id":""},"_background_image_tablet":{"url":"","id":""},"_background_image_mobile":{"url":"","id":""},"_background_video_fallback":{"url":"","id":""},"_background_slideshow_gallery":[],"_background_hover_image":{"url":"","id":""},"_background_hover_image_tablet":{"url":"","id":""},"_background_hover_image_mobile":{"url":"","id":""},"_background_hover_video_fallback":{"url":"","id":""},"_background_hover_slideshow_gallery":[]},"elements":[],"isInner":false,"widgetType":"button","elType":"widget"}],"isInner":false,"elType":"column"},{"id":"6a344458","settings":{"_column_size":50,"_inline_size":null,"background_image":{"url":"","id":""},"background_image_tablet":{"url":"","id":""},"background_image_mobile":{"url":"","id":""},"background_video_fallback":{"url":"","id":""},"background_slideshow_gallery":[],"background_hover_image":{"url":"","id":""},"background_hover_image_tablet":{"url":"","id":""},"background_hover_image_mobile":{"url":"","id":""},"background_hover_video_fallback":{"url":"","id":""},"background_hover_slideshow_gallery":[],"background_overlay_image":{"url":"","id":""},"background_overlay_image_tablet":{"url":"","id":""},"background_overlay_image_mobile":{"url":"","id":""},"background_overlay_video_fallback":{"url":"","id":""},"background_overlay_slideshow_gallery":[],"background_overlay_hover_image":{"url":"","id":""},"background_overlay_hover_image_tablet":{"url":"","id":""},"background_overlay_hover_image_mobile":{"url":"","id":""},"background_overlay_hover_video_fallback":{"url":"","id":""},"background_overlay_hover_slideshow_gallery":[]},"elements":[{"id":"40809c36","settings":{"text":"Call","selected_icon":{"value":"fas fa-phone-alt","library":"fa-solid"},"typography_typography":"custom","typography_font_family":"PT Sans","typography_font_size":{"unit":"px","size":17,"sizes":[]},"typography_font_size_tablet":{"unit":"px","size":15,"sizes":[]},"typography_font_weight":"600","typography_letter_spacing":{"unit":"px","size":1,"sizes":[]},"border_radius":{"unit":"px","top":"100","right":"100","bottom":"100","left":"100","isLinked":true},"text_padding_mobile":{"unit":"px","top":"7","right":"20","bottom":"7","left":"20","isLinked":false},"_margin_mobile":{"unit":"px","top":"-10","right":"0","bottom":"0","left":"0","isLinked":false},"custom_css":"selector .elementor-button {width:100%;background: rgb(33,94,155);\r\nbackground: radial-gradient(circle, rgba(33,94,155,0.711922268907563) 0%, rgba(11,113,216,1) 100%);\r\nbackground: radial-gradient(circle, rgba(33,94,155,0.711922268907563) 0%, rgba(11,113,216,1) 100%);\r\nbackground: radial-gradient(circle, rgba(33,94,155,0.711922268907563) 0%, rgba(11,113,216,1) 100%);\r\nfilter: progid:DXImageTransform.Microsoft.gradient(startColorstr=\"#002399\",endColorstr=\"#002399\",GradientType=1);}","link":{"url":"https:\/\/pesan.today\/kontraktorwaterboom-id-qiqi-2","is_external":"","nofollow":""},"__dynamic__":[],"button_css_id":"call-generic","_css_classes":"call-generic","button_box_shadow_box_shadow_type":"yes","_background_image":{"url":"","id":""},"_background_image_tablet":{"url":"","id":""},"_background_image_mobile":{"url":"","id":""},"_background_video_fallback":{"url":"","id":""},"_background_slideshow_gallery":[],"_background_hover_image":{"url":"","id":""},"_background_hover_image_tablet":{"url":"","id":""},"_background_hover_image_mobile":{"url":"","id":""},"_background_hover_video_fallback":{"url":"","id":""},"_background_hover_slideshow_gallery":[]},"elements":[],"isInner":false,"widgetType":"button","elType":"widget"}],"isInner":false,"elType":"column"}],"isInner":false,"elType":"section"}]}