{"version":"0.4","title":"#JP &#8211; Single Post","type":"single","content":[{"id":"36ab95b2","settings":{"structure":"22","padding":{"unit":"px","top":"20","right":"0","bottom":"20","left":"0","isLinked":false},"background_background":"classic","background_color":"#FFFFFF","padding_mobile":{"unit":"px","top":"5","right":"0","bottom":"5","left":"0","isLinked":false}},"elements":[{"id":"740fab9","settings":{"_column_size":66,"_inline_size":null,"border_radius":{"unit":"px","top":"10","right":"10","bottom":"10","left":"10","isLinked":true},"box_shadow_box_shadow_type":"yes","box_shadow_box_shadow":{"horizontal":0,"vertical":0,"blur":20,"spread":-10,"color":"rgba(0,0,0,0.5)"},"margin":{"unit":"px","top":"15","right":"15","bottom":"15","left":"15","isLinked":true},"padding":{"unit":"px","top":"20","right":"20","bottom":"20","left":"20","isLinked":true},"margin_mobile":{"unit":"px","top":"10","right":"10","bottom":"10","left":"10","isLinked":true},"padding_mobile":{"unit":"px","top":"10","right":"10","bottom":"10","left":"10","isLinked":true}},"elements":[{"id":"9d4504a","settings":{"__dynamic__":{"image":"[elementor-tag id=\"\" name=\"post-featured-image\" settings=\"%7B%22fallback%22%3A%7B%22url%22%3A%22%22%2C%22id%22%3A%22%22%7D%7D\"]"},"image":{"id":"","url":"[uc_local]placeholder.png"},"align":"left"},"elements":[],"isInner":false,"widgetType":"theme-post-featured-image","elType":"widget"},{"id":"6520c850","settings":{"__dynamic__":{"title":"[elementor-tag id=\"\" name=\"post-title\" settings=\"%7B%22before%22%3A%22%22%2C%22after%22%3A%22%22%2C%22fallback%22%3A%22%22%7D\"]"},"title":"Add Your Heading Text Here","title_color":"#0AAC8E","typography_typography":"custom","typography_font_size":{"unit":"px","size":34,"sizes":[]},"_margin":{"unit":"px","top":"15","right":"0","bottom":"0","left":"0","isLinked":false},"typography_font_size_mobile":{"unit":"px","size":28,"sizes":[]},"typography_line_height_tablet":{"unit":"em","size":1.3,"sizes":[]}},"elements":[],"isInner":false,"widgetType":"theme-post-title","elType":"widget"},{"id":"34cec798","settings":{"share_buttons":[{"_id":"6ff55cd"},{"button":"twitter","_id":"6f792e9"},{"button":"linkedin","_id":"d8b8abf"},{"button":"whatsapp","_id":"4ba1347"}],"skin":"flat","shape":"circle","custom_css":"selector .elementor-share-btn {height:3.1em;}","columns_tablet":"2","column_gap_tablet":{"unit":"px","size":3,"sizes":[]},"column_gap_mobile":{"unit":"px","size":5,"sizes":[]},"row_gap_mobile":{"unit":"px","size":5,"sizes":[]},"icon_size_tablet":{"unit":"em","size":1.4,"sizes":[]},"typography_typography":"custom","typography_font_size":{"unit":"px","size":13,"sizes":[]},"typography_font_weight":"400","typography_letter_spacing_tablet":{"unit":"px","size":1,"sizes":[]},"typography_letter_spacing_mobile":{"unit":"px","size":0,"sizes":[]}},"elements":[],"isInner":false,"widgetType":"share-buttons","elType":"widget"},{"id":"71495236","settings":{"text_color":"#333333","typography_typography":"custom","typography_font_size":{"unit":"px","size":16,"sizes":[]},"custom_css":"selector h2 {color:#0aac8e;}\nselector img {margin-bottom:20px;}\n\nselector a {color:#0aac8e;}","_margin":{"unit":"px","top":"10","right":"0","bottom":"0","left":"0","isLinked":false}},"elements":[],"isInner":false,"widgetType":"theme-post-content","elType":"widget"},{"id":"11214c4","settings":{"title":"Related Posts :","title_color":"#333333","typography_typography":"custom","typography_font_size":{"unit":"px","size":24,"sizes":[]}},"elements":[],"isInner":false,"widgetType":"heading","elType":"widget"},{"id":"25c57683","settings":{"classic_posts_per_page":4,"classic_show_excerpt":"","classic_meta_data":[],"classic_meta_separator":"\/\/\/","classic_show_read_more":"","classic_read_more_text":"Read More \u00bb","cards_meta_separator":"\u2022","cards_read_more_text":"Read More \u00bb","full_content_meta_separator":"\/\/\/","posts_orderby":"rand","pagination_page_limit":"5","pagination_prev_label":"&laquo; Previous","pagination_next_label":"Next &raquo;","classic_title_typography_typography":"custom","classic_title_typography_font_size":{"unit":"px","size":16,"sizes":[]},"classic_title_typography_font_weight":"500","classic_columns":"4","classic_columns_tablet":"3","classic_columns_mobile":"2","classic_column_gap":{"unit":"px","size":5,"sizes":[]},"classic_row_gap":{"unit":"px","size":15,"sizes":[]},"classic_image_spacing":{"unit":"px","size":10,"sizes":[]},"classic_title_typography_font_size_tablet":{"unit":"px","size":13,"sizes":[]}},"elements":[],"isInner":false,"widgetType":"posts","elType":"widget"},{"id":"188db34d","settings":{"_skin":"theme_comments","_margin":{"unit":"px","top":"20","right":"0","bottom":"0","left":"0","isLinked":false},"custom_css":"selector h3 {font-size: 24px;font-weight:600;text-transform: capitalize}\n"},"elements":[],"isInner":false,"widgetType":"post-comments","elType":"widget"}],"isInner":false,"elType":"column"},{"id":"1b3927e4","settings":{"_column_size":33,"_inline_size":null,"border_radius":{"unit":"px","top":"10","right":"10","bottom":"10","left":"10","isLinked":true},"box_shadow_box_shadow_type":"yes","box_shadow_box_shadow":{"horizontal":0,"vertical":0,"blur":20,"spread":-10,"color":"rgba(0,0,0,0.5)"},"margin":{"unit":"px","top":"15","right":"15","bottom":"15","left":"15","isLinked":true},"padding":{"unit":"px","top":"20","right":"20","bottom":"20","left":"20","isLinked":true},"margin_mobile":{"unit":"px","top":"10","right":"10","bottom":"10","left":"10","isLinked":true},"padding_mobile":{"unit":"px","top":"10","right":"10","bottom":"10","left":"10","isLinked":true}},"elements":[{"id":"25f344df","settings":{"sidebar":"sidebar-1","custom_css":"form.search-form {font-size:15px;}\ninput.search-field {padding:7px 15px;color:#fff;font-weight:400;}\ninput.search-field:focus {color:#fff}\n\n.widget_recent_entries li:before,.widget_categories li:before {\n    content: '\\f0a9';\n}\n.widget_recent_entries li:before,.widget_categories li:before  {\n    font-family: 'FontAwesome';\n    float: left;\n    margin-left:-28px ;color:#0aac8e;font-size:16px\n}\n.widget_recent_entries li, .widget_categories li {padding-left: 28px;border-width: 0px 0px 1px 0px;\n    padding-bottom: 8px!important;\n    padding-top: 8px;border-bottom:1px dashed #ece;font-weight:400;}\n#recent-posts-2,.widget_categories li {font-size:14px!important}\n\n.widget a {color:#0aac8e}\n#recent-posts-2 h2 {margin-bottom:10px}\nselector li {font-size: 15px!important}\n\nselector .widget-title {margin-bottom:10px;font-weight:600;}\n\nselector input.search-field {border-radius:0px;margin-bottom:20px;}\nselector input.search-field::-webkit-input-placeholder{\n\tcolor: #fff;\n}\nselector input {background-color:#0aac8e;border:none;}","sticky":"top","sticky_offset":100,"sticky_parent":"yes"},"elements":[],"isInner":false,"widgetType":"sidebar","elType":"widget"}],"isInner":false,"elType":"column"}],"isInner":false,"elType":"section"}]}