{"version":"0.4","title":"#KR &#8211; Nav","type":"header","content":[{"id":"48cf4ff9","settings":{"structure":"30","background_background":"gradient","background_color":"#00296B","background_color_b":"#008AF2","background_gradient_angle":{"unit":"deg","size":90,"sizes":[]},"padding":{"unit":"px","top":"5","right":"0","bottom":"5","left":"0","isLinked":false},"padding_tablet":{"unit":"px","top":"0","right":"0","bottom":"0","left":"0","isLinked":false},"sticky":"top","sticky_effects_offset":1},"elements":[{"id":"5dc0e53","settings":{"_column_size":33,"_inline_size":24.165,"_inline_size_tablet":30,"_inline_size_mobile":65},"elements":[{"id":"9fb64f0","settings":{"image":{"id":575,"url":"https:\/\/wordpress-118914-1748443.cloudwaysapps.com\/wp-content\/uploads\/2021\/02\/logo-konsultan-rumah-tangga-min.png"},"align":"left","space":{"unit":"%","size":60,"sizes":[]},"space_tablet":{"unit":"%","size":100,"sizes":[]}},"elements":[],"isInner":false,"widgetType":"image","elType":"widget"}],"isInner":false,"elType":"column"},{"id":"cff9104","settings":{"_column_size":33,"_inline_size":58.695,"_inline_size_tablet":47,"content_position":"center","_inline_size_mobile":35},"elements":[{"id":"740bb191","settings":{"align_items":"right","pointer":"background","toggle_align":"right","menu_typography_typography":"custom","menu_typography_font_size":{"unit":"px","size":15,"sizes":[]},"menu_typography_font_weight":"500","color_menu_item":"#FFFFFF","color_menu_item_hover_pointer_bg":"#FFFFFF","pointer_color_menu_item_hover":"#FF6295","padding_horizontal_menu_item":{"unit":"px","size":15,"sizes":[]},"padding_vertical_menu_item":{"unit":"px","size":2,"sizes":[]},"toggle_color":"#00296B","toggle_background_color":"#FFFFFF","_margin_tablet":{"unit":"px","top":"0","right":"0","bottom":"0","left":"0","isLinked":false},"custom_css":"selector .elementor-nav-menu>li>a.elementor-item {border-right-width: 1px;border-bottom-width: 0px;border-top-width: 0px;border-left-width: 0px;\r\n    border-style: solid;border-color: rgba(255,255,255,.5);}\r\n    \r\nselector .elementor-nav-menu>li:last-child>a.elementor-item {border:0;}","full_width":"stretch","_margin_mobile":{"unit":"px","top":"0","right":"0","bottom":"0","left":"0","isLinked":false},"menu_typography_font_family":"Poppins"},"elements":[],"isInner":false,"widgetType":"nav-menu","elType":"widget"}],"isInner":false,"elType":"column"},{"id":"7ed2bdfb","settings":{"_column_size":33,"_inline_size":16.422,"_inline_size_tablet":23,"content_position":"center","hide_mobile":"hidden-phone"},"elements":[{"id":"57f901fb","settings":{"text":"Konsultasi","align":"right","selected_icon":{"value":"fas fa-bullhorn","library":"fa-solid"},"icon_indent":{"unit":"px","size":6,"sizes":[]},"background_color":"#FF6295","border_radius":{"unit":"px","top":"200","right":"200","bottom":"200","left":"200","isLinked":true},"typography_typography":"custom","typography_font_weight":"600","link":{"url":"https:\/\/konsultanrumahtangga.com\/#kontak","is_external":"","nofollow":"","custom_attributes":""},"typography_font_family":"Poppins"},"elements":[],"isInner":false,"widgetType":"button","elType":"widget"}],"isInner":false,"elType":"column"}],"isInner":false,"elType":"section"}]}