{"version":"0.4","title":"#KR &#8211; Homepage &#8211; All","type":"page","content":[{"id":"217f1715","settings":{"custom_height":{"unit":"vh","size":0,"sizes":[]},"structure":"20","background_background":"gradient","background_color":"#00296B","background_color_b":"#008AF2","background_gradient_angle":{"unit":"deg","size":90,"sizes":[]},"background_overlay_background":"classic","background_overlay_image":{"id":"440","url":"https:\/\/wordpress-118914-1748443.cloudwaysapps.com\/wp-content\/uploads\/2021\/02\/shape-1.png"},"background_overlay_position":"bottom center","background_overlay_repeat":"no-repeat","background_overlay_size":"contain","background_overlay_opacity":{"unit":"px","size":1,"sizes":[]},"padding":{"unit":"px","top":"30","right":"0","bottom":"60","left":"0","isLinked":false},"margin_mobile":{"unit":"px","top":"-15","right":0,"bottom":"0","left":0,"isLinked":false}},"elements":[{"id":"353fd2c6","settings":{"_column_size":50,"_inline_size":55,"content_position":"center"},"elements":[{"id":"3f0cc677","settings":{"icon_list":[{"text":"Anda sedang punya <span style=\"font-weight:600\">masalah rumah tangga<\/span> tapi bingung harus bagaimana ?","selected_icon":{"value":"fas fa-hand-point-right","library":"fa-solid"},"_id":"6a62733"},{"text":"Anda kepingin curhat, namun tidak tau harus curhat kepada siapa lagi ?","selected_icon":{"value":"fas fa-hand-point-right","library":"fa-solid"},"_id":"20f233b"},{"text":"<span style=\"font-weight:600\">Konsultanrumahtangga.com solusinya<\/span>","selected_icon":{"value":"fas fa-hand-point-right","library":"fa-solid"},"_id":"7734ad6"}],"space_between":{"unit":"px","size":20,"sizes":[]},"icon_color":"#FFFFFF","icon_size":{"unit":"px","size":32,"sizes":[]},"text_color":"#FFFFFF","text_indent":{"unit":"px","size":10,"sizes":[]},"icon_typography_typography":"custom","icon_typography_font_size":{"unit":"px","size":20,"sizes":[]},"space_between_tablet":{"unit":"px","size":10,"sizes":[]},"icon_size_tablet":{"unit":"px","size":40,"sizes":[]},"icon_size_mobile":{"unit":"px","size":30,"sizes":[]},"icon_typography_font_size_tablet":{"unit":"px","size":18,"sizes":[]},"icon_typography_font_size_mobile":{"unit":"px","size":15,"sizes":[]},"_padding":{"unit":"px","top":"20","right":"10","bottom":"20","left":"20","isLinked":false},"_background_background":"classic","_background_color":"rgba(0, 0, 0, 0.27)","_border_border":"solid","_border_width":{"unit":"px","top":"0","right":"0","bottom":"0","left":"5","isLinked":false},"_border_color":"#FF6295","icon_typography_font_family":"Poppins"},"elements":[],"isInner":false,"widgetType":"icon-list","elType":"widget"},{"id":"26f8c832","settings":{"text":"Hubungi kami","selected_icon":{"value":"fas fa-phone-alt","library":"fa-solid"},"icon_indent":{"unit":"px","size":10,"sizes":[]},"typography_typography":"custom","typography_font_size":{"unit":"px","size":16,"sizes":[]},"background_color":"#FF6295","border_radius":{"unit":"px","top":"100","right":"100","bottom":"100","left":"100","isLinked":true},"button_box_shadow_box_shadow_type":"yes","button_box_shadow_box_shadow":{"horizontal":0,"vertical":5,"blur":10,"spread":-5,"color":"rgba(0,0,0,0.5)"},"_margin":{"unit":"px","top":"20","right":"0","bottom":"20","left":"0","isLinked":false},"typography_font_weight":"600","typography_font_size_mobile":{"unit":"px","size":15,"sizes":[]},"link":{"url":"#kontak","is_external":"","nofollow":"","custom_attributes":""},"typography_font_family":"Poppins"},"elements":[],"isInner":false,"widgetType":"button","elType":"widget"}],"isInner":false,"elType":"column"},{"id":"49d9880b","settings":{"_column_size":50,"_inline_size":44.931,"hide_mobile":"hidden-phone"},"elements":[{"id":"37209009","settings":{"image":{"id":"439","url":"https:\/\/wordpress-118914-1748443.cloudwaysapps.com\/wp-content\/uploads\/2021\/02\/family-islam-new-min.png"},"align":"right","_padding":{"unit":"px","top":"0","right":"0","bottom":"0","left":"0","isLinked":false}},"elements":[],"isInner":false,"widgetType":"image","elType":"widget"}],"isInner":false,"elType":"column"}],"isInner":false,"elType":"section"},{"id":"79a73652","settings":{"structure":"20","background_background":"classic","background_color":"#FFFFFF","padding":{"unit":"px","top":"50","right":"0","bottom":"50","left":"0","isLinked":false}},"elements":[{"id":"3f12b0af","settings":{"_column_size":50,"_inline_size":45},"elements":[{"id":"49797394","settings":{"image":{"id":"441","url":"https:\/\/wordpress-118914-1748443.cloudwaysapps.com\/wp-content\/uploads\/2021\/02\/happy-muslim-family_2029-257-min.png"}},"elements":[],"isInner":false,"widgetType":"image","elType":"widget"}],"isInner":false,"elType":"column"},{"id":"5695cc16","settings":{"_column_size":50,"_inline_size":55,"content_position":"center"},"elements":[{"id":"45297794","settings":{"title":"Membangun Keluarga Harmonis","title_color":"#00296B","typography_typography":"custom","typography_font_size":{"unit":"px","size":28,"sizes":[]},"typography_font_size_tablet":{"unit":"px","size":25,"sizes":[]},"typography_line_height_mobile":{"unit":"em","size":1.3,"sizes":[]},"typography_text_transform":"capitalize","typography_font_family":"Poppins"},"elements":[],"isInner":false,"widgetType":"heading","elType":"widget"},{"id":"1c24f57a","settings":{"editor":"<p>Membangun keluarga yang harmonis adalah impian setiap orang. Namun, terkadang kenyataan tidak seindah harapan.<\/p><p>Terkadang ada saja masalah yang harus dilalui. Mulai dari susahnya mencari calon suami\/istri. Pasangan tak sesuai harapan. Berbeda pandangan dengan pasangan. Konflik keluarga. Ada pihak ketiga. Anak tak sesuai harapan dan lain sebagainya.<\/p><p>Apakah anda sedang mengalami masalah-masalah tersebut?<\/p><p>Jika Iya, izinkan kami, konsultanrumahtangga.com membantu anda menyelesaikan masalah-masalah tersebut.<\/p>","text_color":"#333333","typography_typography":"custom","typography_font_size":{"unit":"px","size":18,"sizes":[]},"_margin":{"unit":"px","top":"0","right":"0","bottom":"-20","left":"0","isLinked":false},"typography_font_size_tablet":{"unit":"px","size":15,"sizes":[]},"typography_font_family":"Poppins"},"elements":[],"isInner":false,"widgetType":"text-editor","elType":"widget"}],"isInner":false,"elType":"column"}],"isInner":false,"elType":"section"},{"id":"527cf700","settings":{"custom_height":{"unit":"vh","size":0,"sizes":[]},"structure":"20","background_background":"gradient","background_color":"#00296B","background_color_b":"#008AF2","background_gradient_angle":{"unit":"deg","size":135,"sizes":[]},"background_overlay_image":{"id":"440","url":"https:\/\/wordpress-118914-1748443.cloudwaysapps.com\/wp-content\/uploads\/2021\/02\/shape-1.png"},"background_overlay_position":"bottom center","background_overlay_repeat":"no-repeat","background_overlay_size":"contain","background_overlay_opacity":{"unit":"px","size":1,"sizes":[]},"padding":{"unit":"px","top":"50","right":"0","bottom":"50","left":"0","isLinked":false},"reverse_order_mobile":"reverse-mobile"},"elements":[{"id":"431275c0","settings":{"_column_size":50,"_inline_size":null,"content_position":"center","_inline_size_tablet":56},"elements":[{"id":"3d7fe651","settings":{"title":"Apa itu <u>konsultanrumahtangga.com<\/U> ?","header_size":"h3","title_color":"#FFFFFF","typography_typography":"custom","typography_font_size":{"unit":"px","size":28,"sizes":[]},"typography_font_size_tablet":{"unit":"px","size":22,"sizes":[]},"typography_text_transform":"none","typography_font_family":"Poppins"},"elements":[],"isInner":false,"widgetType":"heading","elType":"widget"},{"id":"73f22cdb","settings":{"editor":"<p>konsultanrumahtangga.com merupakan lembaga konselor rumah tangga profesional yang memiliki pengalaman membantu banyak keluarga untuk kembali harmonis &amp; hidup bahagia.<\/p>","text_color":"#FFFFFF","typography_typography":"custom","typography_font_size_tablet":{"unit":"px","size":15,"sizes":[]},"_margin_tablet":{"unit":"px","top":"0","right":"0","bottom":"-10","left":"0","isLinked":false},"_margin":{"unit":"px","top":"0","right":"0","bottom":"-10","left":"0","isLinked":false},"typography_font_family":"Poppins","typography_line_height":{"unit":"em","size":1.3,"sizes":[]}},"elements":[],"isInner":false,"widgetType":"text-editor","elType":"widget"},{"id":"5190572b","settings":{"title":"Berbagai layanan kami :","header_size":"p","title_color":"#FFFFFF","typography_typography":"custom","typography_font_size":{"unit":"px","size":20,"sizes":[]},"typography_font_size_tablet":{"unit":"px","size":22,"sizes":[]},"typography_font_size_mobile":{"unit":"px","size":18,"sizes":[]},"typography_font_family":"Poppins"},"elements":[],"isInner":false,"widgetType":"heading","elType":"widget"},{"id":"4a044d87","settings":{"icon_list":[{"text":"Teman curhat yang berpengalaman dan berkualitas","selected_icon":{"value":"fas fa-check-circle","library":"fa-solid"},"_id":"2b49402"},{"text":"Konsultan Pernikahan","selected_icon":{"value":"fas fa-check-circle","library":"fa-solid"},"_id":"a6c8076"},{"text":"Konsultan Rumah Tangga","selected_icon":{"value":"fas fa-check-circle","library":"fa-solid"},"_id":"61fad12"},{"text":"Konsultan Pranikah","selected_icon":{"value":"fas fa-check-circle","library":"fa-solid"},"_id":"b97a031"},{"text":"Konsultan Perjodohan","selected_icon":{"value":"fas fa-check-circle","library":"fa-solid"},"_id":"6e08c3d"},{"text":"Konsultan Parenting","selected_icon":{"value":"fas fa-check-circle","library":"fa-solid"},"_id":"7bb9f87"},{"text":"Konsultan Pendidikan Anak","selected_icon":{"value":"fas fa-check-circle","library":"fa-solid"},"_id":"6248f9d"},{"text":"Konsultan Berbagai Masalah Keluarga","selected_icon":{"value":"fas fa-check-circle","library":"fa-solid"},"_id":"7086ab6"},{"text":"Konsultan Anak Berkebutuhan Khusus","selected_icon":{"value":"fas fa-check-circle","library":"fa-solid"},"_id":"266e940"}],"space_between":{"unit":"px","size":2,"sizes":[]},"icon_color":"#FFFFFF","text_color":"#FFFFFF","_margin":{"unit":"px","top":"0","right":"0","bottom":"0","left":"0","isLinked":false},"space_between_tablet":{"unit":"px","size":3,"sizes":[]},"icon_typography_typography":"custom","icon_typography_font_size_tablet":{"unit":"px","size":15,"sizes":[]},"_margin_tablet":{"unit":"px","top":"0","right":"0","bottom":"0","left":"0","isLinked":false},"icon_typography_font_family":"Poppins"},"elements":[],"isInner":false,"widgetType":"icon-list","elType":"widget"}],"isInner":false,"elType":"column"},{"id":"13b2eaa3","settings":{"_column_size":50,"_inline_size":null,"_inline_size_tablet":44,"content_position_tablet":"center"},"elements":[{"id":"6b9f876e","settings":{"image":{"id":"442","url":"https:\/\/wordpress-118914-1748443.cloudwaysapps.com\/wp-content\/uploads\/2021\/02\/clipart959550-min.png"},"align":"right","space":{"unit":"%","size":80,"sizes":[]},"_margin":{"unit":"px","top":"0","right":"0","bottom":"0","left":"0","isLinked":false},"space_tablet":{"unit":"%","size":100,"sizes":[]},"_margin_tablet":{"unit":"px","top":"0","right":"0","bottom":"0","left":"0","isLinked":false}},"elements":[],"isInner":false,"widgetType":"image","elType":"widget"}],"isInner":false,"elType":"column"}],"isInner":false,"elType":"section"},{"id":"1b8d741c","settings":{"structure":"20","background_background":"classic","background_color":"#EAF6FF","padding":{"unit":"px","top":"50","right":"0","bottom":"50","left":"0","isLinked":false}},"elements":[{"id":"169cd5ed","settings":{"_column_size":50,"_inline_size":46.118},"elements":[{"id":"5e0837d2","settings":{"image":{"id":"443","url":"https:\/\/wordpress-118914-1748443.cloudwaysapps.com\/wp-content\/uploads\/2021\/02\/15853s-min-1.png"},"align":"center","space":{"unit":"%","size":70,"sizes":[]},"space_tablet":{"unit":"%","size":90,"sizes":[]}},"elements":[],"isInner":false,"widgetType":"image","elType":"widget"}],"isInner":false,"elType":"column"},{"id":"3c6127f9","settings":{"_column_size":50,"_inline_size":53.882,"content_position":"center"},"elements":[{"id":"77e500ab","settings":{"title":"Siapa inisiator dari <u>konsultanrumahtangga.com<\/u> ?","title_color":"#00296B","typography_typography":"custom","typography_font_size":{"unit":"px","size":34,"sizes":[]},"typography_font_size_tablet":{"unit":"px","size":26,"sizes":[]},"typography_font_size_mobile":{"unit":"px","size":22,"sizes":[]},"typography_text_transform":"capitalize","typography_font_family":"Poppins"},"elements":[],"isInner":false,"widgetType":"heading","elType":"widget"},{"id":"8e41de1","settings":{"title":"Choirul Anam, S.IP., M.Si","header_size":"p","title_color":"#000000","typography_typography":"custom","_margin":{"unit":"px","top":"10","right":"0","bottom":"0","left":"0","isLinked":false},"typography_font_size":{"unit":"px","size":20,"sizes":[]},"typography_font_size_mobile":{"unit":"px","size":18,"sizes":[]},"typography_font_family":"Poppins"},"elements":[],"isInner":false,"widgetType":"heading","elType":"widget"},{"id":"ba2b790","settings":{"icon_list":[{"text":"Dosen muda sejak usia 24 tahun","selected_icon":{"value":"fas fa-check-circle","library":"fa-solid"},"_id":"2b49402"},{"text":"Pengisi Kajian Pernikahan dan Parenting sejak 2017","selected_icon":{"value":"fas fa-check-circle","library":"fa-solid"},"_id":"a6c8076"},{"text":"Motivator dan konsultan Utama www.konsultanrumahtangga.com","selected_icon":{"value":"fas fa-check-circle","library":"fa-solid"},"_id":"61fad12"},{"text":"Konsultan Anak Berkebutuhan Khusus sejak 2012","selected_icon":{"value":"fas fa-check-circle","library":"fa-solid"},"_id":"b97a031"},{"text":"Direktur Lembaga Bimbingan Belajar SD, MI, SMP dan MTs sejak 2010","selected_icon":{"value":"fas fa-check-circle","library":"fa-solid"},"_id":"6e08c3d"},{"text":"Wakil Kepala SD Islam Terpadu 2015-2017","selected_icon":{"value":"fas fa-check-circle","library":"fa-solid"},"_id":"7bb9f87"},{"text":"Terapis Ruqyah Anak sejak 2014","selected_icon":{"value":"fas fa-check-circle","library":"fa-solid"},"_id":"6248f9d"},{"text":"Trainer Belajar Cepat Baca Al-Qur\u2019an","selected_icon":{"value":"fas fa-check-circle","library":"fa-solid"},"_id":"7086ab6"}],"space_between":{"unit":"px","size":2,"sizes":[]},"icon_color":"#000000","text_color":"#000000","_margin":{"unit":"px","top":"0","right":"0","bottom":"0","left":"0","isLinked":false},"icon_typography_typography":"custom","icon_typography_font_size":{"unit":"px","size":18,"sizes":[]},"icon_typography_font_size_tablet":{"unit":"px","size":16,"sizes":[]},"_margin_tablet":{"unit":"px","top":"0","right":"0","bottom":"0","left":"0","isLinked":false},"text_indent":{"unit":"px","size":10,"sizes":[]},"icon_typography_font_size_mobile":{"unit":"px","size":15,"sizes":[]},"icon_typography_font_family":"Poppins"},"elements":[],"isInner":false,"widgetType":"icon-list","elType":"widget"}],"isInner":false,"elType":"column"}],"isInner":false,"elType":"section"},{"id":"7dd16fbc","settings":{"custom_height":{"unit":"vh","size":0,"sizes":[]},"background_background":"gradient","background_color":"#00296B","background_color_b":"#008AF2","background_gradient_angle":{"unit":"deg","size":135,"sizes":[]},"background_overlay_image":{"id":"440","url":"https:\/\/wordpress-118914-1748443.cloudwaysapps.com\/wp-content\/uploads\/2021\/02\/shape-1.png"},"background_overlay_position":"bottom center","background_overlay_repeat":"no-repeat","background_overlay_size":"contain","background_overlay_opacity":{"unit":"px","size":1,"sizes":[]},"padding":{"unit":"px","top":"50","right":"0","bottom":"50","left":"0","isLinked":false}},"elements":[{"id":"1fd76736","settings":{"_column_size":100,"_inline_size":null},"elements":[{"id":"268d4100","settings":{"title":"PROGRAM","align":"center","title_color":"#FFFFFF","typography_typography":"custom","typography_font_size":{"unit":"px","size":34,"sizes":[]},"typography_font_size_mobile":{"unit":"px","size":22,"sizes":[]},"typography_font_family":"Poppins"},"elements":[],"isInner":false,"widgetType":"heading","elType":"widget"},{"id":"74da2674","settings":{"title":"Kami memiliki 2 program utama, yaitu :","header_size":"p","align":"center","title_color":"#FFFFFF","typography_typography":"custom","typography_font_weight":"400","typography_line_height_mobile":{"unit":"em","size":1.3,"sizes":[]},"typography_font_size_mobile":{"unit":"px","size":16,"sizes":[]},"typography_font_family":"Poppins"},"elements":[],"isInner":false,"widgetType":"heading","elType":"widget"},{"id":"55292f25","settings":{"content_width":{"unit":"px","size":720,"sizes":[]},"structure":"20","margin":{"unit":"px","top":"0","right":0,"bottom":"0","left":0,"isLinked":false},"padding":{"unit":"px","top":"0","right":"0","bottom":"0","left":"0","isLinked":false}},"elements":[{"id":"1fd50e4a","settings":{"_column_size":50,"_inline_size":null,"background_background":"classic","background_color":"#EAF6FF","background_color_b":"#008AF2","background_gradient_angle":{"unit":"deg","size":135,"sizes":[]},"border_radius":{"unit":"px","top":"0","right":"0","bottom":"0","left":"0","isLinked":false},"margin":{"unit":"px","top":"10","right":"10","bottom":"10","left":"10","isLinked":true},"padding":{"unit":"px","top":"0","right":"0","bottom":"0","left":"0","isLinked":true}},"elements":[{"id":"4b091220","settings":{"title":"KONSULTASI PRIVATE SHARING","header_size":"p","align":"center","title_color":"#FFFFFF","typography_typography":"custom","typography_font_size":{"unit":"px","size":18,"sizes":[]},"typography_font_weight":"800","typography_line_height":{"unit":"em","size":2.5,"sizes":[]},"typography_letter_spacing":{"unit":"px","size":0.5,"sizes":[]},"_margin":{"unit":"px","top":"0","right":"0","bottom":"0","left":"0","isLinked":false},"_background_background":"classic","_background_color":"#FF6295","typography_font_size_mobile":{"unit":"px","size":17,"sizes":[]},"typography_font_family":"Poppins"},"elements":[],"isInner":false,"widgetType":"heading","elType":"widget"},{"id":"165c9769","settings":{"editor":"<p>Anda dapat melakukan konsultasi atau sharing secara langsung dan privat dengan leader KONSULTAN RUMAH TANGGA melalui aplikasi whatsapp sesuai kesepakatan waktu dengan pilihan tema sebagai berikut:<\/p>","text_color":"#000000","typography_typography":"custom","typography_font_size":{"unit":"px","size":15,"sizes":[]},"_margin":{"unit":"px","top":"-5","right":"20","bottom":"-15","left":"20","isLinked":false},"typography_font_family":"Poppins"},"elements":[],"isInner":false,"widgetType":"text-editor","elType":"widget"},{"id":"79d49321","settings":{"icon_list":[{"text":"Parenting","selected_icon":{"value":"fas fa-check-circle","library":"fa-solid"},"_id":"2b49402"},{"text":"Pendidikan anak","selected_icon":{"value":"fas fa-check-circle","library":"fa-solid"},"_id":"a6c8076"},{"text":"Masalah rumah tangga","selected_icon":{"value":"fas fa-check-circle","library":"fa-solid"},"_id":"61fad12"},{"text":"Persiapan menjemput jodoh","selected_icon":{"value":"fas fa-check-circle","library":"fa-solid"},"_id":"b97a031"},{"text":"Manajemen keuangan keluarga","selected_icon":{"value":"fas fa-check-circle","library":"fa-solid"},"_id":"6e08c3d"},{"text":"atau tema lain yang berhubungan dengan keluarga dan rumah tangga","selected_icon":{"value":"fas fa-check-circle","library":"fa-solid"},"_id":"7bb9f87"}],"space_between":{"unit":"px","size":2,"sizes":[]},"icon_color":"#000000","text_color":"#000000","_margin":{"unit":"px","top":"-5","right":"20","bottom":"20","left":"20","isLinked":false},"icon_typography_typography":"custom","icon_typography_font_size":{"unit":"px","size":15,"sizes":[]},"icon_typography_font_family":"Poppins"},"elements":[],"isInner":false,"widgetType":"icon-list","elType":"widget"}],"isInner":true,"elType":"column"},{"id":"79996286","settings":{"_column_size":50,"_inline_size":null,"background_background":"classic","background_color":"#EAF6FF","background_color_b":"#008AF2","background_gradient_angle":{"unit":"deg","size":135,"sizes":[]},"border_radius":{"unit":"px","top":"0","right":"0","bottom":"0","left":"0","isLinked":false},"margin":{"unit":"px","top":"10","right":"10","bottom":"10","left":"10","isLinked":true},"padding":{"unit":"px","top":"0","right":"0","bottom":"0","left":"0","isLinked":true}},"elements":[{"id":"1e94834b","settings":{"title":"KELAS MANAJEMEN","header_size":"p","align":"center","title_color":"#FFFFFF","typography_typography":"custom","typography_font_size":{"unit":"px","size":18,"sizes":[]},"typography_font_weight":"800","typography_line_height":{"unit":"em","size":2.5,"sizes":[]},"typography_letter_spacing":{"unit":"px","size":0.5,"sizes":[]},"_margin":{"unit":"px","top":"0","right":"0","bottom":"0","left":"0","isLinked":false},"_background_background":"classic","_background_color":"#FF6295","typography_font_size_mobile":{"unit":"px","size":17,"sizes":[]},"typography_font_family":"Poppins"},"elements":[],"isInner":false,"widgetType":"heading","elType":"widget"},{"id":"6cbecbae","settings":{"editor":"<p>Anda dapat mengikuti pembinaan pada kelas yang dibutuhkan dengan materi berjenjang dan komprehensif sesuai dengan kurikulum yang kami buat, dengan pilihan tema sebagai berikut:<\/p>","text_color":"#000000","typography_typography":"custom","typography_font_size":{"unit":"px","size":15,"sizes":[]},"_margin":{"unit":"px","top":"-5","right":"20","bottom":"-15","left":"20","isLinked":false},"typography_font_family":"Poppins"},"elements":[],"isInner":false,"widgetType":"text-editor","elType":"widget"},{"id":"4c99d008","settings":{"icon_list":[{"text":"Kelas Pranikah","selected_icon":{"value":"fas fa-check-circle","library":"fa-solid"},"_id":"2b49402"},{"text":"Kelas Parenting","selected_icon":{"value":"fas fa-check-circle","library":"fa-solid"},"_id":"a6c8076"},{"text":"Kelas Konsultasi Remaja dan Pendidikan","selected_icon":{"value":"fas fa-check-circle","library":"fa-solid"},"_id":"61fad12"},{"text":"Kelas Manajemen Rumah Tangga Sakinah","selected_icon":{"value":"fas fa-check-circle","library":"fa-solid"},"_id":"b97a031"},{"text":"Kelas Manajemen Masalah Rumah Tangga","selected_icon":{"value":"fas fa-check-circle","library":"fa-solid"},"_id":"6e08c3d"}],"space_between":{"unit":"px","size":2,"sizes":[]},"icon_color":"#000000","text_color":"#000000","_margin":{"unit":"px","top":"-5","right":"20","bottom":"20","left":"20","isLinked":false},"icon_typography_typography":"custom","icon_typography_font_size":{"unit":"px","size":15,"sizes":[]},"icon_typography_font_family":"Poppins"},"elements":[],"isInner":false,"widgetType":"icon-list","elType":"widget"}],"isInner":true,"elType":"column"}],"isInner":true,"elType":"section"}],"isInner":false,"elType":"column"}],"isInner":false,"elType":"section"},{"id":"294bd57a","settings":{"content_width":{"unit":"px","size":720,"sizes":[]},"background_background":"classic","background_color":"#FFFFFF","padding":{"unit":"px","top":"50","right":"0","bottom":"50","left":"0","isLinked":false}},"elements":[{"id":"3ad6e96d","settings":{"_column_size":100,"_inline_size":null,"_element_id":"kontak"},"elements":[{"id":"6b8c2c14","settings":{"title":"FORM KONTAK","align":"center","title_color":"#00296B","typography_typography":"custom","typography_font_size":{"unit":"px","size":34,"sizes":[]},"typography_font_size_mobile":{"unit":"px","size":22,"sizes":[]},"typography_font_family":"Poppins"},"elements":[],"isInner":false,"widgetType":"heading","elType":"widget"},{"id":"743947ce","settings":{"title":"Isi form di bawah ini untuk berkonsultasi bersama kami","header_size":"p","align":"center","title_color":"#00296B","typography_typography":"custom","typography_font_weight":"400","typography_line_height_mobile":{"unit":"em","size":1.3,"sizes":[]},"typography_font_size_mobile":{"unit":"px","size":16,"sizes":[]},"typography_text_transform":"none","typography_font_family":"Poppins"},"elements":[],"isInner":false,"widgetType":"heading","elType":"widget"},{"id":"49b7a977","settings":{"form_name":"New Form","form_fields":[{"custom_id":"nama","field_label":"Nama","_id":"ebd0d81","previous_button":"","next_button":"","file_sizes":"","file_types":"","allow_multiple_upload":"","max_files":"","acceptance_text":"","checked_by_default":"","field_min":"","field_max":"","min_date":"","max_date":"","use_native_date":"","use_native_time":""},{"custom_id":"nowa","field_type":"tel","required":"true","field_label":"No HP (Whatsapp)","width":"50","_id":"657c3d2","previous_button":"","next_button":"","file_sizes":"","file_types":"","allow_multiple_upload":"","max_files":"","acceptance_text":"","checked_by_default":"","field_min":"","field_max":"","min_date":"","max_date":"","use_native_date":"","use_native_time":""},{"custom_id":"email","field_type":"email","field_label":"Alamat Email","width":"50","_id":"bcc52ae","previous_button":"","next_button":"","file_sizes":"","file_types":"","allow_multiple_upload":"","max_files":"","acceptance_text":"","checked_by_default":"","field_min":"","field_max":"","min_date":"","max_date":"","use_native_date":"","use_native_time":""},{"custom_id":"alamat","field_type":"textarea","field_label":"Alamat Rumah","_id":"264f075","previous_button":"","next_button":"","file_sizes":"","file_types":"","allow_multiple_upload":"","max_files":"","acceptance_text":"","checked_by_default":"","field_min":"","field_max":"","min_date":"","max_date":"","use_native_date":"","use_native_time":""},{"field_type":"select","field_label":"Pilihan Program","field_options":"\nSharing\nKelas Manajemen","custom_id":"progam","_id":"80058c3","previous_button":"","next_button":"","file_sizes":"","file_types":"","allow_multiple_upload":"","max_files":"","acceptance_text":"","checked_by_default":"","field_min":"","field_max":"","min_date":"","max_date":"","use_native_date":"","use_native_time":""},{"field_type":"textarea","field_label":"Keterangan","rows":2,"custom_id":"keterangan","_id":"b5f2249","previous_button":"","next_button":"","file_sizes":"","file_types":"","allow_multiple_upload":"","max_files":"","acceptance_text":"","checked_by_default":"","field_min":"","field_max":"","min_date":"","max_date":"","use_native_date":"","use_native_time":""}],"button_text":"KIRIM","button_align":"start","selected_button_icon":{"value":"fas fa-paper-plane","library":"fa-solid"},"button_icon_indent":{"unit":"px","size":10,"sizes":[]},"email_content":"[all-fields]","email_content_2":"[all-fields]","success_message":"The form was sent successfully.","error_message":"An error occured.","required_field_message":"This field is required.","invalid_message":"There's something wrong. The form is invalid.","label_color":"#00296B","label_typography_typography":"custom","field_text_color":"#00296B","field_background_color":"rgba(255, 255, 255, 0)","field_border_color":"#00296B","field_border_width":{"unit":"px","top":"0","right":"0","bottom":"1","left":"0","isLinked":false},"button_background_color":"#FF6295","button_typography_typography":"custom","button_typography_font_weight":"700","button_typography_letter_spacing":{"unit":"px","size":1.3,"sizes":[]},"button_border_radius":{"unit":"px","top":"100","right":"100","bottom":"100","left":"100","isLinked":true},"_margin":{"unit":"px","top":"10","right":"0","bottom":"0","left":"0","isLinked":false},"_padding":{"unit":"px","top":"25","right":"25","bottom":"25","left":"25","isLinked":true},"_background_background":"classic","_background_color":"#EAF6FF","_background_color_b":"#008AF2","_background_gradient_angle":{"unit":"deg","size":135,"sizes":[]},"_border_border":"solid","_border_width":{"unit":"px","top":"5","right":"0","bottom":"0","left":"0","isLinked":false},"_border_color":"#FF6295","_box_shadow_box_shadow_type":"yes","_box_shadow_box_shadow":{"horizontal":0,"vertical":5,"blur":20,"spread":-8,"color":"rgba(0,0,0,0.5)"},"custom_css":"\nselector input {padding:0;margin-top:-5px;margin-bottom:15px;}\n\nselector .elementor-field-type-submit {margin-top:10px;}\nselector .elementor-field-textual {margin:-2px 0 10px;min-height:30px}\n\nselector .elementor-field-textual {padding:5px 5px 5px 0px;z-index:1;}\nselector .elementor-field-textual:focus {box-shadow:none;outline:none;}","field_typography_typography":"custom","field_typography_font_size_mobile":{"unit":"px","size":14,"sizes":[]},"_padding_mobile":{"unit":"px","top":"20","right":"20","bottom":"20","left":"20","isLinked":true},"label_typography_font_size_mobile":{"unit":"px","size":15,"sizes":[]},"button_typography_font_size_mobile":{"unit":"px","size":14,"sizes":[]},"submit_actions":["email","redirect"],"step_next_label":"Next","step_previous_label":"Previous","label_typography_font_family":"Poppins","button_typography_font_family":"Poppins"},"elements":[],"isInner":false,"widgetType":"form","elType":"widget"}],"isInner":false,"elType":"column"}],"isInner":false,"elType":"section"}]}