{"version":"0.4","title":"#KR &#8211; Footer","type":"footer","content":[{"id":"62e1e531","settings":{"background_background":"classic","background_color":"#313131","background_color_b":"#008AF2","background_gradient_angle":{"unit":"deg","size":90,"sizes":[]},"padding":{"unit":"px","top":"30","right":"0","bottom":"30","left":"0","isLinked":false},"background_image":{"url":"","id":null},"background_image_tablet":{"url":"","id":null},"background_image_mobile":{"url":"","id":null},"background_video_fallback":{"url":"","id":null},"background_hover_image":{"url":"","id":null},"background_hover_image_tablet":{"url":"","id":null},"background_hover_image_mobile":{"url":"","id":null},"background_hover_video_fallback":{"url":"","id":null},"background_overlay_image":{"url":"","id":null},"background_overlay_image_tablet":{"url":"","id":null},"background_overlay_image_mobile":{"url":"","id":null},"background_overlay_video_fallback":{"url":"","id":null},"background_overlay_hover_image":{"url":"","id":null},"background_overlay_hover_image_tablet":{"url":"","id":null},"background_overlay_hover_image_mobile":{"url":"","id":null},"background_overlay_hover_video_fallback":{"url":"","id":null}},"elements":[{"id":"10caa1a6","settings":{"_column_size":100,"_inline_size":null,"content_position":"center","background_image":{"url":"","id":null},"background_image_tablet":{"url":"","id":null},"background_image_mobile":{"url":"","id":null},"background_video_fallback":{"url":"","id":null},"background_hover_image":{"url":"","id":null},"background_hover_image_tablet":{"url":"","id":null},"background_hover_image_mobile":{"url":"","id":null},"background_hover_video_fallback":{"url":"","id":null},"background_overlay_image":{"url":"","id":null},"background_overlay_image_tablet":{"url":"","id":null},"background_overlay_image_mobile":{"url":"","id":null},"background_overlay_video_fallback":{"url":"","id":null},"background_overlay_hover_image":{"url":"","id":null},"background_overlay_hover_image_tablet":{"url":"","id":null},"background_overlay_hover_image_mobile":{"url":"","id":null},"background_overlay_hover_video_fallback":{"url":"","id":null}},"elements":[{"id":"2f65fa32","settings":{"image":{"id":583,"url":"https:\/\/wordpress-118914-1748443.cloudwaysapps.com\/wp-content\/uploads\/2021\/02\/logo-konsultan-rumah-tangga-mini-min.png"},"space":{"unit":"%","size":5,"sizes":[]},"space_tablet":{"unit":"%","size":7,"sizes":[]},"space_mobile":{"unit":"%","size":15,"sizes":[]},"_background_image":{"url":"","id":null},"_background_image_tablet":{"url":"","id":null},"_background_image_mobile":{"url":"","id":null},"_background_video_fallback":{"url":"","id":null},"_background_hover_image":{"url":"","id":null},"_background_hover_image_tablet":{"url":"","id":null},"_background_hover_image_mobile":{"url":"","id":null},"_background_hover_video_fallback":{"url":"","id":null}},"elements":[],"isInner":false,"widgetType":"image","elType":"widget"},{"id":"25ca0961","settings":{"title":"Konsultanrumahtangga.com Official Website","header_size":"p","align":"center","title_color":"#FFFFFF","typography_typography":"custom","typography_font_size":{"unit":"px","size":16,"sizes":[]},"typography_font_size_tablet":{"unit":"px","size":15,"sizes":[]},"typography_font_weight":"400","typography_font_size_mobile":{"unit":"px","size":14,"sizes":[]},"_margin":{"unit":"px","top":"-7","right":"0","bottom":"0","left":"0","isLinked":false},"_margin_mobile":{"unit":"px","top":"-7","right":"0","bottom":"0","left":"0","isLinked":false},"_background_image":{"url":"","id":null},"_background_image_tablet":{"url":"","id":null},"_background_image_mobile":{"url":"","id":null},"_background_video_fallback":{"url":"","id":null},"_background_hover_image":{"url":"","id":null},"_background_hover_image_tablet":{"url":"","id":null},"_background_hover_image_mobile":{"url":"","id":null},"_background_hover_video_fallback":{"url":"","id":null},"typography_font_family":"Poppins"},"elements":[],"isInner":false,"widgetType":"heading","elType":"widget"},{"id":"2302e9d2","settings":{"title":"All rights reserved | Copyright \u00a9 2020","header_size":"p","align":"center","title_color":"#FFFFFF","typography_typography":"custom","typography_font_size":{"unit":"px","size":16,"sizes":[]},"typography_font_size_tablet":{"unit":"px","size":15,"sizes":[]},"typography_font_weight":"400","_margin":{"unit":"px","top":"-10","right":"0","bottom":"0","left":"0","isLinked":false},"typography_font_size_mobile":{"unit":"px","size":14,"sizes":[]},"_background_image":{"url":"","id":null},"_background_image_tablet":{"url":"","id":null},"_background_image_mobile":{"url":"","id":null},"_background_video_fallback":{"url":"","id":null},"_background_hover_image":{"url":"","id":null},"_background_hover_image_tablet":{"url":"","id":null},"_background_hover_image_mobile":{"url":"","id":null},"_background_hover_video_fallback":{"url":"","id":null},"typography_font_family":"Poppins"},"elements":[],"isInner":false,"widgetType":"heading","elType":"widget"},{"id":"4258c20e","settings":{"social_icon_list":[{"social_icon":{"value":"fab fa-facebook","library":"fa-brands"},"_id":"5c03786"},{"social_icon":{"value":"fab fa-twitter","library":"fa-brands"},"_id":"b2932c8"},{"social_icon":{"value":"fab fa-instagram","library":"fa-brands"},"item_icon_color":"custom","item_icon_primary_color":"#C008E0","item_icon_secondary_color":"#FFFFFF","_id":"b6cc8cc"},{"social_icon":{"value":"fab fa-youtube","library":"fa-brands"},"_id":"788e052"}],"shape":"circle","icon_primary_color":"#FFFFFF","icon_secondary_color":"#4054B2","icon_size":{"unit":"px","size":18,"sizes":[]},"icon_spacing":{"unit":"px","size":7,"sizes":[]},"image_border_width":{"unit":"px","top":"3","right":"3","bottom":"3","left":"3","isLinked":true},"image_border_color":"#FFFFFF","_margin":{"unit":"px","top":"5","right":"0","bottom":"0","left":"0","isLinked":false},"_background_image":{"url":"","id":null},"_background_image_tablet":{"url":"","id":null},"_background_image_mobile":{"url":"","id":null},"_background_video_fallback":{"url":"","id":null},"_background_hover_image":{"url":"","id":null},"_background_hover_image_tablet":{"url":"","id":null},"_background_hover_image_mobile":{"url":"","id":null},"_background_hover_video_fallback":{"url":"","id":null}},"elements":[],"isInner":false,"widgetType":"social-icons","elType":"widget"}],"isInner":false,"elType":"column"}],"isInner":false,"elType":"section"}]}