{"version":"0.4","title":"Archive","type":"archive","content":[{"id":"17a0c4dd","settings":{"background_background":"classic","background_color":"#F7FFFD","padding":{"unit":"px","top":"30","right":"0","bottom":"30","left":"0","isLinked":false}},"elements":[{"id":"260d9344","settings":{"_column_size":100,"_inline_size":null,"border_width":{"unit":"px","top":"0","right":"0","bottom":"0","left":"0","isLinked":false},"border_color":"#dddddd","border_radius":{"unit":"px","top":"0","right":"0","bottom":"0","left":"0","isLinked":false}},"elements":[{"id":"1d57b461","settings":{"_skin":"cards","classic_meta_separator":"\/\/\/","classic_read_more_text":"Read More \u00bb","cards_item_ratio":{"unit":"px","size":0.7,"sizes":[]},"cards_meta_separator":"","cards_show_read_more":"","cards_read_more_text":"Read More \u00bb","cards_show_avatar":"","cards_column_gap":{"unit":"px","size":25,"sizes":[]},"cards_row_gap":{"unit":"px","size":25,"sizes":[]},"cards_alignment":"center","cards_image_spacing":{"unit":"px","size":0,"sizes":[]},"cards_badge_radius":{"unit":"px","size":50,"sizes":[]},"cards_badge_size":{"unit":"px","size":12,"sizes":[]},"cards_badge_margin":{"unit":"px","size":10,"sizes":[]},"cards_badge_typography_typography":"custom","cards_title_typography_typography":"custom","cards_title_typography_font_family":"Happy Monkey","cards_title_typography_font_size":{"unit":"px","size":20,"sizes":[]},"cards_title_typography_line_height":{"unit":"em","size":1.3,"sizes":[]},"pagination_page_limit":"5","pagination_prev_label":"&laquo; ","pagination_next_label":"&raquo;","cards_meta_data":[],"cards_card_border_radius":{"unit":"px","size":5,"sizes":[]},"cards_title_color":"#0AAC8E","cards_title_typography_font_weight":"600","cards_title_spacing":{"unit":"px","size":11,"sizes":[]},"cards_read_more_spacing":{"unit":"px","size":0,"sizes":[]},"cards_posts_per_page":9,"pagination_type":"numbers_and_prev_next","custom_css":".page-numbers{\n    margin-top: 2%;\n    height: 50px;\n    width: 50px;\n    line-height: 50px;\n    text-align: center;\n    display: inline-block;\n    text-decoration: none;\n    color: #767676;\n    cursor: pointer;\n    background: #fff;\n    border-radius: 25px;\n    margin-left: 5px;\n    margin-right: 5px;\n    border: 1px solid #ebebeb;\n    font-weight: 700;\n}\n.elementor-post__card:hover {\n    transform: translateY(-5px);\n\n}","cards_thumbnail_size_size":"medium_large","full_content_meta_separator":"\/\/\/","cards_card_padding":{"unit":"px","size":20,"sizes":[]},"cards_hover_effect":"none","cards_excerpt_color":"#777777","cards_excerpt_typography_typography":"custom","cards_excerpt_typography_font_family":"Roboto","cards_excerpt_typography_font_size":{"unit":"px","size":16,"sizes":[]},"cards_excerpt_typography_font_weight":"400","cards_badge_position":"left","cards_badge_bg_color":"#0AAC8E","cards_badge_typography_font_family":"Roboto","cards_badge_typography_font_weight":"600","cards_excerpt_length":40},"elements":[],"isInner":false,"widgetType":"posts","elType":"widget"}],"isInner":false,"elType":"column"}],"isInner":false,"elType":"section"}]}