{"version":"0.4","title":"#ST &#8211; Nav","type":"header","content":[{"id":"76c56884","settings":{"background_background":"classic","background_color":"#1abc9c","padding":{"unit":"px","top":"0","right":"0","bottom":"0","left":"0","isLinked":true},"custom_css":"selector {width:100%;max-width:1024px;margin:0 auto;}","background_image":{"url":"","id":null},"background_image_tablet":{"url":"","id":null},"background_image_mobile":{"url":"","id":null},"background_video_fallback":{"url":"","id":null},"background_slideshow_gallery":[],"background_hover_image":{"url":"","id":null},"background_hover_image_tablet":{"url":"","id":null},"background_hover_image_mobile":{"url":"","id":null},"background_hover_video_fallback":{"url":"","id":null},"background_hover_slideshow_gallery":[],"background_overlay_image":{"url":"","id":null},"background_overlay_image_tablet":{"url":"","id":null},"background_overlay_image_mobile":{"url":"","id":null},"background_overlay_video_fallback":{"url":"","id":null},"background_overlay_slideshow_gallery":[],"background_overlay_hover_image":{"url":"","id":null},"background_overlay_hover_image_tablet":{"url":"","id":null},"background_overlay_hover_image_mobile":{"url":"","id":null},"background_overlay_hover_video_fallback":{"url":"","id":null},"background_overlay_hover_slideshow_gallery":[]},"elements":[{"id":"f5bb035","settings":{"_column_size":100,"background_image":{"url":"","id":null},"background_image_tablet":{"url":"","id":null},"background_image_mobile":{"url":"","id":null},"background_video_fallback":{"url":"","id":null},"background_slideshow_gallery":[],"background_hover_image":{"url":"","id":null},"background_hover_image_tablet":{"url":"","id":null},"background_hover_image_mobile":{"url":"","id":null},"background_hover_video_fallback":{"url":"","id":null},"background_hover_slideshow_gallery":[],"background_overlay_image":{"url":"","id":null},"background_overlay_image_tablet":{"url":"","id":null},"background_overlay_image_mobile":{"url":"","id":null},"background_overlay_video_fallback":{"url":"","id":null},"background_overlay_slideshow_gallery":[],"background_overlay_hover_image":{"url":"","id":null},"background_overlay_hover_image_tablet":{"url":"","id":null},"background_overlay_hover_image_mobile":{"url":"","id":null},"background_overlay_hover_video_fallback":{"url":"","id":null},"background_overlay_hover_slideshow_gallery":[]},"elements":[{"id":"3d1293e3","settings":{"view":"inline","icon_list":[{"text":"admin@solusitani.id","selected_icon":{"value":"far fa-envelope-open","library":"fa-regular"},"_id":"6510ce0","link":{"url":"","is_external":"","nofollow":"","custom_attributes":""}},{"text":"081259867217","selected_icon":{"value":"fas fa-phone-alt","library":"fa-solid"},"_id":"326d53d","link":{"url":"","is_external":"","nofollow":"","custom_attributes":""}},{"text":"07.00 - 22.00 WIB","selected_icon":{"value":"far fa-clock","library":"fa-regular"},"_id":"1c62f59","link":{"url":"","is_external":"","nofollow":"","custom_attributes":""}}],"space_between":{"unit":"px","size":40,"sizes":[]},"space_between_mobile":{"unit":"px","size":7,"sizes":[]},"icon_align":"center","icon_align_mobile":"left","divider_weight":{"unit":"px","size":2,"sizes":[]},"divider_color":"#ffffff","icon_color":"#ffffff","icon_size_mobile":{"unit":"px","size":9,"sizes":[]},"text_color":"#ffffff","icon_typography_typography":"custom","icon_typography_font_family":"Source Sans Pro","icon_typography_font_size":{"unit":"px","size":16,"sizes":[]},"icon_typography_font_size_mobile":{"unit":"px","size":11,"sizes":[]},"icon_typography_font_weight":"400","_background_image":{"url":"","id":null},"_background_image_tablet":{"url":"","id":null},"_background_image_mobile":{"url":"","id":null},"_background_video_fallback":{"url":"","id":null},"_background_slideshow_gallery":[],"_background_hover_image":{"url":"","id":null},"_background_hover_image_tablet":{"url":"","id":null},"_background_hover_image_mobile":{"url":"","id":null},"_background_hover_video_fallback":{"url":"","id":null},"_background_hover_slideshow_gallery":[]},"elements":[],"isInner":false,"widgetType":"icon-list","elType":"widget"}],"isInner":false,"elType":"column"}],"isInner":false,"elType":"section"},{"id":"559890ba","settings":{"background_background":"classic","background_color":"#ffffff","custom_css":"selector {width:100%;max-width:1024px;margin:0 auto;}","gap":"no","margin":{"unit":"px","top":"","right":0,"bottom":"","left":0,"isLinked":true},"padding":{"unit":"px","top":"30","right":"0","bottom":"0","left":"0","isLinked":false},"padding_mobile":{"unit":"px","top":"0","right":"0","bottom":"0","left":"0","isLinked":false},"background_image":{"url":"","id":null},"background_image_tablet":{"url":"","id":null},"background_image_mobile":{"url":"","id":null},"background_video_fallback":{"url":"","id":null},"background_slideshow_gallery":[],"background_hover_image":{"url":"","id":null},"background_hover_image_tablet":{"url":"","id":null},"background_hover_image_mobile":{"url":"","id":null},"background_hover_video_fallback":{"url":"","id":null},"background_hover_slideshow_gallery":[],"background_overlay_image":{"url":"","id":null},"background_overlay_image_tablet":{"url":"","id":null},"background_overlay_image_mobile":{"url":"","id":null},"background_overlay_video_fallback":{"url":"","id":null},"background_overlay_slideshow_gallery":[],"background_overlay_hover_image":{"url":"","id":null},"background_overlay_hover_image_tablet":{"url":"","id":null},"background_overlay_hover_image_mobile":{"url":"","id":null},"background_overlay_hover_video_fallback":{"url":"","id":null},"background_overlay_hover_slideshow_gallery":[]},"elements":[{"id":"68529f0c","settings":{"_column_size":100,"background_image":{"url":"","id":null},"background_image_tablet":{"url":"","id":null},"background_image_mobile":{"url":"","id":null},"background_video_fallback":{"url":"","id":null},"background_slideshow_gallery":[],"background_hover_image":{"url":"","id":null},"background_hover_image_tablet":{"url":"","id":null},"background_hover_image_mobile":{"url":"","id":null},"background_hover_video_fallback":{"url":"","id":null},"background_hover_slideshow_gallery":[],"background_overlay_image":{"url":"","id":null},"background_overlay_image_tablet":{"url":"","id":null},"background_overlay_image_mobile":{"url":"","id":null},"background_overlay_video_fallback":{"url":"","id":null},"background_overlay_slideshow_gallery":[],"background_overlay_hover_image":{"url":"","id":null},"background_overlay_hover_image_tablet":{"url":"","id":null},"background_overlay_hover_image_mobile":{"url":"","id":null},"background_overlay_hover_video_fallback":{"url":"","id":null},"background_overlay_hover_slideshow_gallery":[]},"elements":[{"id":"20f364d1","settings":{"image":{"id":641,"url":"https:\/\/wordpress-118914-1748443.cloudwaysapps.com\/wp-content\/uploads\/2021\/02\/logo-solusi-tani-.id-min.png"},"hide_mobile":"hidden-phone","_background_image":{"url":"","id":null},"_background_image_tablet":{"url":"","id":null},"_background_image_mobile":{"url":"","id":null},"_background_video_fallback":{"url":"","id":null},"_background_slideshow_gallery":[],"_background_hover_image":{"url":"","id":null},"_background_hover_image_tablet":{"url":"","id":null},"_background_hover_image_mobile":{"url":"","id":null},"_background_hover_video_fallback":{"url":"","id":null},"_background_hover_slideshow_gallery":[]},"elements":[],"isInner":false,"widgetType":"image","elType":"widget"},{"id":"2bee9a0c","settings":{"view":"inline","icon_list":[{"text":"Home","selected_icon":{"value":"fas fa-home","library":"fa-solid"},"_id":"5586bd7","link":{"url":"http:\/\/www.solusitani.id\/","is_external":"","nofollow":"","custom_attributes":""}},{"text":"Produk","selected_icon":{"value":"fas fa-cubes","library":"fa-solid"},"_id":"3c0b3b8","link":{"url":"http:\/\/www.solusitani.id\/#produk","is_external":"","nofollow":"","custom_attributes":""}},{"text":"Profil","selected_icon":{"value":"fas fa-user","library":"fa-solid"},"_id":"76bbd43","link":{"url":"http:\/\/www.solusitani.id\/#profil","is_external":"","nofollow":"","custom_attributes":""}},{"text":"Contact","selected_icon":{"value":"fas fa-phone-alt","library":"fa-solid"},"link":{"url":"http:\/\/www.solusitani.id\/#kontak","is_external":"","nofollow":"","custom_attributes":""},"_id":"f3a02f5"}],"icon_align":"center","icon_color":"#1abc9c","text_color":"#1abc9c","icon_typography_typography":"custom","icon_typography_font_family":"Source Sans Pro","icon_typography_font_weight":"600","icon_typography_text_transform":"uppercase","_margin":{"unit":"px","top":"0","right":"0","bottom":"0","left":"0","isLinked":false},"_padding":{"unit":"px","top":"15","right":"15","bottom":"15","left":"15","isLinked":true},"sticky":"top","_background_background":"classic","_background_color":"#ffffff","hide_mobile":"hidden-phone","custom_css":"selector.elementor-sticky--effects{\r\n   box-shadow: 0 10px 23px 0 rgba(0,0,0,.20)\r\n}\r\n\r\nselector{\r\n   transition: box-shadow 2s ease \r\n}\r\n\r\nselector .elementor-widget:not(:last-child) {margin:0;}\r\n","_background_image":{"url":"","id":null},"_background_image_tablet":{"url":"","id":null},"_background_image_mobile":{"url":"","id":null},"_background_video_fallback":{"url":"","id":null},"_background_slideshow_gallery":[],"_background_hover_image":{"url":"","id":null},"_background_hover_image_tablet":{"url":"","id":null},"_background_hover_image_mobile":{"url":"","id":null},"_background_hover_video_fallback":{"url":"","id":null},"_background_hover_slideshow_gallery":[]},"elements":[],"isInner":false,"widgetType":"icon-list","elType":"widget"},{"id":"6b761e00","settings":{"structure":"20","background_background":"classic","background_color":"#ffffff","sticky":"top","hide_desktop":"hidden-desktop","hide_tablet":"hidden-tablet","custom_css":"selector.elementor-sticky--effects{\r\n   box-shadow: 0 10px 23px 0 rgba(0,0,0,.20)\r\n}\r\n\r\nselector{\r\n   transition: box-shadow 2s ease \r\n}\r\n","background_image":{"url":"","id":null},"background_image_tablet":{"url":"","id":null},"background_image_mobile":{"url":"","id":null},"background_video_fallback":{"url":"","id":null},"background_slideshow_gallery":[],"background_hover_image":{"url":"","id":null},"background_hover_image_tablet":{"url":"","id":null},"background_hover_image_mobile":{"url":"","id":null},"background_hover_video_fallback":{"url":"","id":null},"background_hover_slideshow_gallery":[],"background_overlay_image":{"url":"","id":null},"background_overlay_image_tablet":{"url":"","id":null},"background_overlay_image_mobile":{"url":"","id":null},"background_overlay_video_fallback":{"url":"","id":null},"background_overlay_slideshow_gallery":[],"background_overlay_hover_image":{"url":"","id":null},"background_overlay_hover_image_tablet":{"url":"","id":null},"background_overlay_hover_image_mobile":{"url":"","id":null},"background_overlay_hover_video_fallback":{"url":"","id":null},"background_overlay_hover_slideshow_gallery":[]},"elements":[{"id":"7b75c3fa","settings":{"_column_size":50,"_inline_size":null,"_inline_size_mobile":70,"content_position_mobile":"center","background_image":{"url":"","id":null},"background_image_tablet":{"url":"","id":null},"background_image_mobile":{"url":"","id":null},"background_video_fallback":{"url":"","id":null},"background_slideshow_gallery":[],"background_hover_image":{"url":"","id":null},"background_hover_image_tablet":{"url":"","id":null},"background_hover_image_mobile":{"url":"","id":null},"background_hover_video_fallback":{"url":"","id":null},"background_hover_slideshow_gallery":[],"background_overlay_image":{"url":"","id":null},"background_overlay_image_tablet":{"url":"","id":null},"background_overlay_image_mobile":{"url":"","id":null},"background_overlay_video_fallback":{"url":"","id":null},"background_overlay_slideshow_gallery":[],"background_overlay_hover_image":{"url":"","id":null},"background_overlay_hover_image_tablet":{"url":"","id":null},"background_overlay_hover_image_mobile":{"url":"","id":null},"background_overlay_hover_video_fallback":{"url":"","id":null},"background_overlay_hover_slideshow_gallery":[]},"elements":[{"id":"11138028","settings":{"image":{"id":641,"url":"https:\/\/wordpress-118914-1748443.cloudwaysapps.com\/wp-content\/uploads\/2021\/02\/logo-solusi-tani-.id-min.png"},"align_mobile":"left","space_mobile":{"unit":"%","size":65,"sizes":[]},"_background_image":{"url":"","id":null},"_background_image_tablet":{"url":"","id":null},"_background_image_mobile":{"url":"","id":null},"_background_video_fallback":{"url":"","id":null},"_background_slideshow_gallery":[],"_background_hover_image":{"url":"","id":null},"_background_hover_image_tablet":{"url":"","id":null},"_background_hover_image_mobile":{"url":"","id":null},"_background_hover_video_fallback":{"url":"","id":null},"_background_hover_slideshow_gallery":[]},"elements":[],"isInner":false,"widgetType":"image","elType":"widget"}],"isInner":true,"elType":"column"},{"id":"79e32333","settings":{"_column_size":50,"_inline_size":null,"_inline_size_mobile":30,"content_position_mobile":"center","background_image":{"url":"","id":null},"background_image_tablet":{"url":"","id":null},"background_image_mobile":{"url":"","id":null},"background_video_fallback":{"url":"","id":null},"background_slideshow_gallery":[],"background_hover_image":{"url":"","id":null},"background_hover_image_tablet":{"url":"","id":null},"background_hover_image_mobile":{"url":"","id":null},"background_hover_video_fallback":{"url":"","id":null},"background_hover_slideshow_gallery":[],"background_overlay_image":{"url":"","id":null},"background_overlay_image_tablet":{"url":"","id":null},"background_overlay_image_mobile":{"url":"","id":null},"background_overlay_video_fallback":{"url":"","id":null},"background_overlay_slideshow_gallery":[],"background_overlay_hover_image":{"url":"","id":null},"background_overlay_hover_image_tablet":{"url":"","id":null},"background_overlay_hover_image_mobile":{"url":"","id":null},"background_overlay_hover_video_fallback":{"url":"","id":null},"background_overlay_hover_slideshow_gallery":[]},"elements":[{"id":"572a276f","settings":{"full_width":"stretch","toggle_align":"right","_margin_mobile":{"unit":"px","top":"0","right":"0","bottom":"0","left":"0","isLinked":false},"toggle_color":"#ffffff","toggle_background_color":"#1abc9c","_background_image":{"url":"","id":null},"_background_image_tablet":{"url":"","id":null},"_background_image_mobile":{"url":"","id":null},"_background_video_fallback":{"url":"","id":null},"_background_slideshow_gallery":[],"_background_hover_image":{"url":"","id":null},"_background_hover_image_tablet":{"url":"","id":null},"_background_hover_image_mobile":{"url":"","id":null},"_background_hover_video_fallback":{"url":"","id":null},"_background_hover_slideshow_gallery":[]},"elements":[],"isInner":false,"widgetType":"nav-menu","elType":"widget"}],"isInner":true,"elType":"column"}],"isInner":true,"elType":"section"}],"isInner":false,"elType":"column"}],"isInner":false,"elType":"section"}]}