{"version":"0.4","title":"#JP \u2013 Footer","type":"footer","content":[{"id":"6bc9a0fd","settings":{"layout":"full_width","background_background":"classic","background_color":"#000000","custom_css":"#floating {\n  position: fixed;\n    bottom:0px;\n    right: 0px;\n    left:0px;\n}","margin":{"unit":"px","top":"","right":0,"bottom":"","left":0,"isLinked":true},"padding":{"unit":"px","top":"10","right":"0","bottom":"75","left":"0","isLinked":false},"padding_tablet":{"unit":"px","top":"10","right":"0","bottom":"55","left":"0","isLinked":false}},"elements":[{"id":"7a2ea069","settings":{"_column_size":100},"elements":[{"id":"5f59b002","settings":{"title":"\u00a9 2020 Kontraktor Jasa Pembuatan Lapangan","header_size":"p","align":"center","title_color":"#ffffff","typography_typography":"custom","typography_font_size":{"unit":"px","size":15},"typography_font_weight":"400","typography_font_family":"Roboto"},"elements":[],"isInner":false,"widgetType":"heading","elType":"widget"}],"isInner":false,"elType":"column"}],"isInner":false,"elType":"section"},{"id":"19f9ec53","settings":{"layout":"full_width","gap":"narrow","structure":"20","background_background":"classic","background_color":"#ffffff","_element_id":"floating","hide_desktop":"hidden-desktop","z_index":10,"sticky":"bottom"},"elements":[{"id":"3c579d9e","settings":{"_column_size":50,"_inline_size":50,"_inline_size_mobile":50},"elements":[{"id":"4015f162","settings":{"text":"Telepon","link":{"url":"tel:+6281359989458","is_external":"","nofollow":""},"align":"justify","background_color":"#4054B2","button_css_id":"telhp","selected_icon":{"value":"fas fa-phone-alt","library":"fa-solid"},"typography_typography":"custom","typography_font_size_mobile":{"unit":"px","size":14,"sizes":[]},"typography_letter_spacing_mobile":{"unit":"px","size":1,"sizes":[]},"border_radius":{"unit":"px","top":"100","right":"100","bottom":"100","left":"100","isLinked":true}},"elements":[],"isInner":false,"widgetType":"button","elType":"widget"}],"isInner":true,"elType":"column"},{"id":"2cd4fefa","settings":{"_column_size":50,"_inline_size":49.987,"_inline_size_mobile":50},"elements":[{"id":"f7ebed6","settings":{"text":"Whatsapp","link":{"url":"http:\/\/wa.me\/6281359989458","is_external":"","nofollow":""},"align":"justify","background_color":"#0AAC8E","button_css_id":"whatsapp","selected_icon":{"value":"fab fa-whatsapp","library":"fa-brands"},"typography_typography":"custom","typography_font_size_mobile":{"unit":"px","size":14,"sizes":[]},"typography_letter_spacing_mobile":{"unit":"px","size":1,"sizes":[]},"border_radius":{"unit":"px","top":"100","right":"100","bottom":"100","left":"100","isLinked":true},"custom_css":".generate-back-to-top {display:none;}"},"elements":[],"isInner":false,"widgetType":"button","elType":"widget"}],"isInner":true,"elType":"column"}],"isInner":true,"elType":"section"},{"id":"354c7df9","settings":{"layout":"full_width","background_background":"classic","background_color":"#ffffff","hide_tablet":"hidden-tablet","hide_mobile":"hidden-phone","_element_id":"floating","sticky":"bottom"},"elements":[{"id":"27fe9646","settings":{"_column_size":100},"elements":[{"id":"66bb1a6f","settings":{"text":"Telepon 0813-5998-9458","align":"justify","size":"md","background_color":"#0AAC8E","button_css_id":"telpc","_z_index":10,"hide_tablet":"hidden-tablet","hide_mobile":"hidden-phone","link":{"url":"http:\/\/wa.me\/6281359989458","is_external":"","nofollow":""},"selected_icon":{"value":"fas fa-phone-alt","library":"fa-solid"},"typography_typography":"custom","typography_text_transform":"uppercase","border_radius":{"unit":"px","top":"100","right":"100","bottom":"100","left":"100","isLinked":true}},"elements":[],"isInner":false,"widgetType":"button","elType":"widget"}],"isInner":false,"elType":"column"}],"isInner":false,"elType":"section"}]}